asset_id,date,price,source,sale_type,status,outlier,url
a12335b9-3f70-4eb1-b44a-16a5ae8f984d,2026-09-20,549,eBay,BUY_IT_NOW,ok,0,https://www.ebay.com/itm/168604698155
a12335b9-3f70-4eb1-b44a-16a5ae8f984d,2026-09-14,425,eBay,BEST_OFFER,ok,0,https://www.ebay.com/itm/158286306339
a12335b9-3f70-4eb1-b44a-16a5ae8f984d,2026-09-09,511.88,eBay,AUCTION,ok,0,https://www.ebay.com/itm/800603646674
a12335b9-3f70-4eb1-b44a-16a5ae8f984d,2026-09-06,524.99,eBay,BEST_OFFER,ok,0,https://www.ebay.com/itm/128058284763
a12335b9-3f70-4eb1-b44a-16a5ae8f984d,2026-09-06,384,PWCC Weekly Auctions,AUCTION,ok,0,https://www.fanaticscollect.com/weekly/38ed0e24-9d49-11f1-be3a-02ffc451d6db
a12335b9-3f70-4eb1-b44a-16a5ae8f984d,2026-09-05,500,eBay,BEST_OFFER,ok,0,https://www.ebay.com/itm/336162504073
a12335b9-3f70-4eb1-b44a-16a5ae8f984d,2026-09-04,465,eBay,BEST_OFFER,ok,0,https://www.ebay.com/itm/257710898686
a12335b9-3f70-4eb1-b44a-16a5ae8f984d,2026-09-01,450,PWCC Fixed Price,BEST_OFFER,ok,0,https://www.fanaticscollect.com/buy-now/d0d5163d-85b9-4acc-a45f-0603a8d8c263
a12335b9-3f70-4eb1-b44a-16a5ae8f984d,2026-09-01,400,eBay,BEST_OFFER,ok,0,https://www.ebay.com/itm/298588097962
a12335b9-3f70-4eb1-b44a-16a5ae8f984d,2026-08-31,455,eBay,AUCTION,ok,0,https://www.ebay.com/itm/158225596789
a1ed6fc3-20a8-4551-b48d-72359eaae4d1,2026-09-20,50,eBay,BEST_OFFER,ok,0,https://www.ebay.com/itm/800652615646
a1ed6fc3-20a8-4551-b48d-72359eaae4d1,2026-09-17,60,Alt,AUCTION,PAYMENT_INITIATED,0,https://alt.xyz/exchange/select-listing?ids=b12433c7-7b3b-4225-8a04-6a79e49a430c
a1ed6fc3-20a8-4551-b48d-72359eaae4d1,2026-09-17,55,eBay,BEST_OFFER,ok,0,https://www.ebay.com/itm/177898332394
a1ed6fc3-20a8-4551-b48d-72359eaae4d1,2026-09-17,51,eBay,BEST_OFFER,ok,0,https://www.ebay.com/itm/188604415726
a1ed6fc3-20a8-4551-b48d-72359eaae4d1,2026-09-14,56,eBay,AUCTION,ok,0,https://www.ebay.com/itm/318838171922
a1ed6fc3-20a8-4551-b48d-72359eaae4d1,2026-09-13,60,eBay,BEST_OFFER,ok,0,https://www.ebay.com/itm/398362083754
a1ed6fc3-20a8-4551-b48d-72359eaae4d1,2026-09-12,75,eBay,BEST_OFFER,ok,0,https://www.ebay.com/itm/407152851152
a1ed6fc3-20a8-4551-b48d-72359eaae4d1,2026-09-12,49,eBay,BEST_OFFER,ok,0,https://www.ebay.com/itm/267777355465
a1ed6fc3-20a8-4551-b48d-72359eaae4d1,2026-09-06,59.99,eBay,BUY_IT_NOW,ok,0,https://www.ebay.com/itm/377462692336
a1ed6fc3-20a8-4551-b48d-72359eaae4d1,2026-09-04,40,eBay,BEST_OFFER,ok,0,https://www.ebay.com/itm/128032205225
a1664ae1-cb9e-4714-b8f2-28ea8e402011,2026-09-12,339.95,eBay,BUY_IT_NOW,ok,0,https://www.ebay.com/itm/178483263510
a1664ae1-cb9e-4714-b8f2-28ea8e402011,2026-09-06,340,eBay,AUCTION,ok,0,https://www.ebay.com/itm/267769108769
a1664ae1-cb9e-4714-b8f2-28ea8e402011,2026-09-06,276,PWCC Weekly Auctions,AUCTION,ok,0,https://www.fanaticscollect.com/weekly/2a3a3e40-9e3b-11f1-be01-0a58a9feac02
a1664ae1-cb9e-4714-b8f2-28ea8e402011,2026-09-05,350.05,eBay,BUY_IT_NOW,ok,0,https://www.ebay.com/itm/206425544086
a1664ae1-cb9e-4714-b8f2-28ea8e402011,2026-08-30,385,eBay,AUCTION,ok,0,https://www.ebay.com/itm/287541277177
a1664ae1-cb9e-4714-b8f2-28ea8e402011,2026-08-30,305,eBay,BEST_OFFER,ok,0,https://www.ebay.com/itm/318800966630
a1664ae1-cb9e-4714-b8f2-28ea8e402011,2026-08-23,325,eBay,BEST_OFFER,ok,0,https://www.ebay.com/itm/137626226788
a1664ae1-cb9e-4714-b8f2-28ea8e402011,2026-08-23,315,eBay,AUCTION,ok,0,https://www.ebay.com/itm/188797352821
a1664ae1-cb9e-4714-b8f2-28ea8e402011,2026-08-18,305,eBay,BUY_IT_NOW,ok,0,https://www.ebay.com/itm/318740778836
a1664ae1-cb9e-4714-b8f2-28ea8e402011,2026-08-13,267.6,Alt,AUCTION,ok,0,https://alt.xyz/exchange/select-listing?ids=7dd2a89d-75da-4b55-8865-946f8784d492
a1421edd-cc50-4403-ab62-acc4d27498ab,2026-09-22,33.42,eBay,BEST_OFFER,ok,0,https://www.ebay.com/itm/318848000309
a1421edd-cc50-4403-ab62-acc4d27498ab,2026-09-22,26,eBay,BEST_OFFER,ok,0,https://www.ebay.com/itm/198519258503
a1421edd-cc50-4403-ab62-acc4d27498ab,2026-09-20,40,eBay,BUY_IT_NOW,ok,0,https://www.ebay.com/itm/377219670778
a1421edd-cc50-4403-ab62-acc4d27498ab,2026-09-20,29,eBay,AUCTION,ok,0,https://www.ebay.com/itm/117407581113
a1421edd-cc50-4403-ab62-acc4d27498ab,2026-09-14,26.1,eBay,AUCTION,ok,0,https://www.ebay.com/itm/158268318046
a1421edd-cc50-4403-ab62-acc4d27498ab,2026-09-13,37,eBay,AUCTION,ok,0,https://www.ebay.com/itm/287565393834
a1421edd-cc50-4403-ab62-acc4d27498ab,2026-09-10,33.99,eBay,BEST_OFFER,ok,0,https://www.ebay.com/itm/128046390953
a1421edd-cc50-4403-ab62-acc4d27498ab,2026-09-08,31,eBay,AUCTION,ok,0,https://www.ebay.com/itm/287558968056
a1421edd-cc50-4403-ab62-acc4d27498ab,2026-09-01,35.99,eBay,BUY_IT_NOW,ok,0,https://www.ebay.com/itm/137002447247
a1421edd-cc50-4403-ab62-acc4d27498ab,2026-08-31,33.85,eBay,BEST_OFFER,ok,0,https://www.ebay.com/itm/318693632252
a19d05ac-721c-4841-872f-800fdd23d038,2026-08-17,53,eBay,AUCTION,ok,0,https://www.ebay.com/itm/800487821891
a19d05ac-721c-4841-872f-800fdd23d038,2026-07-17,56,eBay,AUCTION,ok,0,https://www.ebay.com/itm/298494170333
a19d05ac-721c-4841-872f-800fdd23d038,2026-06-22,47,eBay,AUCTION,ok,0,https://www.ebay.com/itm/377264703954
a19d05ac-721c-4841-872f-800fdd23d038,2026-06-22,40.38,eBay,AUCTION,ok,0,https://www.ebay.com/itm/800184676037
a19d05ac-721c-4841-872f-800fdd23d038,2026-06-22,40.38,eBay,AUCTION,ok,0,https://www.ebay.com/itm/377264753803
a19d05ac-721c-4841-872f-800fdd23d038,2026-05-24,48,eBay,AUCTION,ok,0,https://www.ebay.com/itm/287331592840
a19d05ac-721c-4841-872f-800fdd23d038,2026-05-15,99.95,eBay,BEST_OFFER,ok,0,https://www.ebay.com/itm/227344867354
a19d05ac-721c-4841-872f-800fdd23d038,2026-04-28,62,eBay,AUCTION,ok,0,https://www.ebay.com/itm/306892429681
a19d05ac-721c-4841-872f-800fdd23d038,2026-03-17,46,eBay,AUCTION,ok,0,https://www.ebay.com/itm/117078442084
a19d05ac-721c-4841-872f-800fdd23d038,2025-12-19,38,eBay,AUCTION,ok,0,https://www.ebay.com/itm/366058013822
a1e85907-8b5a-4b79-a06d-acd3e170e43a,2026-06-03,39.49,eBay,BUY_IT_NOW,ok,0,https://www.ebay.com/itm/306896996070
a1e85907-8b5a-4b79-a06d-acd3e170e43a,2026-02-07,7.5,eBay,AUCTION,ok,0,https://www.ebay.com/itm/306738849460
a1e85907-8b5a-4b79-a06d-acd3e170e43a,2025-12-10,24.99,eBay,BUY_IT_NOW,ok,0,https://www.ebay.com/itm/197939210887
a1e85907-8b5a-4b79-a06d-acd3e170e43a,2025-06-16,25,eBay,BEST_OFFER,ok,0,https://www.ebay.com/itm/375220917346
a1e85907-8b5a-4b79-a06d-acd3e170e43a,2025-01-29,11.5,eBay,AUCTION,ok,0,https://www.ebay.com/itm/2019-POKEMON-JAPANESE-SUN-MOON-DETECTIVE-PIKACHU-16-MEWTWO-PSA-9-/306055273158
a1e85907-8b5a-4b79-a06d-acd3e170e43a,2024-12-05,24.21,eBay,BEST_OFFER,ok,0,https://www.ebay.com/itm/Mewtwo-016-024-Detective-Pikachu-Japanese-2019-Pokemon-PSA-9-/226425016035
a1e85907-8b5a-4b79-a06d-acd3e170e43a,2024-11-24,3.25,eBay,AUCTION,ok,0,https://www.ebay.com/itm/Mewtwo-016-024-Detective-Pikachu-Japanese-2019-Pokemon-PSA-9-/305915986773
a1e85907-8b5a-4b79-a06d-acd3e170e43a,2024-08-09,11.5,eBay,AUCTION,ok,0,https://www.ebay.com/itm/2019-POKEMON-JAPANESE-SUN-MOON-DETECTIVE-PIKACHU-16-MEWTWO-PSA-9-/305694150373
a1e85907-8b5a-4b79-a06d-acd3e170e43a,2024-08-09,11.02,eBay,AUCTION,ok,0,https://www.ebay.com/itm/2019-POKEMON-JAPANESE-SUN-MOON-DETECTIVE-PIKACHU-16-MEWTWO-PSA-9-/305694150504
a1e85907-8b5a-4b79-a06d-acd3e170e43a,2024-06-16,7.27,eBay,AUCTION,ok,0,https://www.ebay.com/itm/Pokemon-Mewtwo-Detective-Pikachu-smP2-Japanese-Reverse-Holo-016-PSA-9-Mint-/296491435099
a1240276-a77b-40df-9ada-18ea4df0639c,2026-09-14,1487,eBay,BEST_OFFER,ok,0,https://www.ebay.com/itm/158027698024
a1240276-a77b-40df-9ada-18ea4df0639c,2026-09-10,787,eBay,AUCTION,ok,0,https://www.ebay.com/itm/188875692313
a1240276-a77b-40df-9ada-18ea4df0639c,2026-09-03,700,eBay,BEST_OFFER,ok,0,https://www.ebay.com/itm/298640002161
a1240276-a77b-40df-9ada-18ea4df0639c,2026-08-30,460,eBay,AUCTION,ok,0,https://www.ebay.com/itm/287541280815
a1240276-a77b-40df-9ada-18ea4df0639c,2026-08-16,520,eBay,BEST_OFFER,ok,0,https://www.ebay.com/itm/188763871156
a1240276-a77b-40df-9ada-18ea4df0639c,2026-05-30,305.36,eBay,AUCTION,ok,0,https://www.ebay.com/itm/306950012235
a1240276-a77b-40df-9ada-18ea4df0639c,2026-05-02,449.99,eBay,BEST_OFFER,ok,0,https://www.ebay.com/itm/157877353512
a1240276-a77b-40df-9ada-18ea4df0639c,2026-04-30,320,eBay,AUCTION,ok,0,https://www.ebay.com/itm/366365556382
a1240276-a77b-40df-9ada-18ea4df0639c,2026-04-26,286.7,Goldin Auctions,AUCTION,ok,0,https://goldin.co/item/2002-pokemon-expedition-holo-18-meganium-psa-mint-9i4k1s
a1240276-a77b-40df-9ada-18ea4df0639c,2026-04-05,382,eBay,AUCTION,ok,0,https://www.ebay.com/itm/287237155970
a17d00e6-8840-4307-9a98-ebd6927ecd1d,2026-08-23,730,eBay,BUY_IT_NOW,ok,0,https://www.ebay.com/itm/257685217463
a17d00e6-8840-4307-9a98-ebd6927ecd1d,2026-07-20,968.54,eBay,BUY_IT_NOW,ok,0,https://www.ebay.com/itm/327211872118
a17d00e6-8840-4307-9a98-ebd6927ecd1d,2026-07-08,699.99,eBay,BUY_IT_NOW,ok,0,https://www.ebay.com/itm/406993760334
a17d00e6-8840-4307-9a98-ebd6927ecd1d,2026-07-06,604.69,eBay,AUCTION,ok,0,https://www.ebay.com/itm/298461868041
a17d00e6-8840-4307-9a98-ebd6927ecd1d,2026-06-24,600,eBay,BUY_IT_NOW,ok,0,https://www.ebay.com/itm/298419271146
a17d00e6-8840-4307-9a98-ebd6927ecd1d,2026-06-20,623,eBay,AUCTION,ok,0,https://www.ebay.com/itm/306992836634
a17d00e6-8840-4307-9a98-ebd6927ecd1d,2026-04-28,825,eBay,AUCTION,ok,0,https://www.ebay.com/itm/306892429728
a17d00e6-8840-4307-9a98-ebd6927ecd1d,2026-04-14,550,eBay,BEST_OFFER,ok,0,https://www.ebay.com/itm/137186996182
a17d00e6-8840-4307-9a98-ebd6927ecd1d,2026-04-12,650,eBay,AUCTION,ok,0,https://www.ebay.com/itm/188248247803
a17d00e6-8840-4307-9a98-ebd6927ecd1d,2026-04-06,580,eBay,AUCTION,ok,0,https://www.ebay.com/itm/177998343900
a188ed81-d3b9-4a09-8b48-2da86552e291,2026-09-19,72,eBay,AUCTION,ok,0,https://www.ebay.com/itm/298662300457
a188ed81-d3b9-4a09-8b48-2da86552e291,2026-09-12,120,eBay,BEST_OFFER,ok,0,https://www.ebay.com/itm/318699769819
a188ed81-d3b9-4a09-8b48-2da86552e291,2026-08-31,70,eBay,BEST_OFFER,ok,0,https://www.ebay.com/itm/407159228123
a188ed81-d3b9-4a09-8b48-2da86552e291,2026-08-20,70,eBay,BEST_OFFER,ok,0,https://www.ebay.com/itm/398294791804
a188ed81-d3b9-4a09-8b48-2da86552e291,2026-08-02,67.2,PWCC Weekly Auctions,AUCTION,ok,0,https://www.fanaticscollect.com/weekly/8d7907d4-8586-11f1-a931-0a0f8b986c27
a188ed81-d3b9-4a09-8b48-2da86552e291,2026-07-31,105,eBay,BUY_IT_NOW,ok,0,https://www.ebay.com/itm/137450052472
a188ed81-d3b9-4a09-8b48-2da86552e291,2026-07-28,42,eBay,AUCTION,ok,0,https://www.ebay.com/itm/178332568809
a188ed81-d3b9-4a09-8b48-2da86552e291,2026-07-03,100,eBay,BUY_IT_NOW,ok,0,https://www.ebay.com/itm/298472015281
a188ed81-d3b9-4a09-8b48-2da86552e291,2026-06-28,72,eBay,AUCTION,ok,0,https://www.ebay.com/itm/287397292758
a188ed81-d3b9-4a09-8b48-2da86552e291,2026-06-14,130,eBay,BEST_OFFER,ok,0,https://www.ebay.com/itm/800165899614
a10f8ce9-3247-4e70-a5dc-3bc209e7eced,2026-08-09,1387.08,eBay,BEST_OFFER,ok,0,https://www.ebay.com/itm/318291001617
a10f8ce9-3247-4e70-a5dc-3bc209e7eced,2026-03-24,1300,eBay,BUY_IT_NOW,ok,0,https://www.ebay.com/itm/117021502283
a10f8ce9-3247-4e70-a5dc-3bc209e7eced,2026-03-21,1200,eBay,AUCTION,ok,0,https://www.ebay.com/itm/188160007654
a10f8ce9-3247-4e70-a5dc-3bc209e7eced,2026-02-17,999.99,eBay,BEST_OFFER,ok,0,https://www.ebay.com/itm/296101836342
a10f8ce9-3247-4e70-a5dc-3bc209e7eced,2026-02-02,1000,eBay,BEST_OFFER,ok,0,https://www.ebay.com/itm/236568116647
a10f8ce9-3247-4e70-a5dc-3bc209e7eced,2025-10-20,281,eBay,AUCTION,ok,0,https://www.ebay.com/itm/376624386074
a10f8ce9-3247-4e70-a5dc-3bc209e7eced,2025-10-12,600,PWCC Weekly Auctions,AUCTION,ok,0,https://www.fanaticscollect.com/weekly/eef0ae28-9e4a-11f0-a543-0644df189b4d
a10f8ce9-3247-4e70-a5dc-3bc209e7eced,2025-09-17,649.75,eBay,BUY_IT_NOW,ok,0,https://www.ebay.com/itm/397067125028
a10f8ce9-3247-4e70-a5dc-3bc209e7eced,2025-08-31,480,PWCC Weekly Auctions,AUCTION,ok,0,https://www.fanaticscollect.com/weekly/076a6fb8-7e37-11f0-aea9-0a58a9feac02
a10f8ce9-3247-4e70-a5dc-3bc209e7eced,2025-08-29,600,eBay,BUY_IT_NOW,ok,0,https://www.ebay.com/itm/388837988834
a1b4e37e-fda6-4a55-b0c2-08890ecfac72,2026-09-22,2555,eBay,AUCTION,ok,0,https://www.ebay.com/itm/298674107101
a1b4e37e-fda6-4a55-b0c2-08890ecfac72,2026-09-22,2380,eBay,AUCTION,ok,0,https://www.ebay.com/itm/117412368347
a1b4e37e-fda6-4a55-b0c2-08890ecfac72,2026-09-13,3240,PWCC Weekly Auctions,AUCTION,ok,0,https://www.fanaticscollect.com/weekly/cb18051c-a6e3-11f1-a42d-0618f19e6943
a1b4e37e-fda6-4a55-b0c2-08890ecfac72,2026-09-04,2600,eBay,AUCTION,ok,0,https://www.ebay.com/itm/117382018273
a1b4e37e-fda6-4a55-b0c2-08890ecfac72,2026-09-02,3150,eBay,AUCTION,ok,0,https://www.ebay.com/itm/800568676984
a1b4e37e-fda6-4a55-b0c2-08890ecfac72,2026-08-25,3899,PWCC Fixed Price,BEST_OFFER,ok,0,https://www.fanaticscollect.com/buy-now/c3740555-e600-406c-8434-6a457270fe3d
a1b4e37e-fda6-4a55-b0c2-08890ecfac72,2026-08-16,3360,PWCC Weekly Auctions,AUCTION,ok,0,https://www.fanaticscollect.com/weekly/2f78de98-9332-11f1-893b-0a58a9feac02
a1b4e37e-fda6-4a55-b0c2-08890ecfac72,2026-07-26,2520,PWCC Weekly Auctions,AUCTION,ok,0,https://www.fanaticscollect.com/weekly/72b72b1c-7b48-11f1-9cb2-02fdf24c68cb
a1b4e37e-fda6-4a55-b0c2-08890ecfac72,2026-07-25,3250,eBay,AUCTION,ok,0,https://www.ebay.com/itm/298505084353
a1b4e37e-fda6-4a55-b0c2-08890ecfac72,2026-06-21,3550,eBay,AUCTION,ok,0,https://www.ebay.com/itm/800193563113
a1dc6303-ac16-470e-9b1d-ea113f48bd7a,2026-09-12,3000,eBay,BUY_IT_NOW,ok,0,https://www.ebay.com/itm/287345045168
a1dc6303-ac16-470e-9b1d-ea113f48bd7a,2026-09-02,2500,eBay,BEST_OFFER,ok,0,https://www.ebay.com/itm/117388813985
a1dc6303-ac16-470e-9b1d-ea113f48bd7a,2026-08-30,2520,PWCC Weekly Auctions,AUCTION,ok,0,https://www.fanaticscollect.com/weekly/aac354e4-9ae8-11f1-aa80-02ffc1925b3b
a1dc6303-ac16-470e-9b1d-ea113f48bd7a,2026-08-12,3000,eBay,BUY_IT_NOW,ok,0,https://www.ebay.com/itm/287508195982
a1dc6303-ac16-470e-9b1d-ea113f48bd7a,2026-08-01,2817.2,eBay,AUCTION,ok,0,https://www.ebay.com/itm/206439432066
a1dc6303-ac16-470e-9b1d-ea113f48bd7a,2026-07-20,2699.99,eBay,BUY_IT_NOW,ok,0,https://www.ebay.com/itm/117298046760
a1dc6303-ac16-470e-9b1d-ea113f48bd7a,2026-07-12,2025,eBay,AUCTION,ok,0,https://www.ebay.com/itm/287436134275
a1dc6303-ac16-470e-9b1d-ea113f48bd7a,2026-05-26,2180,eBay,AUCTION,ok,0,https://www.ebay.com/itm/377201166611
a1dc6303-ac16-470e-9b1d-ea113f48bd7a,2026-05-03,2800,eBay,AUCTION,ok,0,https://www.ebay.com/itm/287292290326
a1dc6303-ac16-470e-9b1d-ea113f48bd7a,2026-04-08,2605,eBay,AUCTION,ok,0,https://www.ebay.com/itm/389827355516
a1ee098f-9bb5-4c74-8042-524b03ecd8a5,2026-09-22,550,PWCC Fixed Price,BEST_OFFER,ok,0,https://www.fanaticscollect.com/buy-now/4b38bb92-fe0b-4d88-9734-54e31aeb14d5
a1ee098f-9bb5-4c74-8042-524b03ecd8a5,2026-09-13,480,PWCC Weekly Auctions,AUCTION,ok,0,https://www.fanaticscollect.com/weekly/a257cc04-a493-11f1-bbda-065d41047819
a1ee098f-9bb5-4c74-8042-524b03ecd8a5,2026-09-10,539.95,eBay,BUY_IT_NOW,ok,0,https://www.ebay.com/itm/318709143528
a1ee098f-9bb5-4c74-8042-524b03ecd8a5,2026-08-24,625,eBay,BEST_OFFER,ok,0,https://www.ebay.com/itm/820016997880
a1ee098f-9bb5-4c74-8042-524b03ecd8a5,2026-07-23,575.11,eBay,BUY_IT_NOW,ok,0,https://www.ebay.com/itm/287479733114
a1ee098f-9bb5-4c74-8042-524b03ecd8a5,2026-06-11,500,eBay,BUY_IT_NOW,ok,0,https://www.ebay.com/itm/287359598615
a1ee098f-9bb5-4c74-8042-524b03ecd8a5,2026-06-06,350,eBay,BEST_OFFER,ok,0,https://www.ebay.com/itm/198382153852
a1ee098f-9bb5-4c74-8042-524b03ecd8a5,2026-04-14,180,eBay,BUY_IT_NOW,ok,0,https://www.ebay.com/itm/318140534166
a1ee098f-9bb5-4c74-8042-524b03ecd8a5,2026-04-05,152.5,eBay,AUCTION,ok,0,https://www.ebay.com/itm/287235319029
a1ee098f-9bb5-4c74-8042-524b03ecd8a5,2026-01-26,90,eBay,BEST_OFFER,ok,0,https://www.ebay.com/itm/127645320790
a17aa71d-f00c-4ccd-84bf-6edf3cffacad,2026-09-12,330,eBay,AUCTION,ok,0,https://www.ebay.com/itm/117395695820
a17aa71d-f00c-4ccd-84bf-6edf3cffacad,2026-09-10,353,eBay,AUCTION,ok,0,https://www.ebay.com/itm/117391787406
a17aa71d-f00c-4ccd-84bf-6edf3cffacad,2026-09-10,351,eBay,AUCTION,ok,0,https://www.ebay.com/itm/117391801148
a17aa71d-f00c-4ccd-84bf-6edf3cffacad,2026-08-08,330,eBay,AUCTION,ok,0,https://www.ebay.com/itm/800479125916
a17aa71d-f00c-4ccd-84bf-6edf3cffacad,2026-08-02,380,eBay,BUY_IT_NOW,ok,0,https://www.ebay.com/itm/800344891164
a17aa71d-f00c-4ccd-84bf-6edf3cffacad,2026-07-26,375,eBay,BUY_IT_NOW,ok,0,https://www.ebay.com/itm/278205603750
a17aa71d-f00c-4ccd-84bf-6edf3cffacad,2026-07-19,411,eBay,AUCTION,ok,0,https://www.ebay.com/itm/298493429378
a17aa71d-f00c-4ccd-84bf-6edf3cffacad,2026-07-19,290,eBay,BUY_IT_NOW,ok,0,https://www.ebay.com/itm/117311739780
a17aa71d-f00c-4ccd-84bf-6edf3cffacad,2026-06-17,295.37,eBay,BUY_IT_NOW,ok,0,https://www.ebay.com/itm/227392405763
a17aa71d-f00c-4ccd-84bf-6edf3cffacad,2026-06-12,300,eBay,BEST_OFFER,ok,0,https://www.ebay.com/itm/336582283923
a1aa2a4b-e7d3-4db2-84c6-0fbffefba4b0,2026-09-17,899,eBay,BUY_IT_NOW,ok,0,https://www.ebay.com/itm/117363614917
a1aa2a4b-e7d3-4db2-84c6-0fbffefba4b0,2026-09-16,702,eBay,AUCTION,ok,0,https://www.ebay.com/itm/800631768349
a1aa2a4b-e7d3-4db2-84c6-0fbffefba4b0,2026-08-29,675,eBay,BEST_OFFER,ok,0,https://www.ebay.com/itm/257661916329
a1aa2a4b-e7d3-4db2-84c6-0fbffefba4b0,2026-08-25,599.99,eBay,BUY_IT_NOW,ok,0,https://www.ebay.com/itm/336709803517
a1aa2a4b-e7d3-4db2-84c6-0fbffefba4b0,2026-07-19,510,eBay,AUCTION,ok,0,https://www.ebay.com/itm/267725136593
a1aa2a4b-e7d3-4db2-84c6-0fbffefba4b0,2026-07-02,499.99,eBay,BUY_IT_NOW,ok,0,https://www.ebay.com/itm/406993760378
a1aa2a4b-e7d3-4db2-84c6-0fbffefba4b0,2026-06-23,420,eBay,BEST_OFFER,ok,0,https://www.ebay.com/itm/800210162881
a1aa2a4b-e7d3-4db2-84c6-0fbffefba4b0,2026-04-26,380,eBay,AUCTION,ok,0,https://www.ebay.com/itm/287278126337
a1aa2a4b-e7d3-4db2-84c6-0fbffefba4b0,2026-04-19,415,eBay,AUCTION,ok,0,https://www.ebay.com/itm/117127291970
a1aa2a4b-e7d3-4db2-84c6-0fbffefba4b0,2026-03-19,250,eBay,BEST_OFFER,ok,0,https://www.ebay.com/itm/327052166613
a1341119-b7b5-4b28-a1f6-20828aedb375,2026-09-14,35,eBay,BEST_OFFER,ok,0,https://www.ebay.com/itm/366655370502
a1341119-b7b5-4b28-a1f6-20828aedb375,2026-08-21,44.99,eBay,BUY_IT_NOW,ok,0,https://www.ebay.com/itm/128002340952
a1341119-b7b5-4b28-a1f6-20828aedb375,2026-08-02,38.4,PWCC Weekly Auctions,AUCTION,ok,0,https://www.fanaticscollect.com/weekly/7bc10672-8964-11f1-83e1-0a58a9feac02
a1341119-b7b5-4b28-a1f6-20828aedb375,2026-07-28,33,eBay,AUCTION,ok,0,https://www.ebay.com/itm/307075381850
a1341119-b7b5-4b28-a1f6-20828aedb375,2026-06-21,36.98,eBay,BUY_IT_NOW,ok,0,https://www.ebay.com/itm/135295695136
a1341119-b7b5-4b28-a1f6-20828aedb375,2026-06-19,45,eBay,BEST_OFFER,ok,0,https://www.ebay.com/itm/277881008313
a1341119-b7b5-4b28-a1f6-20828aedb375,2026-04-06,37.4,eBay,BUY_IT_NOW,ok,0,https://www.ebay.com/itm/235992642939
a1341119-b7b5-4b28-a1f6-20828aedb375,2026-04-05,28,PWCC Fixed Price,BEST_OFFER,ok,0,https://www.fanaticscollect.com/buy-now/53b961e7-9a0b-4af9-991a-eab8288ff1a7
a1341119-b7b5-4b28-a1f6-20828aedb375,2026-03-08,27.6,PWCC Weekly Auctions,AUCTION,ok,0,https://www.fanaticscollect.com/weekly/ec7f643c-0fbe-11f1-8c3b-06e83c3109d9
a1341119-b7b5-4b28-a1f6-20828aedb375,2026-03-08,24,PWCC Weekly Auctions,AUCTION,ok,0,https://www.fanaticscollect.com/weekly/ec6a2fae-0fbe-11f1-8532-02c93ddfa0ed
a113b472-7171-46dc-b75a-60722cc8c4c5,2026-08-27,300,eBay,BEST_OFFER,ok,0,https://www.ebay.com/itm/178443282581
a113b472-7171-46dc-b75a-60722cc8c4c5,2026-06-16,330,eBay,BUY_IT_NOW,ok,0,https://www.ebay.com/itm/298406314985
a113b472-7171-46dc-b75a-60722cc8c4c5,2026-05-03,206.5,eBay,AUCTION,ok,0,https://www.ebay.com/itm/287292233594
a113b472-7171-46dc-b75a-60722cc8c4c5,2026-04-26,214.5,eBay,AUCTION,ok,0,https://www.ebay.com/itm/306881123964
a113b472-7171-46dc-b75a-60722cc8c4c5,2026-03-08,172.5,eBay,AUCTION,ok,0,https://www.ebay.com/itm/287167054892
a113b472-7171-46dc-b75a-60722cc8c4c5,2026-02-09,175,eBay,BEST_OFFER,ok,0,https://www.ebay.com/itm/267561692849
a113b472-7171-46dc-b75a-60722cc8c4c5,2026-01-10,162.5,eBay,AUCTION,ok,0,https://www.ebay.com/itm/297902080429
a113b472-7171-46dc-b75a-60722cc8c4c5,2026-01-03,115.96,eBay,BUY_IT_NOW,ok,0,https://www.ebay.com/itm/136084439971
a113b472-7171-46dc-b75a-60722cc8c4c5,2025-07-22,75,eBay,BUY_IT_NOW,ok,0,https://www.ebay.com/itm/286283123547
a113b472-7171-46dc-b75a-60722cc8c4c5,2025-03-16,46.78,eBay,AUCTION,ok,0,https://www.ebay.com/itm/135603280047
a1e49f24-d105-4121-a985-28b13df52c1c,2026-09-20,70.69,eBay,AUCTION,ok,0,https://www.ebay.com/itm/298665404283
a1e49f24-d105-4121-a985-28b13df52c1c,2026-09-18,65,eBay,BEST_OFFER,ok,0,https://www.ebay.com/itm/287435999122
a1e49f24-d105-4121-a985-28b13df52c1c,2026-09-10,91.61,CardHobby,AUCTION,ok,0,https://www.cardhobby.com/#/carddetails/134009638
a1e49f24-d105-4121-a985-28b13df52c1c,2026-09-02,99.42,CardHobby,AUCTION,ok,0,https://www.cardhobby.com/#/carddetails/132260867
a1e49f24-d105-4121-a985-28b13df52c1c,2026-08-02,37.2,PWCC Weekly Auctions,AUCTION,ok,0,https://www.fanaticscollect.com/weekly/b5e76ac4-86c3-11f1-9bfa-0a58a9feac02
a1e49f24-d105-4121-a985-28b13df52c1c,2026-07-25,80,eBay,BEST_OFFER,ok,0,https://www.ebay.com/itm/398182763951
a1e49f24-d105-4121-a985-28b13df52c1c,2026-07-24,98.98,CardHobby,AUCTION,ok,0,https://www.cardhobby.com/#/carddetails/124024898
a1e49f24-d105-4121-a985-28b13df52c1c,2026-04-14,59.49,eBay,BUY_IT_NOW,ok,0,https://www.ebay.com/itm/298210528140
a1e49f24-d105-4121-a985-28b13df52c1c,2026-02-26,50.99,eBay,BUY_IT_NOW,ok,0,https://www.ebay.com/itm/297944887799
a1e49f24-d105-4121-a985-28b13df52c1c,2025-10-12,32.72,eBay,BUY_IT_NOW,ok,0,https://www.ebay.com/itm/116335819384
a1d77294-7b2a-4179-a6e1-3d4ab0df4534,2026-09-13,40,eBay,BUY_IT_NOW,ok,0,https://www.ebay.com/itm/188472706344
a1d77294-7b2a-4179-a6e1-3d4ab0df4534,2026-08-16,38,eBay,BEST_OFFER,ok,0,https://www.ebay.com/itm/407123539481
a1d77294-7b2a-4179-a6e1-3d4ab0df4534,2026-07-13,44,eBay,AUCTION,ok,0,https://www.ebay.com/itm/377329693609
a1d77294-7b2a-4179-a6e1-3d4ab0df4534,2026-06-26,60,eBay,BUY_IT_NOW,ok,0,https://www.ebay.com/itm/377238023531
a1d77294-7b2a-4179-a6e1-3d4ab0df4534,2026-06-25,23.5,eBay,AUCTION,ok,0,https://www.ebay.com/itm/377277297698
a1d77294-7b2a-4179-a6e1-3d4ab0df4534,2026-06-16,17.5,eBay,AUCTION,ok,0,https://www.ebay.com/itm/236868579443
a1d77294-7b2a-4179-a6e1-3d4ab0df4534,2026-05-25,65,eBay,BUY_IT_NOW,ok,0,https://www.ebay.com/itm/287154189938
a1d77294-7b2a-4179-a6e1-3d4ab0df4534,2026-04-29,30,eBay,BUY_IT_NOW,ok,0,https://www.ebay.com/itm/298073264650
a1d77294-7b2a-4179-a6e1-3d4ab0df4534,2026-04-23,18,eBay,AUCTION,ok,0,https://www.ebay.com/itm/366351193167
a1d77294-7b2a-4179-a6e1-3d4ab0df4534,2026-04-18,23,eBay,BEST_OFFER,ok,0,https://www.ebay.com/itm/377112192932
a1640a68-9f28-4140-9dd4-79418ef04e0c,2026-09-01,200,eBay,BUY_IT_NOW,ok,0,https://www.ebay.com/itm/137163016161
a1640a68-9f28-4140-9dd4-79418ef04e0c,2026-08-11,160,eBay,BEST_OFFER,ok,0,https://www.ebay.com/itm/117339389220
a1640a68-9f28-4140-9dd4-79418ef04e0c,2026-07-31,113,eBay,AUCTION,ok,0,https://www.ebay.com/itm/188699420233
a1640a68-9f28-4140-9dd4-79418ef04e0c,2026-06-26,130,eBay,BEST_OFFER,ok,0,https://www.ebay.com/itm/325386753156
a1640a68-9f28-4140-9dd4-79418ef04e0c,2026-06-20,129.99,eBay,BUY_IT_NOW,ok,0,https://www.ebay.com/itm/117136760732
a1640a68-9f28-4140-9dd4-79418ef04e0c,2026-04-30,140,eBay,BEST_OFFER,ok,0,https://www.ebay.com/itm/366372884568
a1640a68-9f28-4140-9dd4-79418ef04e0c,2026-03-16,102,eBay,BEST_OFFER,ok,0,https://www.ebay.com/itm/397542925119
a1640a68-9f28-4140-9dd4-79418ef04e0c,2026-02-26,250,eBay,BEST_OFFER,ok,0,https://www.ebay.com/itm/136585633041
a1640a68-9f28-4140-9dd4-79418ef04e0c,2026-02-18,74.99,eBay,BUY_IT_NOW,ok,0,https://www.ebay.com/itm/197092589755
a1640a68-9f28-4140-9dd4-79418ef04e0c,2026-02-08,60.07,eBay,BEST_OFFER,ok,0,https://www.ebay.com/itm/236330097559
a1fb1d8f-5f33-4dcb-b46a-428cc61955f1,2026-09-16,860,eBay,AUCTION,ok,0,https://www.ebay.com/itm/298657068062
a1fb1d8f-5f33-4dcb-b46a-428cc61955f1,2026-09-13,880,eBay,AUCTION,ok,0,https://www.ebay.com/itm/287565393284
a1fb1d8f-5f33-4dcb-b46a-428cc61955f1,2026-09-08,950,eBay,BEST_OFFER,ok,0,https://www.ebay.com/itm/237055814732
a1fb1d8f-5f33-4dcb-b46a-428cc61955f1,2026-09-01,799,PWCC Fixed Price,BEST_OFFER,ok,0,https://www.fanaticscollect.com/buy-now/24537109-f4d7-4abe-b78a-4499e38709a9
a1fb1d8f-5f33-4dcb-b46a-428cc61955f1,2026-08-26,796,eBay,AUCTION,ok,0,https://www.ebay.com/itm/800536415392
a1fb1d8f-5f33-4dcb-b46a-428cc61955f1,2026-08-16,880,eBay,AUCTION,ok,0,https://www.ebay.com/itm/287511103743
a1fb1d8f-5f33-4dcb-b46a-428cc61955f1,2026-07-27,899,PWCC Fixed Price,BEST_OFFER,ok,0,https://www.fanaticscollect.com/buy-now/28f18145-9fc5-4e46-a312-dbfcd5feaf0e
a1fb1d8f-5f33-4dcb-b46a-428cc61955f1,2026-07-26,770,eBay,BUY_IT_NOW,ok,0,https://www.ebay.com/itm/178332683116
a1fb1d8f-5f33-4dcb-b46a-428cc61955f1,2026-07-19,686.05,eBay,AUCTION,ok,0,https://www.ebay.com/itm/287449554808
a1fb1d8f-5f33-4dcb-b46a-428cc61955f1,2026-06-14,750,eBay,BEST_OFFER,ok,0,https://www.ebay.com/itm/188424663255
a1a668a8-be3b-438f-84e0-a742cc9e37ea,2026-09-23,232,PWCC Fixed Price,BEST_OFFER,ok,0,https://www.fanaticscollect.com/buy-now/dc24a9ef-0d41-4d0c-bb9c-59618aa19e17
a1a668a8-be3b-438f-84e0-a742cc9e37ea,2026-09-13,234,PWCC Weekly Auctions,AUCTION,ok,0,https://www.fanaticscollect.com/weekly/01fa804a-a6ea-11f1-8551-02ffd9a5a5cd
a1a668a8-be3b-438f-84e0-a742cc9e37ea,2026-09-01,195,eBay,BEST_OFFER,ok,0,https://www.ebay.com/itm/298621012372
a1a668a8-be3b-438f-84e0-a742cc9e37ea,2026-08-30,207.5,eBay,AUCTION,ok,0,https://www.ebay.com/itm/307138247732
a1a668a8-be3b-438f-84e0-a742cc9e37ea,2026-08-09,204.46,eBay,AUCTION,ok,0,https://www.ebay.com/itm/188708265241
a1a668a8-be3b-438f-84e0-a742cc9e37ea,2026-08-09,192,PWCC Weekly Auctions,AUCTION,ok,0,https://www.fanaticscollect.com/weekly/47bacddc-8a94-11f1-bcac-02fff561b66f
a1a668a8-be3b-438f-84e0-a742cc9e37ea,2026-07-28,240,eBay,BUY_IT_NOW,ok,0,https://www.ebay.com/itm/398220948240
a1a668a8-be3b-438f-84e0-a742cc9e37ea,2026-06-14,260,eBay,AUCTION,ok,0,https://www.ebay.com/itm/157979455470
a1a668a8-be3b-438f-84e0-a742cc9e37ea,2026-05-08,270,eBay,BEST_OFFER,ok,0,https://www.ebay.com/itm/306908411867
a1a668a8-be3b-438f-84e0-a742cc9e37ea,2026-05-08,259.75,eBay,BUY_IT_NOW,ok,0,https://www.ebay.com/itm/127812329097
a18f047c-e8e3-42f1-b171-429768169970,2026-07-12,66,eBay,BEST_OFFER,ok,0,https://www.ebay.com/itm/336662909376
a18f047c-e8e3-42f1-b171-429768169970,2026-05-08,58.54,eBay,BEST_OFFER,ok,0,https://www.ebay.com/itm/397840617288
a18f047c-e8e3-42f1-b171-429768169970,2026-03-16,55,eBay,BEST_OFFER,ok,0,https://www.ebay.com/itm/227011770484
a18f047c-e8e3-42f1-b171-429768169970,2026-02-19,60,eBay,BEST_OFFER,ok,0,https://www.ebay.com/itm/257316196976
a18f047c-e8e3-42f1-b171-429768169970,2025-08-12,40,eBay,BUY_IT_NOW,ok,0,https://www.ebay.com/itm/317171711916
a18f047c-e8e3-42f1-b171-429768169970,2025-01-12,12.5,eBay,AUCTION,ok,0,https://www.ebay.com/itm/2016-POKEMON-XY-BREAKPOINT-21-SLOWKING-REVERSE-FOIL-PSA-9-/306008679984
a18f047c-e8e3-42f1-b171-429768169970,2024-10-02,20,eBay,BEST_OFFER,ok,0,https://www.ebay.com/itm/2016-Pokemon-XY-Breakpoint-Slowking-Rev-Foil-21-PSA-9-/226004907059
a18f047c-e8e3-42f1-b171-429768169970,2024-08-02,20,eBay,BEST_OFFER,ok,0,https://www.ebay.com/itm/2016-Pokemon-XY-Breakpoint-Slowking-Rev-Foil-21-PSA-9-/226004907059
a18f047c-e8e3-42f1-b171-429768169970,2024-03-14,9.99,eBay,AUCTION,ok,0,https://www.ebay.com/itm/Slowking-Reverse-Foil-2016-Pokemon-XY-Breakpoint-21-PSA-9-/256438519493
a18f047c-e8e3-42f1-b171-429768169970,2023-11-21,17.5,eBay,BEST_OFFER,ok,0,https://www.ebay.com/itm/2016-Pokemon-XY-Breakpoint-21-Slowking-Reverse-Foil-Holo-PSA-9-MINT-/234520033400
a1652dda-965a-4415-abdd-e9d27de78787,2026-09-21,9999,eBay,BUY_IT_NOW,ok,0,https://www.ebay.com/itm/147571783753
a1652dda-965a-4415-abdd-e9d27de78787,2026-09-10,10000,eBay,BUY_IT_NOW,ok,0,https://www.ebay.com/itm/117382238362
a1652dda-965a-4415-abdd-e9d27de78787,2026-09-10,9697.2,Alt,AUCTION,ok,0,https://alt.xyz/exchange/select-listing?ids=76fd637e-543e-4146-97c5-e2bedf992b36
a1652dda-965a-4415-abdd-e9d27de78787,2026-08-27,3500,eBay,AUCTION,ok,0,https://www.ebay.com/itm/398320995604
a1652dda-965a-4415-abdd-e9d27de78787,2026-08-16,2559,eBay,AUCTION,ok,0,https://www.ebay.com/itm/287511097154
a1652dda-965a-4415-abdd-e9d27de78787,2026-08-13,2222.22,eBay,BUY_IT_NOW,ok,0,https://www.ebay.com/itm/307038551231
a1652dda-965a-4415-abdd-e9d27de78787,2026-08-02,1700,eBay,BEST_OFFER,ok,0,https://www.ebay.com/itm/278212096606
a1652dda-965a-4415-abdd-e9d27de78787,2026-04-11,1000,eBay,BEST_OFFER,ok,0,https://www.ebay.com/itm/198269304896
a1652dda-965a-4415-abdd-e9d27de78787,2026-04-08,900,eBay,BEST_OFFER,ok,0,https://www.ebay.com/itm/389850985087
a1652dda-965a-4415-abdd-e9d27de78787,2026-03-29,860,eBay,AUCTION,ok,0,https://www.ebay.com/itm/287220019663
a163fc5c-f82a-412c-a1a8-4fd579e1c6b2,2025-03-03,75,eBay,BUY_IT_NOW,ok,0,https://www.ebay.com/itm/Arcanine-1-Pokemon-Platinum-Rev-Foil-Holo-Rare-Rising-Rivals-PSA-9-/335832232982
a163fc5c-f82a-412c-a1a8-4fd579e1c6b2,2023-05-14,23.69,eBay,AUCTION,ok,0,https://www.ebay.com/itm/2009-Pokemon-Rising-Rivals-ARCANINE-Reverse-Holo-1-111-PSA-9-/185883494194
a163fc5c-f82a-412c-a1a8-4fd579e1c6b2,2023-01-06,50,eBay,BUY_IT_NOW,ok,0,https://www.ebay.com/itm/Pokemon-Arcanine-Platinum-Rising-Rivals-Reverse-Holo-Rare-1-PSA-9-LOW-POP-6-/265981063383
a163fc5c-f82a-412c-a1a8-4fd579e1c6b2,2021-09-28,99.99,eBay,BUY_IT_NOW,ok,0,https://www.ebay.com/itm/2009-Pokemon-PSA-9-Arcanine-Reverse-Holo-1-111-Platinum-Rising-Rivals-/334163116110
a104cc40-046c-48c4-93a0-b210a00832b0,2026-08-22,150,eBay,BUY_IT_NOW,ok,0,https://www.ebay.com/itm/800233956163
a104cc40-046c-48c4-93a0-b210a00832b0,2026-07-31,150,eBay,BEST_OFFER,ok,0,https://www.ebay.com/itm/366554326927
a104cc40-046c-48c4-93a0-b210a00832b0,2026-06-10,199.99,eBay,BEST_OFFER,ok,1,https://www.ebay.com/itm/395693058902
a104cc40-046c-48c4-93a0-b210a00832b0,2026-04-20,67.51,eBay,BUY_IT_NOW,ok,0,https://www.ebay.com/itm/257291099439
a104cc40-046c-48c4-93a0-b210a00832b0,2026-02-06,28.88,eBay,AUCTION,ok,0,https://www.ebay.com/itm/306728015475
a104cc40-046c-48c4-93a0-b210a00832b0,2025-10-31,35,eBay,BEST_OFFER,ok,0,https://www.ebay.com/itm/297509554126
a104cc40-046c-48c4-93a0-b210a00832b0,2025-05-04,15.5,eBay,AUCTION,ok,0,https://www.ebay.com/itm/187178134933
a104cc40-046c-48c4-93a0-b210a00832b0,2025-03-23,18,PWCC Weekly Auctions,AUCTION,ok,0,https://www.fanaticscollect.com/weekly/c5799aca-efca-11ef-a942-0a58a9feac02
a104cc40-046c-48c4-93a0-b210a00832b0,2025-01-06,33.49,eBay,BUY_IT_NOW,ok,0,https://www.ebay.com/itm/PSA-9-dragonair-holo-dragon-vault-BW-2012-Pokemon-/386981119252
a104cc40-046c-48c4-93a0-b210a00832b0,2024-11-19,20,eBay,AUCTION,ok,0,https://www.ebay.com/itm/2012-POKEMON-B-W-DRAGON-VAULT-3-DRAGONAIR-HOLO-PSA-9-/305900538279
a15619aa-ad0a-46ff-bdd3-790a3a4e901e,2026-08-17,895,eBay,AUCTION,ok,0,https://www.ebay.com/itm/800487874070
a15619aa-ad0a-46ff-bdd3-790a3a4e901e,2026-07-26,828,eBay,AUCTION,ok,0,https://www.ebay.com/itm/287468639572
a15619aa-ad0a-46ff-bdd3-790a3a4e901e,2026-04-19,564,PWCC Weekly Auctions,AUCTION,ok,0,https://www.fanaticscollect.com/weekly/afff4a8a-2ff9-11f1-9f1d-069915af80c7
a15619aa-ad0a-46ff-bdd3-790a3a4e901e,2026-04-02,913,eBay,AUCTION,ok,0,https://www.ebay.com/itm/298157393911
a15619aa-ad0a-46ff-bdd3-790a3a4e901e,2026-03-28,847,eBay,AUCTION,ok,0,https://www.ebay.com/itm/298144575500
a15619aa-ad0a-46ff-bdd3-790a3a4e901e,2026-01-28,311,eBay,AUCTION,ok,0,https://www.ebay.com/itm/389523101924
a15619aa-ad0a-46ff-bdd3-790a3a4e901e,2025-10-04,249,eBay,BEST_OFFER,ok,0,https://www.ebay.com/itm/306531841427
a15619aa-ad0a-46ff-bdd3-790a3a4e901e,2025-07-28,299.99,eBay,BUY_IT_NOW,ok,0,https://www.ebay.com/itm/286715832045
a15619aa-ad0a-46ff-bdd3-790a3a4e901e,2025-05-14,60,eBay,BEST_OFFER,ok,0,https://www.ebay.com/itm/177072768802
a15619aa-ad0a-46ff-bdd3-790a3a4e901e,2024-12-23,65,eBay,BUY_IT_NOW,ok,0,https://www.ebay.com/itm/Pokemon-Plusle-EX-Hidden-Legends-Reverse-Holo-69-PSA-9-Mint-/286192237697
a133bf94-a93e-4255-9161-c1036d6cf109,2026-09-09,3500,eBay,BEST_OFFER,ok,0,https://www.ebay.com/itm/257449931809
a133bf94-a93e-4255-9161-c1036d6cf109,2026-09-01,3500,eBay,BUY_IT_NOW,ok,0,https://www.ebay.com/itm/287519680143
a133bf94-a93e-4255-9161-c1036d6cf109,2026-08-02,3584.9,eBay,AUCTION,ok,0,https://www.ebay.com/itm/287473961399
a133bf94-a93e-4255-9161-c1036d6cf109,2026-07-23,3051.01,eBay,AUCTION,ok,0,https://www.ebay.com/itm/117304551422
a133bf94-a93e-4255-9161-c1036d6cf109,2026-06-24,2850,eBay,AUCTION,ok,0,https://www.ebay.com/itm/127931247925
a133bf94-a93e-4255-9161-c1036d6cf109,2026-05-30,2550,eBay,AUCTION,ok,0,https://www.ebay.com/itm/127884533312
a133bf94-a93e-4255-9161-c1036d6cf109,2026-03-07,2750,eBay,AUCTION,ok,0,https://www.ebay.com/itm/117060820420
a133bf94-a93e-4255-9161-c1036d6cf109,2026-02-21,2525.4,eBay,AUCTION,ok,0,https://www.ebay.com/itm/206069446792
a133bf94-a93e-4255-9161-c1036d6cf109,2026-02-11,2595,eBay,BEST_OFFER,ok,0,https://www.ebay.com/itm/306734819402
a133bf94-a93e-4255-9161-c1036d6cf109,2026-02-11,2476,eBay,AUCTION,ok,0,https://www.ebay.com/itm/117016969223
a1e64abc-22d9-4ff9-8f77-b98c8566f7a3,2026-09-18,74,eBay,AUCTION,ok,0,https://www.ebay.com/itm/117405303841
a1e64abc-22d9-4ff9-8f77-b98c8566f7a3,2026-07-19,157.5,eBay,AUCTION,ok,0,https://www.ebay.com/itm/267725188897
a1e64abc-22d9-4ff9-8f77-b98c8566f7a3,2026-04-19,94.99,eBay,BUY_IT_NOW,ok,0,https://www.ebay.com/itm/156062069405
a1e64abc-22d9-4ff9-8f77-b98c8566f7a3,2026-04-19,53,eBay,AUCTION,ok,0,https://www.ebay.com/itm/287265064039
a1e64abc-22d9-4ff9-8f77-b98c8566f7a3,2026-04-11,99.99,eBay,BUY_IT_NOW,ok,0,https://www.ebay.com/itm/157522732246
a1e64abc-22d9-4ff9-8f77-b98c8566f7a3,2026-04-05,40,eBay,BEST_OFFER,ok,0,https://www.ebay.com/itm/315590249686
a1e64abc-22d9-4ff9-8f77-b98c8566f7a3,2026-01-05,35,eBay,BEST_OFFER,ok,0,https://www.ebay.com/itm/406096254307
a1e64abc-22d9-4ff9-8f77-b98c8566f7a3,2025-10-26,36,eBay,AUCTION,ok,0,https://www.ebay.com/itm/286882955637
a1e64abc-22d9-4ff9-8f77-b98c8566f7a3,2025-10-12,24.5,eBay,AUCTION,RELISTED,0,https://www.ebay.com/itm/286852082245
a1e64abc-22d9-4ff9-8f77-b98c8566f7a3,2025-09-14,49.99,eBay,AUCTION,ok,0,https://www.ebay.com/itm/306478374773
a1c3605c-4554-48e0-bfbe-bc78754987c4,2026-08-04,129.95,eBay,BUY_IT_NOW,ok,0,https://www.ebay.com/itm/188681823187
a1c3605c-4554-48e0-bfbe-bc78754987c4,2026-07-26,182,eBay,BEST_OFFER,ok,0,https://www.ebay.com/itm/298535145762
a1c3605c-4554-48e0-bfbe-bc78754987c4,2026-07-25,175,eBay,BEST_OFFER,ok,0,https://www.ebay.com/itm/336707064262
a1c3605c-4554-48e0-bfbe-bc78754987c4,2026-07-19,150,eBay,BEST_OFFER,ok,0,https://www.ebay.com/itm/117303438827
a1c3605c-4554-48e0-bfbe-bc78754987c4,2026-06-27,164.5,eBay,AUCTION,ok,0,https://www.ebay.com/itm/307011278493
a1c3605c-4554-48e0-bfbe-bc78754987c4,2026-06-21,186,PWCC Weekly Auctions,AUCTION,ok,0,https://www.fanaticscollect.com/weekly/208c635a-6623-11f1-a921-0a58a9feac02
a1c3605c-4554-48e0-bfbe-bc78754987c4,2026-03-20,120,eBay,BUY_IT_NOW,ok,0,https://www.ebay.com/itm/167577817692
a1c3605c-4554-48e0-bfbe-bc78754987c4,2026-03-10,69.99,eBay,BUY_IT_NOW,ok,0,https://www.ebay.com/itm/306741082144
a1c3605c-4554-48e0-bfbe-bc78754987c4,2026-03-09,89.95,eBay,BEST_OFFER,ok,0,https://www.ebay.com/itm/277238558784
a1c3605c-4554-48e0-bfbe-bc78754987c4,2026-02-15,46.88,eBay,AUCTION,ok,0,https://www.ebay.com/itm/267571370964
a14dcd42-e046-4da5-a15e-5492c5cb09a6,2026-09-20,150,PWCC Weekly Auctions,AUCTION,ok,0,https://www.fanaticscollect.com/weekly/2d7d0c3a-b061-11f1-8d99-0affc11edb49
a14dcd42-e046-4da5-a15e-5492c5cb09a6,2026-09-20,138,PWCC Weekly Auctions,AUCTION,ok,0,https://www.fanaticscollect.com/weekly/2da4d422-b061-11f1-9b3f-0affc11edb49
a14dcd42-e046-4da5-a15e-5492c5cb09a6,2026-06-22,184.1,eBay,BEST_OFFER,ok,0,https://www.ebay.com/itm/389952227409
a14dcd42-e046-4da5-a15e-5492c5cb09a6,2026-03-27,50,eBay,BEST_OFFER,ok,0,https://www.ebay.com/itm/117108669760
a14dcd42-e046-4da5-a15e-5492c5cb09a6,2023-03-03,26.95,eBay,BEST_OFFER,ok,0,https://www.ebay.com/itm/2019-Pokemon-Sun-Moon-Lugia-131-181-Team-Up-Reverse-Holo-PSA-9-MINT-/134460081757
a14dcd42-e046-4da5-a15e-5492c5cb09a6,2022-11-06,10.3,eBay,AUCTION,ok,0,https://www.ebay.com/itm/Pokemon-Lugia-Team-Up-Reverse-Holo-Rare-131-PSA-9-Mint-635-/285018640539
a14dcd42-e046-4da5-a15e-5492c5cb09a6,2022-10-23,11.5,eBay,AUCTION,RELISTED,0,https://www.ebay.com/itm/Pokemon-Lugia-Team-Up-Reverse-Holo-Rare-131-PSA-9-Mint-635-/285002163495
a14dcd42-e046-4da5-a15e-5492c5cb09a6,2022-10-23,9.99,eBay,AUCTION,ok,0,https://www.ebay.com/itm/2019-Pokemon-Lugia-Reverse-Foil-131-Sun-Moon-Team-Up-PSA-9-MINT-card-/285003130014
a14dcd42-e046-4da5-a15e-5492c5cb09a6,2022-05-10,15,eBay,BUY_IT_NOW,ok,0,https://www.ebay.com/itm/pokemon-team-up-lugia-reverse-131-psa-9-/284795138289
a14dcd42-e046-4da5-a15e-5492c5cb09a6,2022-02-20,29.99,eBay,BEST_OFFER,ok,0,https://www.ebay.com/itm/2019-Pokemon-Sun-Moon-Lugia-Reverse-Holo-Foil-Team-Up-131-PSA-9-MINT-/185304358644
a1577e9f-0fae-492b-b66c-d3b20454ed8b,2026-08-15,1358,eBay,AUCTION,ok,0,https://www.ebay.com/itm/307113024305
a1577e9f-0fae-492b-b66c-d3b20454ed8b,2026-02-15,600,eBay,BUY_IT_NOW,ok,0,https://www.ebay.com/itm/389591576861
a1577e9f-0fae-492b-b66c-d3b20454ed8b,2025-12-18,412.5,Heritage Auctions,AUCTION,ok,0,https://comics.ha.com/itm/memorabilia/trading-cards/pokemon-pikachu-101-dp-p-10th-anniversary-promo-psa-trading-card-game-mint-9-the-pokemon-company-2008-pokemon-center-nagoya/p/43227-12190.s?type=DA-DMC-AltPlatform-TradingCardGames-43227-12182025
a1577e9f-0fae-492b-b66c-d3b20454ed8b,2025-07-17,888.99,eBay,BUY_IT_NOW,ok,0,https://www.ebay.com/itm/146712433972
a1577e9f-0fae-492b-b66c-d3b20454ed8b,2025-06-01,247.94,eBay,BUY_IT_NOW,ok,0,https://www.ebay.com/itm/365429305393
a1577e9f-0fae-492b-b66c-d3b20454ed8b,2025-03-01,113.09,eBay,AUCTION,ok,0,https://www.ebay.com/itm/2007-Pokemon-Diamond-Pearl-DP-P-Promotional-Card-Japanese-Pikachu-PSA-9-MINT-/256827373009
a1577e9f-0fae-492b-b66c-d3b20454ed8b,2025-01-29,213.62,eBay,AUCTION,ok,0,https://www.ebay.com/itm/2008-POKEMON-JPN-PROMO-10TH-ANNIVERSARY-POKEMON-CENTER-NAGOYA-101-PIKACHU-PSA-9-/306055272976
a1577e9f-0fae-492b-b66c-d3b20454ed8b,2023-11-20,240,eBay,BUY_IT_NOW,ok,0,https://www.ebay.com/itm/PSA-9-Pikachu-Pokemon-Card-Japanese-101-DP-P-Center-10th-Anniversary-Promo-o810-/395003975617
a1577e9f-0fae-492b-b66c-d3b20454ed8b,2022-02-27,159.69,eBay,AUCTION,ok,0,https://www.ebay.com/itm/PSA-9-2008-POKEMON-JAPANESE-PROMO-PIKACHU-10TH-ANNIVERSARY-NAGOYA-101-/165297622515
a1577e9f-0fae-492b-b66c-d3b20454ed8b,2021-12-28,206.01,eBay,AUCTION,ok,0,https://www.ebay.com/itm/PSA-9-2008-POKEMON-PROMO-PIKACHU-10TH-ANNIVERSARY-PM-CTR-NAGOYA-101-/165196475878
a1033945-52d4-4226-917f-a856fbdbebd7,2026-09-23,355,eBay,BEST_OFFER,ok,0,https://www.ebay.com/itm/307183459318
a1033945-52d4-4226-917f-a856fbdbebd7,2026-09-14,300,eBay,BEST_OFFER,ok,0,https://www.ebay.com/itm/327355626744
a1033945-52d4-4226-917f-a856fbdbebd7,2026-09-08,330,eBay,AUCTION,ok,0,https://www.ebay.com/itm/298633603030
a1033945-52d4-4226-917f-a856fbdbebd7,2026-08-27,350,eBay,BUY_IT_NOW,ok,0,https://www.ebay.com/itm/117380298941
a1033945-52d4-4226-917f-a856fbdbebd7,2026-08-06,400,PWCC Fixed Price,BEST_OFFER,ok,0,https://www.fanaticscollect.com/buy-now/019ab01f-1611-491f-a0ae-09f5e4b06836
a1033945-52d4-4226-917f-a856fbdbebd7,2026-07-23,349,eBay,BUY_IT_NOW,ok,0,https://www.ebay.com/itm/306978780885
a1033945-52d4-4226-917f-a856fbdbebd7,2026-06-23,300,eBay,BUY_IT_NOW,ok,0,https://www.ebay.com/itm/377289092380
a1033945-52d4-4226-917f-a856fbdbebd7,2026-05-31,238.17,eBay,AUCTION,ok,0,https://www.ebay.com/itm/257517691878
a1033945-52d4-4226-917f-a856fbdbebd7,2026-04-14,152.5,eBay,AUCTION,ok,0,https://www.ebay.com/itm/206209199926
a1033945-52d4-4226-917f-a856fbdbebd7,2026-04-06,252.99,eBay,BUY_IT_NOW,ok,0,https://www.ebay.com/itm/376748483757
a11e0fc7-f22a-4a8c-b79d-2c82f2c5d10e,2026-09-19,657.75,eBay,BEST_OFFER,ok,0,https://www.ebay.com/itm/178462360377
a11e0fc7-f22a-4a8c-b79d-2c82f2c5d10e,2026-08-22,1019.9,CardHobby,AUCTION,ok,0,https://www.cardhobby.com/#/carddetails/128814848
a11e0fc7-f22a-4a8c-b79d-2c82f2c5d10e,2026-08-13,900,eBay,BEST_OFFER,ok,0,https://www.ebay.com/itm/358681095382
a11e0fc7-f22a-4a8c-b79d-2c82f2c5d10e,2026-08-09,751,eBay,AUCTION,ok,0,https://www.ebay.com/itm/307097820556
a11e0fc7-f22a-4a8c-b79d-2c82f2c5d10e,2026-08-08,565,eBay,AUCTION,ok,0,https://www.ebay.com/itm/287501682380
a11e0fc7-f22a-4a8c-b79d-2c82f2c5d10e,2026-08-05,733.47,CardHobby,AUCTION,ok,0,https://www.cardhobby.com/#/carddetails/125776230
a11e0fc7-f22a-4a8c-b79d-2c82f2c5d10e,2026-08-02,1164.23,eBay,AUCTION,ok,0,https://www.ebay.com/itm/137531729027
a11e0fc7-f22a-4a8c-b79d-2c82f2c5d10e,2026-07-30,656.4,Alt,AUCTION,ok,0,https://alt.xyz/exchange/select-listing?ids=93150af8-8d65-4a81-8d2c-6f75b95412d6
a11e0fc7-f22a-4a8c-b79d-2c82f2c5d10e,2026-07-30,626.4,Alt,AUCTION,ok,0,https://alt.xyz/exchange/select-listing?ids=8f2774e8-37d2-43b2-9cd5-20887de59ead
a11e0fc7-f22a-4a8c-b79d-2c82f2c5d10e,2026-07-19,1025,eBay,AUCTION,ok,0,https://www.ebay.com/itm/298489017453
a169698c-2998-48d7-a373-9a26961388a9,2022-03-25,5,eBay,AUCTION,ok,0,https://www.ebay.com/itm/2013-Pokemon-B-W-Legendary-Treasures-Reuniclus-76-PSA-Mint-9-/284710387570
a1e4dc5c-b3d1-4c51-8b4a-42623a5e734e,2026-09-13,102.5,eBay,AUCTION,ok,0,https://www.ebay.com/itm/298641955619
a1e4dc5c-b3d1-4c51-8b4a-42623a5e734e,2026-08-23,85,eBay,BEST_OFFER,ok,0,https://www.ebay.com/itm/168621313261
a1e4dc5c-b3d1-4c51-8b4a-42623a5e734e,2026-08-09,118.5,eBay,AUCTION,ok,0,https://www.ebay.com/itm/298547798430
a1e4dc5c-b3d1-4c51-8b4a-42623a5e734e,2026-04-05,79.99,eBay,BEST_OFFER,ok,0,https://www.ebay.com/itm/116923924648
a1e4dc5c-b3d1-4c51-8b4a-42623a5e734e,2026-03-05,69,eBay,BUY_IT_NOW,ok,0,https://www.ebay.com/itm/136744788475
a1e4dc5c-b3d1-4c51-8b4a-42623a5e734e,2025-08-30,35.99,eBay,BUY_IT_NOW,ok,0,https://www.ebay.com/itm/356942541780
a1e4dc5c-b3d1-4c51-8b4a-42623a5e734e,2025-03-27,28.35,eBay,BUY_IT_NOW,ok,0,https://www.ebay.com/itm/306122771033
a1e4dc5c-b3d1-4c51-8b4a-42623a5e734e,2025-02-13,25.12,eBay,BEST_OFFER,RELISTED,0,https://www.ebay.com/itm/Pokemon-PSA-9-Rayquaza-EX-Holo-XY6-Emerald-Break-061-078-Unlimited-Japanese-/305746081538
a1e4dc5c-b3d1-4c51-8b4a-42623a5e734e,2024-10-28,24.5,eBay,AUCTION,ok,0,https://www.ebay.com/itm/2015-Pokemon-XY-Emerald-Break-061-Rayquaza-Ex-PSA-9-MINT-/387520008328
a1e4dc5c-b3d1-4c51-8b4a-42623a5e734e,2023-12-17,39.99,eBay,BUY_IT_NOW,ok,0,https://www.ebay.com/itm/MINT-2015-Pokemon-Japanese-XY-Emerald-Break-Rayquaza-EX-061-PSA-9-/325910322730
a1a9f7ef-7a31-4064-95c1-fdd65c6e42fa,2024-06-16,15.5,eBay,AUCTION,ok,0,https://www.ebay.com/itm/2003-Pokemon-Ex-Dragon-Reverse-Holo-Ninjask-18-PSA-9-/135091368386
a1a9f7ef-7a31-4064-95c1-fdd65c6e42fa,2022-11-20,20.5,eBay,AUCTION,ok,0,https://www.ebay.com/itm/2003-Pokemon-EX-Dragon-18-Ninjask-Reverse-Foil-PSA-9-MINT-/385230245404
a1a9f7ef-7a31-4064-95c1-fdd65c6e42fa,2022-08-28,29.99,eBay,AUCTION,ok,0,https://www.ebay.com/itm/PSA-9-NINJASK-REVERSE-HOLO-Pokemon-TCG-EX-Dragon-18-61263464-/295173183590
a154f5a0-24bc-46b6-ab6b-4735fabdb347,2026-07-18,1300,eBay,BEST_OFFER,ok,0,https://www.ebay.com/itm/117219986812
a154f5a0-24bc-46b6-ab6b-4735fabdb347,2026-05-26,1375,eBay,AUCTION,ok,0,https://www.ebay.com/itm/117202044060
a154f5a0-24bc-46b6-ab6b-4735fabdb347,2023-06-18,502,eBay,AUCTION,ok,0,https://www.ebay.com/itm/2000-Pokemon-Base-1st-Edition-Italian-Ninetales-Holo-12-PSA-9-Mint-/354837035057
a154f5a0-24bc-46b6-ab6b-4735fabdb347,2022-10-18,350,PWCC Fixed Price,BEST_OFFER,ok,0,https://sales-history.pwccmarketplace.com/items/FIXED117557
a154f5a0-24bc-46b6-ab6b-4735fabdb347,2022-09-04,395,eBay,AUCTION,ok,0,https://www.ebay.com/itm/PSA-9-Mint-Ninetales-1st-Edition-Italian-Base-Set-Holo-12-102-Pokemon-2000-/354243559417
a193f115-41d5-4fee-b846-3448ba8fdcb8,2026-09-16,30,eBay,BEST_OFFER,ok,0,https://www.ebay.com/itm/406775173015
a193f115-41d5-4fee-b846-3448ba8fdcb8,2025-09-19,34.99,eBay,BEST_OFFER,ok,0,https://www.ebay.com/itm/356507365709
a193f115-41d5-4fee-b846-3448ba8fdcb8,2024-11-20,25.95,eBay,BUY_IT_NOW,ok,0,https://www.ebay.com/itm/2002-Pokemon-Legendary-Collection-Tentacruel-66-PSA-9-POP-22-/145702085681
a193f115-41d5-4fee-b846-3448ba8fdcb8,2024-11-04,10,eBay,AUCTION,ok,0,https://www.ebay.com/itm/2002-Pokemon-Legendary-Collection-66-110-Tentacruel-PSA-9-MINT-/365201804726
a193f115-41d5-4fee-b846-3448ba8fdcb8,2024-05-09,12.2,Goldin Auctions,AUCTION,ok,0,https://goldin.co/item/2002-pokemon-legendary-collection-66-tentacruel-psa9s02a8
a193f115-41d5-4fee-b846-3448ba8fdcb8,2024-01-04,10.5,eBay,AUCTION,ok,0,https://www.ebay.com/itm/2002-Pokemon-Legendary-Collection-66-Tentacruel-PSA-9-MINT-/386517933135
a193f115-41d5-4fee-b846-3448ba8fdcb8,2023-05-17,20.5,eBay,AUCTION,ok,0,https://www.ebay.com/itm/PSA-9-2002-Pokemon-Legendary-Collection-Tentacruel-/256073948732
a193f115-41d5-4fee-b846-3448ba8fdcb8,2023-02-21,60,eBay,BEST_OFFER,ok,0,https://www.ebay.com/itm/POKEMON-LEGENDARY-COLLECTION-TENTACRUEL-66-CARD-PSA-9-MINT-41395778-/294381891204
a193f115-41d5-4fee-b846-3448ba8fdcb8,2022-11-14,15,eBay,BEST_OFFER,ok,0,https://www.ebay.com/itm/2002-Pokemon-Tentacruel-66-PSA-9-Mint-Legendary-Collection-/234685346126
a1a4ec36-8de6-4699-b4f0-e039dd47abb4,2026-09-17,39,eBay,AUCTION,ok,0,https://www.ebay.com/itm/128076059170
a1a4ec36-8de6-4699-b4f0-e039dd47abb4,2026-09-04,50,eBay,BEST_OFFER,ok,0,https://www.ebay.com/itm/168453663959
a1a4ec36-8de6-4699-b4f0-e039dd47abb4,2026-08-27,39.99,eBay,BEST_OFFER,ok,0,https://www.ebay.com/itm/178445426607
a1a4ec36-8de6-4699-b4f0-e039dd47abb4,2026-08-24,40,eBay,BEST_OFFER,ok,0,https://www.ebay.com/itm/820025431726
a1a4ec36-8de6-4699-b4f0-e039dd47abb4,2026-08-18,39.99,eBay,BUY_IT_NOW,ok,0,https://www.ebay.com/itm/366562040229
a1a4ec36-8de6-4699-b4f0-e039dd47abb4,2026-08-17,35.99,eBay,BUY_IT_NOW,ok,0,https://www.ebay.com/itm/398211018791
a1a4ec36-8de6-4699-b4f0-e039dd47abb4,2026-08-17,35,eBay,AUCTION,ok,0,https://www.ebay.com/itm/407139293373
a1a4ec36-8de6-4699-b4f0-e039dd47abb4,2026-08-15,50,eBay,BEST_OFFER,ok,0,https://www.ebay.com/itm/307120390606
a1a4ec36-8de6-4699-b4f0-e039dd47abb4,2026-08-15,40,eBay,AUCTION,ok,0,https://www.ebay.com/itm/307118961226
a1a4ec36-8de6-4699-b4f0-e039dd47abb4,2026-08-12,33,eBay,AUCTION,ok,0,https://www.ebay.com/itm/278251470387
a1877921-2e8d-4612-8303-d0085be0390e,2022-12-18,79.99,eBay,BUY_IT_NOW,ok,0,https://www.ebay.com/itm/2004-Pokemon-Topps-Advanced-Challenge-4-Pikachu-Pop-Ups-PSA-9-MINT-/334629524223
a1c345bb-a447-49ce-beff-354d66a948b8,2026-09-15,380,eBay,BEST_OFFER,ok,0,https://www.ebay.com/itm/318858427451
a1c345bb-a447-49ce-beff-354d66a948b8,2026-08-23,300,PWCC Weekly Auctions,AUCTION,ok,0,https://www.fanaticscollect.com/weekly/83f6baa6-8c1d-11f1-bc31-0a75b240a311
a1c345bb-a447-49ce-beff-354d66a948b8,2026-06-07,350,eBay,BEST_OFFER,ok,0,https://www.ebay.com/itm/306983578948
a1c345bb-a447-49ce-beff-354d66a948b8,2026-04-25,375,eBay,BEST_OFFER,ok,0,https://www.ebay.com/itm/354311887308
a1c345bb-a447-49ce-beff-354d66a948b8,2026-04-25,350,eBay,BEST_OFFER,ok,0,https://www.ebay.com/itm/318200079941
a1c345bb-a447-49ce-beff-354d66a948b8,2026-04-22,317.44,eBay,BUY_IT_NOW,ok,0,https://www.ebay.com/itm/336544753698
a1c345bb-a447-49ce-beff-354d66a948b8,2026-04-07,335,eBay,BUY_IT_NOW,ok,0,https://www.ebay.com/itm/198140933989
a1c345bb-a447-49ce-beff-354d66a948b8,2026-02-27,285,eBay,BUY_IT_NOW,ok,0,https://www.ebay.com/itm/317690437109
a1c345bb-a447-49ce-beff-354d66a948b8,2026-02-01,270,eBay,BEST_OFFER,ok,0,https://www.ebay.com/itm/336091367506
a1c345bb-a447-49ce-beff-354d66a948b8,2026-01-23,275,eBay,BEST_OFFER,ok,0,https://www.ebay.com/itm/306715751420
a1a22812-05c6-4967-bdbc-aa95146d7e7f,2026-09-22,68,eBay,AUCTION,ok,0,https://www.ebay.com/itm/128084542440
a1a22812-05c6-4967-bdbc-aa95146d7e7f,2026-09-18,69.99,eBay,BUY_IT_NOW,ok,0,https://www.ebay.com/itm/336798557708
a1a22812-05c6-4967-bdbc-aa95146d7e7f,2026-09-16,47.69,eBay,AUCTION,ok,0,https://www.ebay.com/itm/278359178239
a1a22812-05c6-4967-bdbc-aa95146d7e7f,2026-09-15,114.67,eBay,BUY_IT_NOW,ok,0,https://www.ebay.com/itm/198218873943
a1a22812-05c6-4967-bdbc-aa95146d7e7f,2026-09-12,69.95,eBay,BUY_IT_NOW,ok,0,https://www.ebay.com/itm/398374233396
a1a22812-05c6-4967-bdbc-aa95146d7e7f,2026-09-12,61,eBay,AUCTION,ok,0,https://www.ebay.com/itm/307162475550
a1a22812-05c6-4967-bdbc-aa95146d7e7f,2026-09-11,70,eBay,BUY_IT_NOW,ok,0,https://www.ebay.com/itm/128073257253
a1a22812-05c6-4967-bdbc-aa95146d7e7f,2026-09-11,70,eBay,BEST_OFFER,ok,0,https://www.ebay.com/itm/117296196620
a1a22812-05c6-4967-bdbc-aa95146d7e7f,2026-09-11,65,eBay,BUY_IT_NOW,ok,0,https://www.ebay.com/itm/137711033954
a1a22812-05c6-4967-bdbc-aa95146d7e7f,2026-09-10,64,eBay,AUCTION,ok,0,https://www.ebay.com/itm/117383663658
a15e921e-d346-46ac-b8d7-80c7147004b6,2026-09-09,34,eBay,AUCTION,ok,0,https://www.ebay.com/itm/117389998682
a15e921e-d346-46ac-b8d7-80c7147004b6,2026-05-24,23.5,eBay,AUCTION,ok,0,https://www.ebay.com/itm/117191930379
a15e921e-d346-46ac-b8d7-80c7147004b6,2023-04-29,4.99,eBay,AUCTION,ok,0,https://www.ebay.com/itm/Pokemon-PSA-9-GEM-MINT-Azurill-31-100-EX-Sandstorm-Non-Holo-Uncommon-2003-/195723833065
a15e921e-d346-46ac-b8d7-80c7147004b6,2023-03-07,4.25,eBay,AUCTION,ok,0,https://www.ebay.com/itm/Azurill-31-100-Non-Holo-Uncommon-Pokemon-Sandstorm-English-PSA-9-/134472674326
a15e921e-d346-46ac-b8d7-80c7147004b6,2023-02-26,7,eBay,AUCTION,RELISTED,0,https://www.ebay.com/itm/Azurill-31-100-Non-Holo-Uncommon-Pokemon-Sandstorm-English-PSA-9-/134457259241
a17935c7-b7cd-4591-9d1e-ac785d0c6ac5,2026-09-11,40,eBay,BEST_OFFER,ok,0,https://www.ebay.com/itm/157871439744
a17935c7-b7cd-4591-9d1e-ac785d0c6ac5,2026-09-02,26,eBay,AUCTION,ok,0,https://www.ebay.com/itm/800578990905
a17935c7-b7cd-4591-9d1e-ac785d0c6ac5,2026-06-08,42.75,eBay,BUY_IT_NOW,ok,0,https://www.ebay.com/itm/127801915412
a17935c7-b7cd-4591-9d1e-ac785d0c6ac5,2026-03-18,40,eBay,BUY_IT_NOW,ok,0,https://www.ebay.com/itm/127630412311
a17935c7-b7cd-4591-9d1e-ac785d0c6ac5,2026-02-26,26,eBay,AUCTION,ok,0,https://www.ebay.com/itm/317901040709
a17935c7-b7cd-4591-9d1e-ac785d0c6ac5,2026-02-01,25,eBay,BEST_OFFER,ok,0,https://www.ebay.com/itm/297978598351
a17935c7-b7cd-4591-9d1e-ac785d0c6ac5,2025-12-09,22.5,eBay,AUCTION,ok,0,https://www.ebay.com/itm/297809206735
a17935c7-b7cd-4591-9d1e-ac785d0c6ac5,2025-11-30,26.4,PWCC Weekly Auctions,AUCTION,ok,0,https://www.fanaticscollect.com/weekly/cd0c67d2-c0de-11f0-bbe5-0aa5a1e132ff
a17935c7-b7cd-4591-9d1e-ac785d0c6ac5,2025-11-06,39.67,eBay,AUCTION,ok,0,https://www.ebay.com/itm/205815075618
a17935c7-b7cd-4591-9d1e-ac785d0c6ac5,2025-11-06,18.5,eBay,AUCTION,ok,0,https://www.ebay.com/itm/357837172783
a1069e7c-b1af-4da3-8d20-0f3c3f4a0cc4,2023-03-19,10,eBay,AUCTION,ok,0,https://www.ebay.com/itm/Hariyama-PSA-9-Platinum-Arceus-20-2009-Pokemon-Card-/225470814225
a13e98f4-7dab-40b8-a4bd-a70e61fc6061,2026-09-20,35,eBay,AUCTION,ok,0,https://www.ebay.com/itm/298659712024
a13e98f4-7dab-40b8-a4bd-a70e61fc6061,2024-08-02,9.5,eBay,AUCTION,ok,0,https://www.ebay.com/itm/2004-POKEMON-JAPANESE-CLASH-BLUE-SKY-059-SLAKING-HOLO-PSA-9-/305692443075
a13e98f4-7dab-40b8-a4bd-a70e61fc6061,2024-06-28,35,eBay,BEST_OFFER,ok,0,https://www.ebay.com/itm/PSA-9-Slaking-059-Holo-Foil-Clash-Blue-Sky-Japanese-Pokemon-Card-2004-/364313692990
a13e98f4-7dab-40b8-a4bd-a70e61fc6061,2023-07-17,12.5,eBay,AUCTION,ok,0,https://www.ebay.com/itm/2004-Pokemon-Japanese-Clash-Blue-Sky-059-Slaking-Holo-PSA-9-MINT-/374798985877
a13e98f4-7dab-40b8-a4bd-a70e61fc6061,2023-04-30,20.5,eBay,AUCTION,RELISTED,0,https://www.ebay.com/itm/PSA-9-Slaking-059-Holo-Foil-Clash-Blue-Sky-Japanese-Pokemon-Card-2004-/354727673097
a160effe-e57e-4ec3-9c23-6cd376c30d6e,2026-08-08,49.99,eBay,BUY_IT_NOW,ok,0,https://www.ebay.com/itm/127966815035
a160effe-e57e-4ec3-9c23-6cd376c30d6e,2026-07-04,23,PWCC Fixed Price,BEST_OFFER,ok,0,https://www.fanaticscollect.com/buy-now/85117cc3-a704-41f6-a4cd-31aba18b0f3d
a160effe-e57e-4ec3-9c23-6cd376c30d6e,2026-04-21,30,eBay,BEST_OFFER,ok,0,https://www.ebay.com/itm/227157820954
a160effe-e57e-4ec3-9c23-6cd376c30d6e,2025-10-05,14.4,PWCC Weekly Auctions,AUCTION,ok,0,https://www.fanaticscollect.com/weekly/8a22664e-8bf3-11f0-b858-06f5006af9df
a160effe-e57e-4ec3-9c23-6cd376c30d6e,2025-06-12,10.06,eBay,AUCTION,ok,0,https://www.ebay.com/itm/297377359156
a160effe-e57e-4ec3-9c23-6cd376c30d6e,2025-04-10,33.72,eBay,BUY_IT_NOW,ok,0,https://www.ebay.com/itm/235992642933
a160effe-e57e-4ec3-9c23-6cd376c30d6e,2024-11-13,20.41,eBay,AUCTION,ok,0,https://www.ebay.com/itm/Psa-9-Chandelure-Holo-20-99-Black-White-Next-Destinies-2012-/387586703714
a160effe-e57e-4ec3-9c23-6cd376c30d6e,2024-06-10,19.99,eBay,BUY_IT_NOW,ok,0,https://www.ebay.com/itm/PSA-9-Chandelure-Holo-20-Pokemon-Black-White-Next-Destinies-Mint-/276442454804
a160effe-e57e-4ec3-9c23-6cd376c30d6e,2024-05-19,17.5,eBay,AUCTION,ok,0,https://www.ebay.com/itm/Pokemon-Chandelure-Next-Destinies-Holo-Rare-20-PSA-9-Mint-/285851968559
a160effe-e57e-4ec3-9c23-6cd376c30d6e,2024-05-12,11.5,eBay,AUCTION,ok,0,https://www.ebay.com/itm/2012-Pokemon-B-W-Next-Destinies-Chandelure-Holo-PSA-9-/226120379495
a1406767-89ed-4dba-abb7-0e1f771d819e,2025-01-30,243.66,eBay,BUY_IT_NOW,ok,0,https://www.ebay.com/itm/Pokemon-Tcg-Shining-Legends-Sun-Moon-Mewtwo-Gx-Test-Tube-Sm3-MINT-PSA-9-/276678939498
a1406767-89ed-4dba-abb7-0e1f771d819e,2025-01-30,225,eBay,BUY_IT_NOW,ok,0,https://www.ebay.com/itm/2017-Korean-Pokemon-Sun-and-Moon-Mewtwo-GX-Holo-Shining-Legends-PSA-9-/166798820017
a1406767-89ed-4dba-abb7-0e1f771d819e,2023-06-15,135,eBay,BEST_OFFER,ok,0,https://www.ebay.com/itm/PSA-9-Mewtwo-GX-Alternate-Art-Shining-Legends-Secret-Rare-082-072-KOR-/354535501500
a1296590-5e41-4ff8-9275-7a2d86012c83,2026-06-24,65.52,eBay,BUY_IT_NOW,ok,0,https://www.ebay.com/itm/307003511246
a1296590-5e41-4ff8-9275-7a2d86012c83,2026-03-17,89,eBay,AUCTION,ok,0,https://www.ebay.com/itm/306812090298
a1296590-5e41-4ff8-9275-7a2d86012c83,2025-02-11,39.99,eBay,BUY_IT_NOW,ok,0,https://www.ebay.com/itm/POKEMON-2018-Sun-Moon-Lost-Thunder-GIRATINA-Holo-97-PSA-9-Mint-RARE-/326438392198
a1296590-5e41-4ff8-9275-7a2d86012c83,2024-05-19,13.2,PWCC Weekly Auctions,AUCTION,ok,0,https://www.fanaticscollect.com/weekly/3c366b50-0c20-11ef-adf2-0a58a9feac02
a1296590-5e41-4ff8-9275-7a2d86012c83,2023-06-18,15,eBay,AUCTION,ok,0,https://www.ebay.com/itm/2018-Pokemon-S-M-Giratina-HOLO-Lost-Thunder-97-PSA-9-MINT-/125972910974
a17e53ce-eaea-405a-abca-2fc4e2dc2613,2026-07-23,13.2,Alt,AUCTION,ok,0,https://alt.xyz/exchange/select-listing?ids=f138e905-1ce4-4ba1-8b39-d344135a822d
a17e53ce-eaea-405a-abca-2fc4e2dc2613,2026-07-23,13.2,Alt,AUCTION,ok,0,https://alt.xyz/exchange/select-listing?ids=d40d55d7-d304-4c3a-b627-8f5a2e4e4130
a17e53ce-eaea-405a-abca-2fc4e2dc2613,2026-06-17,15.5,eBay,AUCTION,ok,0,https://www.ebay.com/itm/298400839180
a17e53ce-eaea-405a-abca-2fc4e2dc2613,2026-06-17,14,eBay,AUCTION,ok,0,https://www.ebay.com/itm/306993094274
a17e53ce-eaea-405a-abca-2fc4e2dc2613,2026-06-17,14,eBay,AUCTION,ok,0,https://www.ebay.com/itm/298400838914
a17e53ce-eaea-405a-abca-2fc4e2dc2613,2025-10-24,16,eBay,BEST_OFFER,ok,0,https://www.ebay.com/itm/155749612623
a17e53ce-eaea-405a-abca-2fc4e2dc2613,2023-07-13,12,eBay,AUCTION,ok,0,https://www.ebay.com/itm/2000-Pokemon-Silver-Playing-Card-165-Ledyba-Jack-Clubs-PSA-9-MINT-/364337919991
a1000538-c051-485a-a3b6-af54e9aa46ad,2026-09-20,85,eBay,BEST_OFFER,ok,0,https://www.ebay.com/itm/237059853242
a1000538-c051-485a-a3b6-af54e9aa46ad,2026-09-19,71,eBay,AUCTION,ok,0,https://www.ebay.com/itm/307174068907
a1000538-c051-485a-a3b6-af54e9aa46ad,2026-09-19,70,eBay,AUCTION,ok,0,https://www.ebay.com/itm/307174068825
a1000538-c051-485a-a3b6-af54e9aa46ad,2026-09-19,66,eBay,AUCTION,ok,0,https://www.ebay.com/itm/298664610210
a1000538-c051-485a-a3b6-af54e9aa46ad,2026-09-19,63.88,eBay,AUCTION,ok,0,https://www.ebay.com/itm/307174068782
a1000538-c051-485a-a3b6-af54e9aa46ad,2026-09-14,85,eBay,BEST_OFFER,ok,0,https://www.ebay.com/itm/820110704315
a1000538-c051-485a-a3b6-af54e9aa46ad,2026-09-13,71.75,eBay,AUCTION,ok,0,https://www.ebay.com/itm/298639634442
a1000538-c051-485a-a3b6-af54e9aa46ad,2026-09-08,79.99,eBay,BUY_IT_NOW,ok,0,https://www.ebay.com/itm/117392240299
a1000538-c051-485a-a3b6-af54e9aa46ad,2026-09-06,99.88,eBay,AUCTION,ok,0,https://www.ebay.com/itm/137667228960
a1000538-c051-485a-a3b6-af54e9aa46ad,2026-09-04,79.88,eBay,AUCTION,ok,0,https://www.ebay.com/itm/800588703017
a153652d-e109-4f28-a48c-6adbf494289c,2025-12-12,30.95,eBay,BEST_OFFER,ok,0,https://www.ebay.com/itm/276841224198
a153652d-e109-4f28-a48c-6adbf494289c,2023-09-10,20.4,PWCC Weekly Auctions,AUCTION,ok,0,https://www.fanaticscollect.com/weekly/ec399026-43c7-11ee-84e0-06f59438a51f
a1c36a88-f319-41bb-bee7-48b0ddab5f66,2026-09-18,35,eBay,BEST_OFFER,ok,0,https://www.ebay.com/itm/206559031057
a1c36a88-f319-41bb-bee7-48b0ddab5f66,2026-06-21,23.52,eBay,AUCTION,ok,0,https://www.ebay.com/itm/137399881895
a1c36a88-f319-41bb-bee7-48b0ddab5f66,2026-04-01,37.95,eBay,BUY_IT_NOW,ok,0,https://www.ebay.com/itm/317918851047
a1c36a88-f319-41bb-bee7-48b0ddab5f66,2026-02-18,59.99,eBay,BUY_IT_NOW,ok,0,https://www.ebay.com/itm/406702447127
a1c36a88-f319-41bb-bee7-48b0ddab5f66,2026-01-09,30,eBay,BUY_IT_NOW,ok,0,https://www.ebay.com/itm/306687648205
a1c36a88-f319-41bb-bee7-48b0ddab5f66,2025-03-01,9.5,eBay,AUCTION,ok,0,https://www.ebay.com/itm/2016-POKEMON-XY-GENERATIONS-HOLO-42-MACHAMP-PSA-9-/306132057580
a1c36a88-f319-41bb-bee7-48b0ddab5f66,2025-01-05,59.99,eBay,BUY_IT_NOW,ok,0,https://www.ebay.com/itm/2016-POKEMON-XY-GENERATIONS-42-MACHAMP-HOLO-PSA-9-/256770495427
a1c36a88-f319-41bb-bee7-48b0ddab5f66,2024-12-10,55,eBay,AUCTION,ok,0,https://www.ebay.com/itm/2016-POKEMON-XY-GENERATIONS-42-MACHAMP-HOLO-PSA-9-/305947077899
a1c36a88-f319-41bb-bee7-48b0ddab5f66,2024-01-14,12.12,eBay,AUCTION,ok,0,https://www.ebay.com/itm/PSA-9-2016-POKEMON-XY-GENERATIONS-42-MACHAMP-HOLO-/235377526869
a1c36a88-f319-41bb-bee7-48b0ddab5f66,2023-11-13,22.5,eBay,AUCTION,ok,0,https://www.ebay.com/itm/Machamp-Holo-42-83-Generations-2016-Psa-9-Mint-/126172903825
a12ed953-1633-4c98-836d-a86f5438e58a,2026-07-23,22.84,eBay,AUCTION,ok,0,https://www.ebay.com/itm/298506990561
a12ed953-1633-4c98-836d-a86f5438e58a,2026-05-16,27.98,eBay,BUY_IT_NOW,ok,0,https://www.ebay.com/itm/336249356282
a12ed953-1633-4c98-836d-a86f5438e58a,2025-11-28,99,eBay,BUY_IT_NOW,ok,0,https://www.ebay.com/itm/376689775950
a12ed953-1633-4c98-836d-a86f5438e58a,2025-02-26,20,eBay,BEST_OFFER,ok,0,https://www.ebay.com/itm/Jigglypuff-306-190-Shiny-Treasure-ex-JP-Pokemon-TCG-Graded-PSA-9-/387676547203
a12ed953-1633-4c98-836d-a86f5438e58a,2025-01-12,5,eBay,BEST_OFFER,ok,0,https://www.ebay.com/itm/2023-SV4a-Japanese-Jigglypuff-Holo-306-190-PSA-9-Pokemon-/156633621574
a12ed953-1633-4c98-836d-a86f5438e58a,2024-12-29,6.51,eBay,AUCTION,ok,0,https://www.ebay.com/itm/2023-Pokemon-SV4a-Japanese-Jigglypuff-Holo-306-190-PSA-9-/176751056137
a12ed953-1633-4c98-836d-a86f5438e58a,2024-11-16,24,eBay,BUY_IT_NOW,ok,0,https://www.ebay.com/itm/Jigglypuff-S-306-190-SV4a-Shiny-Treasure-ex-Pokemon-Card-Japanese-PSA-9-/186774848743
a12ed953-1633-4c98-836d-a86f5438e58a,2024-06-23,10.8,PWCC Weekly Auctions,AUCTION,ok,0,https://www.fanaticscollect.com/weekly/fa86181c-1d23-11ef-b413-0a58a9feac02
a12ed953-1633-4c98-836d-a86f5438e58a,2024-05-12,12,PWCC Weekly Auctions,AUCTION,NOT_PAID,0,https://www.pwccmarketplace.com/items/4395590
a12ed953-1633-4c98-836d-a86f5438e58a,2024-03-24,13.49,eBay,BUY_IT_NOW,ok,0,https://www.ebay.com/itm/PSA-9-Mint-Jigglypuff-306-190-Shiny-Treasure-ex-Japanese-Pokemon-TCG-/235394667440
a116c7ea-0566-4e36-b8af-e08b16ee1d8c,2026-06-17,99.99,eBay,BUY_IT_NOW,ok,0,https://www.ebay.com/itm/326170782189
a116c7ea-0566-4e36-b8af-e08b16ee1d8c,2026-05-31,40.81,eBay,AUCTION,ok,0,https://www.ebay.com/itm/147325028623
a116c7ea-0566-4e36-b8af-e08b16ee1d8c,2026-02-16,72,eBay,BEST_OFFER,ok,0,https://www.ebay.com/itm/306049552667
a116c7ea-0566-4e36-b8af-e08b16ee1d8c,2024-09-15,40.47,eBay,AUCTION,ok,0,https://www.ebay.com/itm/PSA-9-Entei-Holo-Carddass-Zukan-Part-1-2005-Pokemon-Japanese-074-POP-4-/235738215765
a173a163-65f7-4304-8fd3-1957130202ed,2026-03-01,107.49,eBay,AUCTION,ok,0,https://www.ebay.com/itm/137051645593
a173a163-65f7-4304-8fd3-1957130202ed,2026-02-08,107.53,eBay,AUCTION,RELISTED,0,https://www.ebay.com/itm/136994835577
a173a163-65f7-4304-8fd3-1957130202ed,2025-10-12,94.11,eBay,AUCTION,ok,0,https://www.ebay.com/itm/136528946023
a173a163-65f7-4304-8fd3-1957130202ed,2025-09-14,112.65,eBay,AUCTION,ok,0,https://www.ebay.com/itm/136399590439
a173a163-65f7-4304-8fd3-1957130202ed,2025-01-19,78.29,eBay,AUCTION,ok,0,https://www.ebay.com/itm/FA-FEELINARA-GX-HIDDEN-FATES-GERMAN-POKEMON-SUN-MOON-2019-SV76-PSA-9-/135490699733
a170cdeb-ba09-4b62-ac40-71a451f7e42a,2026-08-02,30,eBay,BEST_OFFER,ok,0,https://www.ebay.com/itm/277184165771
a170cdeb-ba09-4b62-ac40-71a451f7e42a,2026-07-10,15,eBay,BEST_OFFER,ok,0,https://www.ebay.com/itm/318450206559
a170cdeb-ba09-4b62-ac40-71a451f7e42a,2026-04-28,30,eBay,AUCTION,ok,0,https://www.ebay.com/itm/117154263541
a170cdeb-ba09-4b62-ac40-71a451f7e42a,2026-02-21,68.57,eBay,BEST_OFFER,ok,0,https://www.ebay.com/itm/326480770316
a170cdeb-ba09-4b62-ac40-71a451f7e42a,2025-05-22,19.99,eBay,BUY_IT_NOW,ok,0,https://www.ebay.com/itm/306282597994
a170cdeb-ba09-4b62-ac40-71a451f7e42a,2025-04-20,5.5,eBay,AUCTION,ok,0,https://www.ebay.com/itm/297206533486
a170cdeb-ba09-4b62-ac40-71a451f7e42a,2025-04-14,43.33,eBay,BEST_OFFER,ok,0,https://www.ebay.com/itm/326512108453
a189b0d5-cf99-4177-aa76-4bfdac7312b4,2026-06-11,9.5,eBay,AUCTION,ok,0,https://www.ebay.com/itm/278055404675
a189b0d5-cf99-4177-aa76-4bfdac7312b4,2026-05-27,9.5,eBay,AUCTION,RELISTED,0,https://www.ebay.com/itm/278005135978
a189b0d5-cf99-4177-aa76-4bfdac7312b4,2026-05-13,24.89,eBay,AUCTION,ok,0,https://www.ebay.com/itm/147297010938
a189b0d5-cf99-4177-aa76-4bfdac7312b4,2025-04-18,5,eBay,AUCTION,ok,0,https://www.ebay.com/itm/286479352638
a16a4258-e17d-437e-bb8c-43ad1849a5d6,2026-09-04,22.5,eBay,AUCTION,ok,0,https://www.ebay.com/itm/298635212534
a16a4258-e17d-437e-bb8c-43ad1849a5d6,2026-05-11,19.67,eBay,BUY_IT_NOW,ok,0,https://www.ebay.com/itm/306619358498
a16a4258-e17d-437e-bb8c-43ad1849a5d6,2026-03-23,13.31,eBay,BEST_OFFER,ok,0,https://www.ebay.com/itm/297707895034
a16a4258-e17d-437e-bb8c-43ad1849a5d6,2026-03-02,10,eBay,BEST_OFFER,ok,0,https://www.ebay.com/itm/227156347583
a16a4258-e17d-437e-bb8c-43ad1849a5d6,2026-01-19,15.4,eBay,AUCTION,ok,0,https://www.ebay.com/itm/306705319400
a16a4258-e17d-437e-bb8c-43ad1849a5d6,2025-12-07,15.5,eBay,AUCTION,ok,0,https://www.ebay.com/itm/297805120946
a16a4258-e17d-437e-bb8c-43ad1849a5d6,2025-10-28,9.5,eBay,AUCTION,ok,0,https://www.ebay.com/itm/116836772443
a16a4258-e17d-437e-bb8c-43ad1849a5d6,2025-10-19,8.5,eBay,AUCTION,ok,0,https://www.ebay.com/itm/297676981382
a16a4258-e17d-437e-bb8c-43ad1849a5d6,2025-08-23,9.25,eBay,AUCTION,ok,0,https://www.ebay.com/itm/306451965936
a16a4258-e17d-437e-bb8c-43ad1849a5d6,2025-08-23,8,eBay,AUCTION,ok,0,https://www.ebay.com/itm/116737033507
a1be689a-77dd-454a-b477-a969e9225643,2026-05-27,79.99,eBay,BEST_OFFER,ok,0,https://www.ebay.com/itm/377211277185
a1be689a-77dd-454a-b477-a969e9225643,2025-07-27,236.01,eBay,AUCTION,ok,0,https://www.ebay.com/itm/286706625380
a120c3fd-d5c6-4d2d-8058-66a928b5eaac,2025-10-05,18,PWCC Weekly Auctions,AUCTION,ok,0,https://www.fanaticscollect.com/weekly/9e0cca2e-999e-11f0-b585-0a58a9feac02
a1209789-2f3a-4440-acad-a38352519cf3,2026-08-02,25,eBay,BUY_IT_NOW,ok,0,https://www.ebay.com/itm/137431235928
a1209789-2f3a-4440-acad-a38352519cf3,2026-05-16,21.5,eBay,AUCTION,ok,0,https://www.ebay.com/itm/117186612212
a1209789-2f3a-4440-acad-a38352519cf3,2026-04-01,12.5,eBay,AUCTION,ok,0,https://www.ebay.com/itm/298156478958
a1209789-2f3a-4440-acad-a38352519cf3,2026-04-01,11.5,eBay,AUCTION,ok,0,https://www.ebay.com/itm/306840616725
a1209789-2f3a-4440-acad-a38352519cf3,2026-04-01,11.5,eBay,AUCTION,ok,0,https://www.ebay.com/itm/298156479026
a1209789-2f3a-4440-acad-a38352519cf3,2026-04-01,11.5,eBay,AUCTION,ok,0,https://www.ebay.com/itm/117105876854
a1209789-2f3a-4440-acad-a38352519cf3,2026-04-01,11.5,eBay,AUCTION,ok,0,https://www.ebay.com/itm/117105876691
a1209789-2f3a-4440-acad-a38352519cf3,2026-04-01,11,eBay,AUCTION,ok,0,https://www.ebay.com/itm/298156478967
a1209789-2f3a-4440-acad-a38352519cf3,2026-04-01,9.43,eBay,AUCTION,ok,0,https://www.ebay.com/itm/298156478942
a1209789-2f3a-4440-acad-a38352519cf3,2026-03-19,14.5,eBay,AUCTION,ok,0,https://www.ebay.com/itm/117082537091
a18b63b8-362c-4508-958d-255451c33006,2026-09-22,33,eBay,AUCTION,ok,0,https://www.ebay.com/itm/318871426674
a18b63b8-362c-4508-958d-255451c33006,2026-09-22,32,eBay,BEST_OFFER,ok,0,https://www.ebay.com/itm/800672287299
a18b63b8-362c-4508-958d-255451c33006,2026-09-22,30,eBay,AUCTION,ok,0,https://www.ebay.com/itm/137760321508
a18b63b8-362c-4508-958d-255451c33006,2026-09-21,37,PWCC Fixed Price,BEST_OFFER,ok,0,https://www.fanaticscollect.com/buy-now/2eb4104a-7d3e-4886-b323-1f2e80c92663
a18b63b8-362c-4508-958d-255451c33006,2026-09-20,33,eBay,BEST_OFFER,ok,0,https://www.ebay.com/itm/287598326888
a18b63b8-362c-4508-958d-255451c33006,2026-09-20,31,eBay,AUCTION,ok,0,https://www.ebay.com/itm/298664777122
a18b63b8-362c-4508-958d-255451c33006,2026-09-20,28,eBay,AUCTION,ok,0,https://www.ebay.com/itm/128081116897
a18b63b8-362c-4508-958d-255451c33006,2026-09-19,37.73,eBay,BEST_OFFER,ok,0,https://www.ebay.com/itm/206540044163
a18b63b8-362c-4508-958d-255451c33006,2026-09-19,27,eBay,AUCTION,ok,0,https://www.ebay.com/itm/307174016529
a18b63b8-362c-4508-958d-255451c33006,2026-09-19,26,eBay,AUCTION,ok,0,https://www.ebay.com/itm/147568915398
a1fc840c-9860-4481-b992-bc5fe87c6e4d,2025-12-17,34.99,eBay,BUY_IT_NOW,ok,0,https://www.ebay.com/itm/236318558252
a1f0686c-7516-4ecd-a130-cac72afa1a31,2026-02-25,70,eBay,BEST_OFFER,ok,0,https://www.ebay.com/itm/117048917387
a145729f-4e60-4cfd-adc2-9b479f240d86,2026-05-14,58.86,eBay,AUCTION,ok,0,https://www.ebay.com/itm/298294912821
a145729f-4e60-4cfd-adc2-9b479f240d86,2026-05-14,58.86,eBay,AUCTION,ok,0,https://www.ebay.com/itm/117181543947
a145729f-4e60-4cfd-adc2-9b479f240d86,2026-05-14,56.58,eBay,AUCTION,ok,0,https://www.ebay.com/itm/298294913014
a138525c-2e1a-478a-8298-b1f66eab59c3,2026-09-12,19.1,eBay,AUCTION,ok,0,https://www.ebay.com/itm/298641553863
a138525c-2e1a-478a-8298-b1f66eab59c3,2026-09-12,11.63,eBay,AUCTION,ok,0,https://www.ebay.com/itm/307163702935
a138525c-2e1a-478a-8298-b1f66eab59c3,2026-09-12,11.53,eBay,AUCTION,ok,0,https://www.ebay.com/itm/298646618209
a138525c-2e1a-478a-8298-b1f66eab59c3,2026-09-12,11,eBay,AUCTION,ok,0,https://www.ebay.com/itm/117396657707
a138525c-2e1a-478a-8298-b1f66eab59c3,2026-09-09,12.5,eBay,AUCTION,ok,0,https://www.ebay.com/itm/307146600489
a138525c-2e1a-478a-8298-b1f66eab59c3,2026-09-05,13.5,eBay,AUCTION,ok,0,https://www.ebay.com/itm/307151705312
a138525c-2e1a-478a-8298-b1f66eab59c3,2026-09-05,13.5,eBay,AUCTION,ok,0,https://www.ebay.com/itm/117383742763
a138525c-2e1a-478a-8298-b1f66eab59c3,2026-09-05,13,eBay,AUCTION,ok,0,https://www.ebay.com/itm/117383742695
a138525c-2e1a-478a-8298-b1f66eab59c3,2026-09-05,12.5,eBay,AUCTION,ok,0,https://www.ebay.com/itm/307151705076
a138525c-2e1a-478a-8298-b1f66eab59c3,2026-09-05,12.5,eBay,AUCTION,ok,0,https://www.ebay.com/itm/117383742679
