asset_id,grade,sales
011520b6-5f67-495f-821b-ede348b5e0cf,10,13:235
2ed2540d-08d3-4227-8384-b21b4c98ba34,10,14:55
32a88186-1e41-45ed-9045-b7f660e34782,10,21:325
39e043dd-a247-4f89-ba60-1b0baa81ec92,9,28:155
3c9149c8-2390-44ee-b53e-e9f6db054e92,9,18:4890
5a6b1146-e59d-42c1-adc4-87354c521bcf,9,23:275
5b449903-44c1-4bd8-b19a-aadffe58158b,9,25:395
68139225-0c61-4d1b-b195-04840c42d3c5,9,22:1550
965013c1-3042-42bf-8223-27311e294c5d,9,10:36
9eac3fee-c522-4da8-b0ac-24ef317dac01,9,12:40
9eb57a2b-6b13-4313-a6b0-e0621b57d51a,9,12:225
acf66ede-8301-42d5-9fe8-b9471c404d9a,9,17:1600
bed84061-715b-4da9-8c42-be70f3102d44,9,23:330
c3cf3685-9767-4a1e-920e-47b8f74775c5,10,4:2900
d3b1624b-5991-4888-874c-3c688a1d6f8c,10,14:650
e627052b-93e8-42ca-9965-e49c0980bac8,9,1:20.5
e73fa561-d740-4243-be9a-5c5acedaae3f,10,20:16500
f0382be0-4d4b-45e7-a266-5d91b204fac9,10,21:390
fafb865e-6ff6-44bd-a61a-eea297a53a80,10,22:850
