character,alt_english_rows,with_psa10_pop,zero_psa10_pop,no_psa_rows,with_price,alt_market_cap_usd,alt_market_cap_le2013_usd,newest_scrape,mkt_cap_chg_30d_pct_le2013,mkt_cap_chg_30d_coverage_le2013,mkt_cap_chg_60d_pct_le2013,mkt_cap_chg_60d_coverage_le2013,mkt_cap_chg_90d_pct_le2013,mkt_cap_chg_90d_coverage_le2013,mkt_cap_chg_180d_pct_le2013,mkt_cap_chg_180d_coverage_le2013,mkt_cap_chg_1y_pct_le2013,mkt_cap_chg_1y_coverage_le2013
Charizard,252,176,5,71,174,665165403,304462008,2026-09-29,20.4,1.0,34.87,1.0,36.96,1.0,50.08,1.0,217.64,1.0
Pikachu,503,334,13,156,326,390244723,94346726,2026-09-29,20.6,1.0,28.3,1.0,27.25,1.0,88.35,1.0,321.1,1.0
Umbreon,100,80,0,20,76,239609586,65866505,2026-09-29,36.98,1.0,61.38,1.0,84.53,1.0,205.38,1.0,428.47,1.0
Gengar,104,87,3,14,84,215272437,98064296,2026-09-29,61.99,1.0,107.06,1.0,116.91,1.0,297.02,0.998,639.57,0.998
Mewtwo,201,132,5,64,129,206559278,88771014,2026-09-29,54.74,1.0,83.03,1.0,89.4,1.0,158.44,1.0,504.89,0.998
Mew,101,78,2,21,76,186585119,65451442,2026-09-29,29.61,1.0,47.4,1.0,67.02,1.0,163.2,1.0,428.56,0.997
Rayquaza,109,82,5,22,78,136750570,44972674,2026-09-29,53.0,1.0,136.65,1.0,155.23,1.0,306.93,1.0,565.35,1.0
Lugia,94,69,1,24,68,89437459,42456228,2026-09-29,15.6,1.0,49.17,1.0,69.0,1.0,130.2,1.0,451.26,1.0
Dragonite,104,79,5,20,77,68260142,42958889,2026-09-29,47.36,1.0,59.31,1.0,63.75,1.0,125.04,1.0,378.64,0.999
Gyarados,124,105,1,18,98,64645297,49342029,2026-09-29,40.53,0.995,46.96,0.99,52.6,0.99,107.72,0.99,375.97,0.989
Blastoise,116,81,5,30,78,61133222,33632383,2026-09-29,28.65,1.0,29.42,1.0,33.52,1.0,52.77,1.0,286.68,1.0
Latias,57,45,2,10,45,60436950,13325146,2026-09-29,4.96,1.0,26.25,1.0,370.86,1.0,420.85,1.0,751.76,0.992
Espeon,77,65,1,11,63,56909481,30433757,2026-09-29,50.12,1.0,74.92,1.0,107.92,1.0,197.56,1.0,667.2,0.999
Zapdos,111,87,2,22,88,55718774,20273641,2026-09-29,63.15,1.0,75.01,1.0,76.29,1.0,101.72,1.0,295.12,1.0
Moltres,90,69,2,19,67,53599902,18247894,2026-09-29,74.4,1.0,84.89,1.0,107.53,1.0,165.31,1.0,525.01,1.0
Venusaur,107,77,3,27,75,52921623,27988775,2026-09-29,86.44,1.0,79.39,1.0,75.86,1.0,102.31,1.0,224.08,1.0
Snorlax,122,104,1,17,98,52813007,29772653,2026-09-29,28.81,1.0,34.7,1.0,133.74,0.99,237.39,0.99,493.76,0.99
Latios,62,50,2,10,48,52171933,7867144,2026-09-29,63.27,1.0,87.92,1.0,105.96,1.0,160.8,1.0,288.97,1.0
Giratina,48,38,2,8,37,51778265,830902,2026-09-29,10.65,1.0,16.52,1.0,36.32,1.0,75.88,1.0,316.14,1.0
Articuno,91,71,2,18,68,48568530,17431575,2026-09-29,101.88,1.0,139.52,1.0,139.1,0.987,207.7,0.987,587.48,0.987
Mimikyu,71,54,1,16,53,45244758,0,2026-09-29,,,,,,,,,,
Tyranitar,96,81,2,13,78,42334336,26873026,2026-09-29,67.46,1.0,69.5,1.0,72.84,1.0,134.25,1.0,381.26,1.0
Charmander,121,99,1,21,97,41703509,19350487,2026-09-29,85.19,1.0,98.11,1.0,80.9,1.0,156.0,1.0,328.02,1.0
Zekrom,52,42,3,7,40,37416816,2716512,2026-09-29,86.73,1.0,100.5,1.0,99.84,1.0,194.06,1.0,304.71,0.996
Celebi,56,44,2,10,43,37184963,26471340,2026-09-29,59.58,1.0,66.01,1.0,89.87,1.0,104.76,1.0,422.17,1.0
Sylveon,62,47,1,14,45,36835729,56000,2026-09-29,0.0,1.0,0.0,1.0,5.26,1.0,5.26,1.0,122.22,1.0
Magikarp,101,83,4,14,77,36522187,8433631,2026-09-29,11.5,1.0,5.17,1.0,7.18,1.0,81.8,1.0,241.92,1.0
Alakazam,64,53,1,10,50,35822441,23652907,2026-09-29,76.26,1.0,93.54,1.0,101.61,1.0,112.16,1.0,298.83,1.0
Eevee,196,150,5,41,143,34743586,6486632,2026-09-29,17.79,1.0,23.94,1.0,27.14,1.0,63.5,1.0,191.37,1.0
Reshiram,71,56,1,14,54,33822874,4300460,2026-09-29,14.69,1.0,46.55,1.0,68.66,1.0,127.94,1.0,135.32,1.0
Raichu,151,126,4,21,120,33180954,22830120,2026-09-29,28.58,1.0,39.84,1.0,42.31,1.0,45.28,0.994,184.7,0.994
Gardevoir,82,74,0,8,69,31124243,3108001,2026-09-29,44.11,1.0,43.57,1.0,60.01,1.0,138.64,1.0,427.99,1.0
Flareon,91,74,3,14,72,30470615,17755822,2026-09-29,57.89,1.0,94.59,1.0,108.64,1.0,200.84,1.0,411.91,1.0
Greninja,57,46,2,9,45,27818437,0,2026-09-29,,,,,,,,,,
Vaporeon,94,75,2,17,72,27448370,17298055,2026-09-29,32.14,0.999,31.77,0.999,56.38,0.999,166.87,0.999,390.56,0.999
Raikou,43,35,0,8,35,26571747,22968676,2026-09-29,84.96,1.0,123.44,1.0,130.46,1.0,274.97,1.0,623.39,1.0
Squirtle,85,61,3,21,57,25973883,12730886,2026-09-29,27.9,1.0,47.98,1.0,52.34,1.0,66.06,1.0,219.4,1.0
Darkrai,62,52,2,8,49,25892513,6682684,2026-09-29,107.81,1.0,107.7,1.0,147.14,1.0,291.88,1.0,702.47,1.0
Kyogre,56,48,2,6,46,25080244,17357400,2026-09-29,106.35,1.0,182.02,1.0,201.91,1.0,376.84,0.99,1446.67,0.99
Arceus,49,39,0,10,38,24932000,6168025,2026-09-29,203.8,1.0,222.97,1.0,357.06,1.0,612.85,1.0,1513.77,1.0
Ho-Oh,69,48,1,20,47,24058227,16572816,2026-09-29,41.02,1.0,115.24,1.0,127.37,1.0,191.2,0.999,558.87,0.999
Dialga,68,56,3,9,52,22625507,6170005,2026-09-29,58.3,1.0,207.14,1.0,244.67,1.0,463.48,1.0,985.8,0.988
Groudon,60,52,3,5,48,22077291,11471100,2026-09-29,72.35,1.0,135.49,1.0,154.37,1.0,170.33,1.0,486.95,1.0
Suicune,65,54,0,11,51,21944079,18201735,2026-09-29,40.92,1.0,54.64,1.0,77.08,1.0,227.12,1.0,368.15,1.0
Palkia,55,47,1,7,46,21425877,6511738,2026-09-29,16.95,0.797,202.52,0.797,245.08,0.797,425.53,0.797,1036.22,0.782
Jolteon,94,79,1,14,77,21379634,12549359,2026-09-29,17.81,1.0,22.19,1.0,34.13,1.0,90.65,1.0,262.5,1.0
Psyduck,78,63,4,11,58,19607624,6343864,2026-09-29,19.56,1.0,40.56,1.0,44.41,1.0,124.32,1.0,327.98,1.0
Machamp,93,73,7,13,71,18254540,13411106,2026-09-29,27.53,1.0,76.35,1.0,88.92,1.0,124.1,1.0,377.45,1.0
Bulbasaur,84,57,3,24,55,17551994,6085188,2026-09-29,22.09,1.0,21.43,1.0,17.81,0.999,58.8,0.999,145.22,0.999
Deoxys,74,61,0,13,54,17527332,7360801,2026-09-29,22.08,1.0,82.45,1.0,113.96,1.0,200.33,1.0,480.27,0.998
Lucario,106,77,8,21,71,17263857,589917,2026-09-29,2.29,1.0,20.98,1.0,20.98,1.0,91.86,0.985,255.06,0.985
Entei,63,52,2,9,49,17214096,13655728,2026-09-29,36.66,1.0,40.9,1.0,46.17,1.0,162.58,1.0,307.09,1.0
Leafeon,75,49,3,23,46,16628535,245981,2026-09-29,44.71,1.0,237.51,1.0,241.44,1.0,250.04,1.0,329.06,1.0
Chansey,52,36,4,12,31,16286084,14390121,2026-09-29,12.28,1.0,13.92,1.0,14.78,1.0,119.31,1.0,333.64,0.8
Glaceon,69,48,4,17,46,16277565,544508,2026-09-29,-1.23,1.0,4.28,1.0,-15.0,1.0,15.28,1.0,123.26,0.898
Houndoom,80,69,3,8,63,15421528,13134457,2026-09-29,80.47,1.0,87.26,1.0,114.0,1.0,199.49,1.0,723.36,1.0
Typhlosion,59,47,1,11,45,15394579,13846346,2026-09-29,29.8,1.0,36.67,1.0,40.58,0.999,259.94,0.999,625.27,0.999
Ninetales,109,89,5,15,84,13946059,10697543,2026-09-29,54.67,1.0,61.52,1.0,59.0,1.0,90.04,1.0,274.36,1.0
Garchomp,56,46,3,7,40,13276763,1561500,2026-09-29,0.0,0.915,7.71,0.915,9.76,0.915,148.22,0.915,298.3,0.915
Kabutops,39,38,1,0,35,12424327,12366559,2026-09-29,44.92,1.0,46.37,1.0,42.67,1.0,74.03,1.0,419.24,1.0
Magneton,90,67,7,16,65,12154155,8518725,2026-09-29,26.42,0.999,30.61,0.999,25.98,0.999,32.37,0.999,261.69,0.998
Wailord,32,25,2,5,22,12138803,891030,2026-09-29,46.11,1.0,49.55,1.0,50.09,1.0,253.49,1.0,530.06,1.0
Arcanine,85,68,4,13,60,11767523,11078787,2026-09-29,32.38,1.0,34.46,1.0,43.9,1.0,76.56,1.0,243.29,1.0
Ditto,66,51,1,14,50,11480058,10170595,2026-09-29,41.28,1.0,52.25,1.0,58.63,1.0,92.47,1.0,571.51,1.0
Nidoking,43,32,2,9,29,11418818,8946242,2026-09-29,69.97,1.0,96.92,1.0,100.6,1.0,103.89,1.0,415.75,1.0
Clefairy,84,59,8,17,54,10961428,6522018,2026-09-29,81.29,1.0,82.01,1.0,74.37,1.0,132.06,1.0,284.9,1.0
Charmeleon,80,65,2,13,62,10775175,6246497,2026-09-29,48.31,1.0,44.45,1.0,86.05,1.0,136.92,1.0,339.77,1.0
Ampharos,64,55,1,8,49,10348355,9473506,2026-09-29,28.09,0.987,90.9,0.987,87.11,0.987,164.24,0.987,729.21,0.987
Blaziken,60,50,2,8,49,10330749,3409217,2026-09-29,72.96,0.996,91.66,0.996,104.23,0.996,166.33,0.996,342.32,0.984
Kingdra,43,34,3,6,30,10328207,3825399,2026-09-29,41.05,1.0,48.16,1.0,46.62,1.0,83.47,1.0,406.42,1.0
Slowking,46,41,2,3,37,9544806,8304142,2026-09-29,37.13,1.0,44.85,1.0,59.68,1.0,276.62,1.0,739.35,1.0
Victini,54,46,3,5,40,9539565,671964,2026-09-29,18.71,1.0,45.23,1.0,108.78,1.0,168.6,1.0,134.04,0.919
Meowth,111,80,9,22,70,9268489,3735118,2026-09-29,10.93,1.0,26.33,1.0,40.07,1.0,68.72,1.0,363.74,0.993
Piplup,42,26,6,10,19,9179925,33350,2026-09-29,0.0,1.0,0.0,1.0,0.0,1.0,0.0,1.0,113.18,0.994
Scizor,54,48,2,4,42,8371738,5880328,2026-09-29,44.68,1.0,49.23,1.0,47.76,1.0,199.72,1.0,423.66,1.0
Metagross,52,46,4,2,39,8362360,6658973,2026-09-29,57.11,1.0,64.91,1.0,64.33,0.997,78.47,0.997,371.36,0.997
Steelix,59,48,5,6,43,8331412,6626772,2026-09-29,48.0,1.0,52.82,1.0,62.22,1.0,91.92,1.0,345.22,1.0
Slowpoke,78,67,0,11,54,8005430,1361386,2026-09-29,27.36,1.0,24.95,1.0,30.8,1.0,81.18,1.0,267.83,0.967
Persian,54,46,3,5,38,7752280,6424636,2026-09-29,120.37,1.0,139.76,1.0,141.09,1.0,170.53,1.0,793.0,1.0
Cleffa,25,19,2,4,19,7738396,229676,2026-09-29,33.7,1.0,46.64,1.0,87.88,1.0,100.8,1.0,223.67,0.998
Zoroark,62,48,6,8,47,7553726,218572,2026-09-29,7.06,1.0,10.48,1.0,12.36,1.0,22.44,1.0,439.46,1.0
Sableye,42,34,4,4,28,7378782,726072,2026-09-29,46.3,1.0,43.12,1.0,43.11,1.0,35.95,1.0,909.66,1.0
Feraligatr,44,37,4,3,34,7291488,6442127,2026-09-29,19.04,1.0,32.33,1.0,50.98,1.0,91.63,1.0,506.32,1.0
Aerodactyl,48,38,5,5,36,7264190,3725829,2026-09-29,27.8,1.0,37.52,1.0,50.61,1.0,57.63,1.0,333.1,1.0
Poliwrath,48,35,3,10,31,7136321,7013619,2026-09-29,48.03,1.0,48.47,1.0,46.38,1.0,61.11,1.0,315.44,1.0
Pichu,35,28,2,5,26,7037236,7033402,2026-09-29,47.23,1.0,67.41,1.0,70.58,1.0,311.43,1.0,712.37,1.0
Togepi,46,32,5,9,29,6830055,783777,2026-09-29,0.51,1.0,3.38,1.0,8.64,1.0,107.48,0.891,149.15,0.891
Treecko,47,33,5,9,27,6620533,6551656,2026-09-29,2.73,1.0,106.07,1.0,110.61,1.0,461.67,1.0,785.12,0.996
Lapras,75,63,6,6,56,6557124,4176744,2026-09-29,21.2,1.0,23.04,1.0,23.85,1.0,70.07,0.992,270.16,0.992
Salamence,49,41,2,6,41,6528209,4741881,2026-09-29,60.07,1.0,80.96,1.0,72.72,1.0,203.78,1.0,499.54,1.0
Jirachi,53,40,3,10,38,6480575,2943932,2026-09-29,25.14,1.0,110.17,1.0,116.64,1.0,234.84,1.0,620.14,1.0
Dragonair,65,55,1,9,49,6258195,5121963,2026-09-29,27.28,1.0,52.83,1.0,55.04,1.0,95.54,1.0,222.18,0.989
Wartortle,53,37,2,14,37,6226364,3500052,2026-09-29,7.65,1.0,5.44,1.0,14.2,1.0,43.51,1.0,185.5,1.0
Igglybuff,16,12,1,3,11,6214661,175055,2026-09-29,0.0,1.0,1.05,1.0,3.34,1.0,26.48,1.0,284.8,1.0
Ivysaur,53,41,1,11,39,6055660,3029983,2026-09-29,14.97,1.0,13.02,1.0,33.33,1.0,71.06,1.0,161.9,1.0
Hitmonchan,50,35,3,12,32,6015770,5940552,2026-09-29,42.54,1.0,41.26,1.0,54.34,1.0,18.39,1.0,230.74,0.998
Haunter,76,63,2,11,62,5791831,4955658,2026-09-29,22.64,1.0,28.94,1.0,19.43,1.0,63.84,1.0,245.34,1.0
Scyther,66,54,5,7,47,5395528,5100963,2026-09-29,49.91,1.0,55.42,1.0,53.44,1.0,72.47,1.0,300.51,1.0
Crobat,59,48,4,7,45,5233083,3985597,2026-09-29,25.69,1.0,27.9,1.0,20.44,1.0,99.79,1.0,318.6,1.0
Clefable,52,38,6,8,34,5209219,4801030,2026-09-29,72.4,1.0,109.84,1.0,118.61,1.0,150.33,1.0,538.32,1.0
Starmie,66,50,5,11,45,4734361,1585465,2026-09-29,6.76,1.0,9.44,1.0,9.79,1.0,38.49,1.0,180.84,1.0
Flying Pikachu,10,6,0,4,6,4551033,2098200,2026-09-29,14.03,1.0,22.88,1.0,85.27,1.0,189.96,1.0,641.12,1.0
Vileplume,51,40,2,9,40,4415228,3723392,2026-09-29,54.61,0.999,71.93,0.999,67.38,0.999,37.36,0.999,308.73,0.999
Meganium,38,31,2,5,30,4405736,4035409,2026-09-29,77.43,1.0,84.14,1.0,85.99,1.0,129.73,1.0,690.79,1.0
Golem,44,37,5,2,34,4350962,4197462,2026-09-29,47.62,1.0,42.13,1.0,38.4,1.0,46.68,1.0,260.06,1.0
Lunala,24,19,0,5,19,4235279,0,2026-09-29,,,,,,,,,,
Electrode,85,62,10,13,60,4232642,3952796,2026-09-29,93.18,1.0,90.86,1.0,91.57,1.0,136.0,1.0,274.24,1.0
Muk,51,38,8,5,31,4198267,3373890,2026-09-29,94.86,1.0,93.87,1.0,106.16,1.0,84.01,1.0,408.36,1.0
Surfing Pikachu,6,5,0,1,5,4134291,1564680,2026-09-29,4.9,1.0,9.36,1.0,7.43,1.0,65.84,1.0,247.54,1.0
Solgaleo,25,20,1,4,19,4104040,0,2026-09-29,,,,,,,,,,
Shaymin,51,37,6,8,34,3915462,1069184,2026-09-29,2.53,1.0,21.47,1.0,112.8,1.0,315.05,1.0,504.62,1.0
Absol,50,42,3,5,39,3897079,2695874,2026-09-29,35.67,0.997,26.9,0.997,43.15,0.997,179.76,0.997,406.88,0.997
Kangaskhan,60,50,3,7,48,3830059,2124069,2026-09-29,54.3,1.0,53.02,0.999,51.34,0.999,96.34,0.999,306.41,0.999
Milotic,46,37,7,2,31,3809478,2027392,2026-09-29,5.01,1.0,9.43,1.0,77.98,1.0,180.9,1.0,364.42,1.0
Togetic,23,15,2,6,13,3806738,3798158,2026-09-29,104.71,1.0,125.15,1.0,133.37,1.0,193.62,1.0,723.91,1.0
Hypno,43,38,3,2,34,3771284,3736828,2026-09-29,33.52,1.0,49.73,1.0,43.59,1.0,58.32,1.0,247.5,1.0
Pidgeot,48,41,1,6,40,3571934,2581977,2026-09-29,12.4,1.0,21.95,0.999,31.02,0.999,79.56,0.999,245.65,0.981
Slowbro,55,43,4,8,41,3565524,3099031,2026-09-29,44.51,1.0,48.95,1.0,51.13,1.0,62.87,1.0,359.61,1.0
Exeggutor,69,58,6,5,54,3481385,1638966,2026-09-29,1.4,1.0,-5.22,1.0,16.06,1.0,30.28,0.986,261.02,0.977
Nidoqueen,36,29,4,3,26,3391975,3376431,2026-09-29,78.75,1.0,93.87,1.0,106.22,1.0,153.53,1.0,422.14,1.0
Azumarill,34,24,8,2,21,3309780,3277852,2026-09-29,95.13,1.0,122.12,0.993,141.92,0.993,313.65,0.993,1035.74,0.993
Electabuzz,65,47,4,14,41,3256855,3190359,2026-09-29,37.75,1.0,56.27,1.0,51.72,1.0,70.62,1.0,177.77,0.999
Regirock,24,19,2,3,18,3233034,3163478,2026-09-29,62.69,1.0,62.47,1.0,53.62,1.0,150.72,1.0,513.91,1.0
Beedrill,52,37,5,10,35,3198965,2227665,2026-09-29,24.55,1.0,32.33,1.0,27.26,1.0,64.51,1.0,168.69,1.0
Jigglypuff,67,52,3,12,48,3043621,1278502,2026-09-29,5.4,1.0,14.79,1.0,17.84,1.0,41.98,1.0,248.7,1.0
Noctowl,31,23,4,4,20,3010460,2601504,2026-09-29,38.52,1.0,39.64,1.0,3.53,1.0,73.82,1.0,355.24,1.0
Torchic,57,42,5,10,37,3007864,2828514,2026-09-29,49.21,1.0,51.08,1.0,60.95,1.0,63.34,1.0,251.39,0.98
Gliscor,22,11,8,3,3,2868788,2868600,2026-09-29,123.83,1.0,2616.48,1.0,2616.48,1.0,2658.27,1.0,24714.81,0.981
Registeel,19,17,1,1,15,2841176,2839880,2026-09-29,25.13,1.0,34.15,1.0,34.16,1.0,135.16,1.0,231.96,1.0
Wigglytuff,42,34,1,7,33,2830717,2349998,2026-09-29,8.18,1.0,6.63,1.0,28.05,1.0,37.77,1.0,246.96,0.781
Rhydon,35,26,4,5,22,2724972,2721923,2026-09-29,108.31,1.0,110.54,1.0,131.85,1.0,117.11,0.999,401.69,0.999
Regice,19,14,3,2,11,2691534,2689260,2026-09-29,29.45,1.0,39.68,1.0,56.65,1.0,95.25,1.0,375.74,1.0
Vulpix,105,86,5,14,77,2658265,1466633,2026-09-29,9.83,1.0,18.58,1.0,23.28,0.999,67.65,0.999,173.27,0.999
Blissey,30,23,2,5,22,2641241,2265574,2026-09-29,56.9,1.0,66.36,1.0,59.32,1.0,149.46,1.0,763.0,1.0
Marill,41,30,8,3,23,2628116,2164430,2026-09-29,120.14,1.0,130.5,1.0,134.91,1.0,315.81,1.0,992.32,1.0
Altaria,50,43,3,4,41,2620487,834884,2026-09-29,7.2,1.0,10.01,1.0,22.06,1.0,100.66,1.0,428.17,0.973
Empoleon,33,23,5,5,20,2593621,1911940,2026-09-29,3.82,0.435,6.58,0.435,16.06,0.435,31.98,0.435,541.29,0.435
Mudkip,44,33,4,7,28,2528805,2166702,2026-09-29,65.85,1.0,68.63,1.0,70.8,1.0,102.41,1.0,121.56,0.983
Butterfree,54,42,3,9,39,2526762,2237374,2026-09-29,3.03,1.0,26.15,0.999,28.76,0.999,40.41,0.999,636.93,0.999
Flygon,42,32,3,7,28,2525683,2081348,2026-09-29,41.88,0.992,70.15,0.991,78.62,0.991,277.79,0.978,468.97,0.978
Cresselia,22,19,0,3,17,2416166,2079505,2026-09-29,39.3,1.0,48.12,1.0,94.74,1.0,236.65,1.0,373.83,1.0
Sceptile,43,35,3,5,30,2407439,1417388,2026-09-29,36.4,1.0,60.71,1.0,63.04,1.0,126.23,1.0,309.02,1.0
Dugtrio,49,38,5,6,33,2397991,1940347,2026-09-29,15.91,1.0,29.26,1.0,38.66,1.0,43.65,1.0,256.73,1.0
Politoed,17,13,2,2,12,2378776,2377932,2026-09-29,82.78,1.0,68.78,1.0,92.5,1.0,142.31,1.0,600.04,1.0
Infernape,26,21,3,2,19,2332850,1801934,2026-09-29,64.91,1.0,54.51,1.0,59.39,1.0,83.67,1.0,565.78,1.0
Snivy,22,16,3,3,14,2321111,7315,2026-09-29,0.0,1.0,0.0,1.0,4.28,1.0,4.28,1.0,322.83,1.0
Dusknoir,30,23,3,4,22,2277677,770044,2026-09-29,66.44,1.0,67.49,1.0,176.31,1.0,190.07,1.0,619.61,0.997
Porygon,81,65,6,10,54,2260237,2063969,2026-09-29,28.03,1.0,28.84,1.0,40.55,1.0,79.01,1.0,334.62,0.998
Skarmory,56,34,11,11,29,2231875,1972298,2026-09-29,8.07,0.994,10.78,0.994,8.9,0.994,194.49,0.994,599.38,0.994
Seismitoad,15,8,2,5,6,2188648,0,2026-09-29,,,,,,,,,,
Mr. Mime,58,44,7,7,40,2105851,1648901,2026-09-29,0.79,1.0,-1.28,0.995,35.73,0.995,38.78,0.995,75.56,0.984
Swampert,30,26,0,4,23,2067170,2001898,2026-09-29,35.67,1.0,52.04,1.0,72.51,1.0,137.16,1.0,342.91,0.997
Lopunny,28,16,5,7,13,2060209,0,2026-09-29,,,,,,,,,,
Abra,35,29,1,5,28,1973899,1915355,2026-09-29,6.81,1.0,10.64,1.0,11.66,1.0,73.56,1.0,158.06,1.0
Kyurem,60,44,4,12,43,1967072,390582,2026-09-29,-0.09,1.0,22.49,1.0,39.58,1.0,59.71,1.0,68.84,1.0
Rapidash,64,46,7,11,43,1942162,1227898,2026-09-29,26.53,1.0,26.92,1.0,21.36,1.0,83.23,1.0,285.2,1.0
Onix,61,43,8,10,39,1914239,1834138,2026-09-29,44.48,1.0,56.99,1.0,79.02,1.0,112.55,1.0,252.64,1.0
Hitmonlee,30,25,2,3,21,1900606,1878866,2026-09-29,42.86,1.0,42.49,1.0,43.84,1.0,69.99,0.99,364.01,0.99
Arbok,35,30,3,2,28,1892920,1573462,2026-09-29,59.59,1.0,65.15,1.0,50.13,1.0,68.94,1.0,294.4,1.0
Golduck,43,36,5,2,31,1818762,1761262,2026-09-29,4.02,1.0,3.66,1.0,3.32,1.0,116.76,1.0,380.35,1.0
Weezing,55,39,6,10,34,1806978,1595462,2026-09-29,45.67,1.0,39.93,1.0,55.96,1.0,89.89,1.0,277.12,0.993
Magnemite,82,58,8,16,53,1800092,1568504,2026-09-29,51.28,1.0,75.1,1.0,64.33,1.0,124.03,1.0,258.79,0.997
Magcargo,42,34,5,3,31,1769189,1645453,2026-09-29,90.91,1.0,102.3,1.0,98.64,1.0,130.66,1.0,595.52,1.0
Heracross,38,28,6,4,26,1665157,1266417,2026-09-29,4.76,1.0,-0.2,1.0,7.1,1.0,50.21,0.932,564.92,0.932
Genesect,30,25,1,4,21,1643535,450855,2026-09-29,89.61,1.0,95.37,1.0,95.37,1.0,121.8,1.0,564.44,1.0
Unown,130,97,25,8,90,1569852,1061258,2026-09-29,44.51,1.0,44.26,1.0,44.59,1.0,82.39,1.0,292.48,0.996
Golbat,44,33,2,9,28,1539089,1537373,2026-09-29,68.24,1.0,69.21,1.0,66.18,1.0,72.17,1.0,300.22,1.0
Wobbuffet,44,30,5,9,26,1496598,647851,2026-09-29,37.93,1.0,55.97,1.0,38.81,1.0,377.32,1.0,589.63,0.996
Aggron,41,30,6,5,24,1481121,1219569,2026-09-29,53.67,1.0,56.79,1.0,58.28,1.0,101.87,1.0,330.19,1.0
Yanma,27,15,5,7,13,1444461,1420323,2026-09-29,23.38,1.0,39.2,1.0,13.64,1.0,42.14,1.0,793.83,1.0
Hydreigon,43,30,3,10,29,1399269,60367,2026-09-29,0.0,1.0,-4.54,1.0,34.67,1.0,66.77,0.911,105.07,0.911
Misdreavus,29,15,11,3,14,1391390,1336385,2026-09-29,6.94,1.0,9.46,0.999,79.3,0.999,344.34,0.999,511.7,0.999
Dewgong,42,29,1,12,28,1390952,1155597,2026-09-29,16.15,1.0,18.09,1.0,15.04,1.0,42.34,1.0,184.42,1.0
Riolu,53,27,10,16,26,1354370,947,2026-09-29,0.0,1.0,0.0,1.0,0.0,1.0,0.0,1.0,0.0,1.0
Seadra,42,30,6,6,28,1327242,1321136,2026-09-29,50.11,0.995,59.01,0.992,46.8,0.992,25.79,0.992,273.98,0.992
Sneasel,48,31,9,8,20,1324420,1112674,2026-09-29,47.72,1.0,64.35,1.0,62.9,1.0,219.79,1.0,414.59,1.0
Fearow,33,26,3,4,22,1291001,1290304,2026-09-29,36.1,1.0,42.69,1.0,61.9,1.0,49.88,1.0,334.84,1.0
Ledian,18,13,3,2,11,1275828,1221378,2026-09-29,203.65,1.0,169.14,1.0,195.82,1.0,191.27,1.0,1031.41,1.0
Magby,16,12,1,3,12,1265781,1139431,2026-09-29,62.01,1.0,156.88,1.0,151.15,1.0,162.46,1.0,2795.87,1.0
Magmar,56,40,6,10,37,1246623,1209790,2026-09-29,5.76,1.0,8.55,1.0,20.49,1.0,34.36,0.998,162.14,0.998
Ponyta,64,44,4,16,39,1239355,1156074,2026-09-29,4.72,1.0,10.4,1.0,8.83,1.0,23.5,1.0,147.17,1.0
Houndour,58,49,5,4,43,1231787,1037755,2026-09-29,14.85,1.0,17.46,1.0,10.14,1.0,202.62,1.0,424.25,1.0
Tentacruel,27,19,3,5,16,1219093,1217881,2026-09-29,39.8,1.0,49.52,1.0,54.09,1.0,35.58,1.0,271.57,0.999
Bellossom,19,17,1,1,13,1218266,1218266,2026-09-29,78.51,1.0,68.54,1.0,74.66,1.0,101.75,1.0,651.77,1.0
Sharpedo,42,33,3,6,24,1214748,338779,2026-09-29,19.71,1.0,49.27,1.0,68.14,1.0,160.5,1.0,669.07,1.0
Pinsir,44,34,4,6,31,1203818,946009,2026-09-29,7.83,1.0,10.65,1.0,-8.41,1.0,-1.12,1.0,102.73,1.0
Banette,31,26,4,1,23,1125530,719290,2026-09-29,76.58,1.0,132.47,1.0,137.48,1.0,308.23,1.0,761.2,0.985
Keldeo,27,19,2,6,17,1095517,107525,2026-09-29,0.0,1.0,4.62,1.0,7.21,1.0,14.8,1.0,42.27,1.0
Voltorb,81,62,7,12,53,1085359,875450,2026-09-29,8.76,1.0,36.06,1.0,24.89,1.0,71.83,0.993,171.58,0.99
Tangela,62,41,7,14,37,1074287,514819,2026-09-29,-11.2,1.0,-8.18,1.0,-14.78,1.0,17.06,1.0,59.24,1.0
Victreebel,29,24,3,2,22,1064568,1061936,2026-09-29,25.08,1.0,21.57,1.0,22.87,1.0,11.55,1.0,159.12,1.0
Jynx,46,35,2,9,30,1056549,936040,2026-09-29,18.18,1.0,17.62,1.0,13.76,1.0,62.75,1.0,140.93,0.979
Porygon2,18,18,0,0,14,1038877,1038427,2026-09-29,46.64,1.0,45.89,1.0,33.53,1.0,44.04,1.0,635.49,1.0
Smeargle,26,18,3,5,17,1011026,844716,2026-09-29,22.08,1.0,24.34,1.0,27.76,1.0,226.39,1.0,362.9,1.0
Thundurus,20,18,0,2,17,992478,525605,2026-09-29,-26.62,1.0,-22.06,1.0,33.32,1.0,682.25,1.0,644.99,1.0
Venomoth,29,22,2,5,22,956628,914398,2026-09-29,-2.96,1.0,-0.12,1.0,-6.28,1.0,11.62,1.0,202.85,1.0
Cloyster,27,21,0,6,21,951775,946338,2026-09-29,112.46,1.0,125.67,1.0,145.87,1.0,219.37,1.0,604.62,1.0
Piloswine,25,14,5,6,13,923706,923706,2026-09-29,99.36,1.0,101.8,1.0,101.09,1.0,160.55,1.0,559.72,1.0
Zorua,32,20,5,7,15,919328,22,2026-09-29,0.0,1.0,0.0,1.0,0.0,1.0,0.0,1.0,0.0,1.0
Jumpluff,22,16,3,3,14,912942,905556,2026-09-29,66.98,1.0,72.0,1.0,95.63,1.0,46.73,1.0,462.07,1.0
Electivire,32,17,4,11,12,903010,687700,2026-09-29,24.72,1.0,93.95,1.0,93.95,1.0,438.99,1.0,1516.18,1.0
Marowak,42,34,3,5,29,894319,830068,2026-09-29,9.6,1.0,35.74,1.0,42.15,1.0,95.83,1.0,232.6,0.995
Raticate,55,41,3,11,36,892758,716932,2026-09-29,-2.41,1.0,10.82,1.0,17.76,1.0,28.47,1.0,75.45,1.0
Lickitung,35,25,5,5,23,887728,594233,2026-09-29,27.98,0.998,35.41,0.998,42.15,0.998,82.5,0.998,260.05,0.955
Donphan,33,24,2,7,21,873447,719315,2026-09-29,120.56,1.0,107.57,1.0,89.64,1.0,121.71,1.0,481.67,1.0
Tornadus,23,23,0,0,19,871852,489550,2026-09-29,-5.32,1.0,115.95,1.0,185.12,1.0,223.54,1.0,520.4,1.0
Sudowoodo,31,22,5,4,18,870190,628247,2026-09-29,0.77,1.0,22.67,1.0,46.65,1.0,211.06,1.0,527.75,1.0
Pidgeotto,33,23,4,6,22,865038,667449,2026-09-29,22.84,1.0,35.26,1.0,20.89,1.0,39.27,1.0,100.03,1.0
Rotom,65,47,12,6,39,836370,293698,2026-09-29,45.71,1.0,92.76,1.0,92.77,1.0,499.57,1.0,899.81,1.0
Manectric,52,37,6,9,30,831817,596688,2026-09-29,49.69,1.0,70.71,1.0,69.4,1.0,216.81,1.0,445.52,0.979
Tauros,49,37,7,5,31,815239,585935,2026-09-29,13.45,1.0,33.82,1.0,26.72,1.0,148.47,1.0,318.69,1.0
Serperior,19,16,1,2,16,749287,178374,2026-09-29,39.56,1.0,39.56,1.0,60.47,1.0,203.55,1.0,320.46,1.0
Ursaring,24,17,5,2,15,746515,746145,2026-09-29,39.87,1.0,37.85,1.0,40.16,1.0,129.38,1.0,386.44,1.0
Mightyena,33,27,4,2,25,715352,605231,2026-09-29,67.48,1.0,105.07,1.0,122.59,1.0,313.55,0.993,565.76,0.992
Luxray,39,33,2,4,29,709962,408214,2026-09-29,0.0,1.0,1.74,1.0,157.38,1.0,242.61,1.0,381.47,0.986
Shiftry,32,26,4,2,22,699944,555139,2026-09-29,29.57,1.0,35.24,1.0,75.3,1.0,122.64,1.0,413.04,1.0
Mawile,44,34,4,6,31,698423,347533,2026-09-29,228.04,1.0,228.2,1.0,255.45,1.0,320.92,1.0,979.2,1.0
Lumineon,14,8,3,3,7,693792,6500,2026-09-29,0.0,1.0,0.0,1.0,0.0,1.0,0.0,1.0,0.0,1.0
Meloetta,17,13,2,2,11,681849,282592,2026-09-29,114.0,1.0,114.15,1.0,114.15,1.0,279.22,1.0,371.34,1.0
Regigigas,36,28,2,6,16,671401,149780,2026-09-29,0.0,1.0,61.09,1.0,61.09,1.0,65.91,1.0,415.38,1.0
Torterra,21,12,5,4,11,670261,636333,2026-09-29,10.21,1.0,49.17,1.0,85.29,1.0,149.87,1.0,240.02,1.0
Lanturn,33,23,4,6,20,662246,662176,2026-09-29,34.05,1.0,50.92,0.999,55.37,0.999,89.72,0.999,523.07,0.999
Duskull,36,21,6,9,17,641708,104693,2026-09-29,144.37,1.0,145.62,1.0,143.94,1.0,186.89,1.0,650.13,1.0
Turtwig,31,16,9,6,13,638437,10511,2026-09-29,0.0,1.0,0.0,1.0,0.0,1.0,0.0,1.0,0.0,1.0
Simisear,20,10,2,8,10,635706,0,2026-09-29,,,,,,,,,,
Forretress,34,28,4,2,27,631663,587032,2026-09-29,34.77,0.986,34.77,0.986,22.97,0.986,133.8,0.986,355.9,0.986
Kingler,22,22,0,0,20,625951,607409,2026-09-29,8.94,1.0,51.2,1.0,43.86,1.0,122.47,1.0,392.54,1.0
Primeape,35,24,6,5,22,619303,601214,2026-09-29,17.68,1.0,15.89,1.0,20.78,1.0,65.3,1.0,167.86,1.0
Farfetch'd,43,28,5,10,24,596191,585355,2026-09-29,-14.04,1.0,4.79,1.0,13.96,1.0,10.42,1.0,77.14,1.0
Samurott,25,21,0,4,21,593078,52600,2026-09-29,8.89,1.0,27.59,1.0,30.16,1.0,127.42,1.0,365.45,1.0
Manaphy,25,18,3,4,12,578959,54833,2026-09-29,0.0,1.0,0.0,0.168,0.0,0.168,0.0,0.168,238.22,0.168
Froslass,21,18,2,1,18,572271,122460,2026-09-29,0.0,0.098,0.0,0.098,0.0,0.098,0.0,0.098,247.07,0.098
Heatran,40,29,6,5,25,552762,440095,2026-09-29,2.18,1.0,58.98,0.992,66.88,0.992,167.71,0.992,443.7,0.992
Magnezone,37,26,4,7,23,548110,392671,2026-09-29,50.44,1.0,29.14,1.0,63.27,1.0,43.74,1.0,324.91,0.969
Hitmontop,23,15,2,6,14,547722,472843,2026-09-29,-9.13,1.0,-2.23,1.0,12.62,1.0,106.77,1.0,312.93,1.0
Plusle,34,17,7,10,15,538027,345820,2026-09-29,26.4,0.87,25.6,0.87,28.73,0.87,159.6,0.87,451.19,0.87
Shuckle,29,23,4,2,20,529578,150193,2026-09-29,9.78,1.0,12.84,1.0,19.76,1.0,184.66,1.0,316.48,1.0
Zubat,38,33,3,2,29,529332,525985,2026-09-29,12.32,1.0,18.42,1.0,22.92,1.0,40.38,1.0,204.16,0.995
Dusclops,27,19,4,4,18,524380,325828,2026-09-29,17.61,1.0,24.37,1.0,115.17,1.0,133.81,1.0,370.89,1.0
Chimchar,27,15,5,7,15,518345,67790,2026-09-29,0.88,0.926,0.88,0.926,0.88,0.926,320.6,0.926,320.6,0.926
Sandslash,42,28,8,6,26,515310,487829,2026-09-29,7.71,1.0,17.44,1.0,20.22,1.0,103.7,1.0,174.07,1.0
Pachirisu,23,13,5,5,10,507880,347030,2026-09-29,66.42,1.0,73.32,1.0,171.67,1.0,171.65,1.0,267.2,1.0
Tangrowth,23,11,2,10,7,500019,340019,2026-09-29,146.07,1.0,143.86,1.0,143.86,1.0,250.61,1.0,1168.44,1.0
Yanmega,21,13,4,4,10,495725,341412,2026-09-29,119.19,1.0,95.58,1.0,95.58,1.0,207.27,1.0,555.28,1.0
Virizion,23,18,1,4,17,483176,416092,2026-09-29,11.32,1.0,29.77,1.0,40.65,1.0,264.69,0.985,293.0,0.985
Rhyhorn,44,30,6,8,26,481061,476621,2026-09-29,11.07,1.0,16.34,1.0,16.03,1.0,64.54,1.0,222.5,1.0
Walrein,21,11,5,5,8,476265,475749,2026-09-29,32.81,1.0,36.45,1.0,54.4,1.0,134.69,1.0,378.06,1.0
Honchkrow,23,16,4,3,13,475038,353002,2026-09-29,512.83,1.0,512.83,1.0,512.83,1.0,512.83,1.0,1013.5,1.0
Ledyba,26,16,4,6,14,473972,473972,2026-09-29,0.7,1.0,3.03,1.0,-14.08,1.0,-2.43,1.0,652.84,1.0
Oshawott,22,14,5,3,12,467629,150,2026-09-29,0.0,1.0,0.0,1.0,0.0,1.0,0.0,1.0,0.0,1.0
Xatu,27,22,2,3,15,466968,451292,2026-09-29,68.95,1.0,79.49,1.0,41.89,1.0,-6.72,1.0,285.5,1.0
Terrakion,15,13,0,2,13,460625,457778,2026-09-29,132.93,1.0,149.88,1.0,161.87,1.0,335.73,1.0,648.75,1.0
Mesprit,10,6,3,1,5,454107,189180,2026-09-29,0.0,1.0,1.03,1.0,143.04,1.0,271.47,1.0,271.47,1.0
Delibird,24,16,4,4,14,445653,335045,2026-09-29,4.81,1.0,9.1,1.0,-8.9,1.0,-10.65,1.0,243.25,1.0
Delcatty,25,14,8,3,12,437952,435275,2026-09-29,25.47,1.0,112.57,1.0,112.57,1.0,179.74,1.0,685.96,1.0
Swablu,40,23,9,8,21,429512,54587,2026-09-29,14.83,1.0,13.15,1.0,13.26,0.993,189.42,0.993,271.05,0.955
Magmortar,30,20,5,5,18,427592,251983,2026-09-29,13.86,1.0,72.14,1.0,134.66,1.0,648.84,1.0,748.71,0.998
Claydol,30,23,5,2,20,426037,360158,2026-09-29,34.97,0.998,66.61,0.998,51.54,0.998,175.13,0.998,428.34,0.998
Shedinja,16,12,2,2,10,418277,141012,2026-09-29,51.46,1.0,51.46,1.0,51.4,1.0,265.75,1.0,684.26,0.998
Mismagius,31,15,9,7,15,413379,126614,2026-09-29,0.0,1.0,0.0,1.0,0.0,1.0,163.12,1.0,189.29,1.0
Sawsbuck,10,6,3,1,6,412940,0,2026-09-29,,,,,,,,,,
Ariados,24,15,5,4,13,388725,368825,2026-09-29,85.8,1.0,91.22,1.0,85.09,1.0,112.23,1.0,347.67,1.0
Medicham,24,17,3,4,16,382506,141580,2026-09-29,2.54,1.0,39.18,1.0,45.06,1.0,74.11,1.0,474.39,0.969
Emolga,18,11,5,2,8,371931,315291,2026-09-29,0.0,1.0,0.0,1.0,0.0,1.0,129.24,1.0,168.81,1.0
Togekiss,28,23,1,4,19,352651,130460,2026-09-29,47.48,1.0,47.48,1.0,40.25,1.0,50.44,1.0,511.19,1.0
Ludicolo,29,20,3,6,18,351403,240857,2026-09-29,34.03,1.0,34.03,1.0,34.88,1.0,117.67,1.0,521.33,1.0
Golurk,17,12,2,3,10,350408,34655,2026-09-29,6.81,1.0,7.65,1.0,11.79,1.0,18.28,1.0,33.1,1.0
Dustox,15,9,3,3,5,339279,318479,2026-09-29,124.68,1.0,145.1,1.0,145.1,1.0,171.22,1.0,335.68,1.0
Octillery,30,20,4,6,18,337889,279984,2026-09-29,18.41,1.0,9.23,1.0,9.83,1.0,9.31,1.0,309.03,1.0
Gallade,30,18,4,8,17,337020,146786,2026-09-29,0.0,1.0,0.0,1.0,0.0,1.0,121.18,1.0,168.91,1.0
Roserade,22,13,4,5,8,335064,30201,2026-09-29,0.0,1.0,0.0,1.0,0.0,1.0,629.17,1.0,629.17,1.0
Murkrow,42,24,8,10,18,332648,188666,2026-09-29,5.6,1.0,3.11,0.968,22.76,0.968,60.33,0.968,326.05,0.967
Azelf,11,4,5,2,3,329282,329282,2026-09-29,49.94,1.0,49.94,1.0,199.49,1.0,537.13,1.0,609.17,1.0
Cinccino,25,17,2,6,14,328969,19886,2026-09-29,0.0,1.0,9.84,1.0,10.83,1.0,61.84,1.0,553.12,1.0
Quagsire,29,24,2,3,21,328186,166418,2026-09-29,17.49,1.0,17.78,1.0,36.54,1.0,231.65,0.91,381.21,0.91
Cobalion,21,17,1,3,15,326603,231824,2026-09-29,10.26,0.317,9.0,0.317,9.0,0.317,23.52,0.317,828.67,0.317
White Kyurem,17,10,2,5,10,326427,124184,2026-09-29,18.51,1.0,27.28,1.0,30.72,1.0,63.99,1.0,106.33,1.0
Armaldo,14,10,3,1,9,324321,324306,2026-09-29,8.39,1.0,51.71,1.0,62.64,1.0,78.92,0.999,206.56,0.999
Tentacool,28,20,2,6,16,324188,323597,2026-09-29,6.28,1.0,18.51,1.0,24.17,1.0,77.69,1.0,176.68,0.998
Camerupt,36,26,4,6,22,323115,214817,2026-09-29,45.7,1.0,53.17,1.0,55.79,1.0,81.2,1.0,230.01,0.951
Unown A,5,4,0,1,4,309900,309900,2026-09-29,98.85,1.0,98.85,1.0,92.69,1.0,60.69,1.0,480.06,1.0
Torkoal,30,17,7,6,11,308573,131876,2026-09-29,-5.25,1.0,4.47,1.0,21.71,1.0,53.27,1.0,216.96,1.0
Spiritomb,34,22,4,8,17,304062,17530,2026-09-29,0.0,1.0,0.0,1.0,24.24,1.0,63.98,1.0,315.48,1.0
Scrafty,22,12,4,6,8,303330,255,2026-09-29,0.0,1.0,0.0,1.0,0.0,1.0,0.0,1.0,0.0,1.0
Excadrill,20,11,2,7,9,301847,5685,2026-09-29,0.0,1.0,0.0,1.0,0.0,1.0,11.03,1.0,23.94,0.515
Goldeen,38,30,3,5,27,300565,287538,2026-09-29,17.91,1.0,30.12,1.0,35.39,1.0,30.47,1.0,181.63,1.0
Minun,33,21,4,8,14,296428,41247,2026-09-29,0.0,1.0,0.0,1.0,0.0,0.927,13.04,0.927,36.07,0.919
Dodrio,34,23,2,9,23,292111,283153,2026-09-29,18.41,1.0,23.37,1.0,23.01,1.0,62.05,0.969,171.21,0.969
Weavile,23,14,4,5,11,287508,63974,2026-09-29,61.25,1.0,61.25,1.0,60.36,1.0,346.42,0.959,1534.61,0.959
Crawdaunt,25,16,5,4,15,286103,285821,2026-09-29,35.29,0.989,44.44,0.989,56.24,0.989,126.02,0.989,403.05,0.989
Castform,42,22,5,15,20,276900,131420,2026-09-29,12.71,1.0,12.88,1.0,14.37,1.0,115.25,1.0,231.82,1.0
Skuntank,14,10,3,1,8,269794,145351,2026-09-29,-3.22,1.0,5.2,1.0,5.2,1.0,48.22,1.0,972.21,1.0
Porygon-Z,22,17,3,2,14,268710,117669,2026-09-29,48.39,1.0,37.45,1.0,45.9,1.0,133.47,1.0,404.59,1.0
Emboar,18,15,0,3,13,254581,56895,2026-09-29,29.23,1.0,45.48,1.0,116.93,1.0,370.67,1.0,431.78,1.0
Haxorus,16,11,4,1,11,247867,10009,2026-09-29,0.0,1.0,0.0,1.0,0.0,1.0,0.0,1.0,163.12,1.0
Bibarel,16,6,5,5,5,238645,142999,2026-09-29,17.21,1.0,17.94,1.0,-8.93,1.0,90.25,1.0,739.69,1.0
Parasect,28,18,2,8,13,236460,194966,2026-09-29,9.97,1.0,42.35,1.0,33.26,1.0,36.65,1.0,298.78,1.0
Cradily,12,11,1,0,8,236447,236447,2026-09-29,30.04,1.0,33.61,1.0,40.4,1.0,75.92,1.0,279.8,1.0
Krookodile,19,15,3,1,14,234103,142485,2026-09-29,0.0,1.0,0.0,1.0,211.89,1.0,316.81,1.0,360.15,1.0
Archeops,6,5,1,0,5,231930,209500,2026-09-29,161.66,1.0,161.66,1.0,117.36,1.0,240.26,1.0,649.28,1.0
Exploud,11,6,1,4,5,229299,229224,2026-09-29,61.58,1.0,70.26,1.0,70.26,1.0,100.81,1.0,492.86,1.0
Chandelure,33,26,2,5,25,225903,17300,2026-09-29,0.0,1.0,0.0,1.0,0.0,1.0,0.0,1.0,16.81,1.0
Staraptor,14,6,4,4,5,221228,180950,2026-09-29,6.63,1.0,39.89,1.0,39.89,1.0,56.82,1.0,515.37,1.0
Black Kyurem,15,12,0,3,11,217130,143375,2026-09-29,-16.49,1.0,25.94,1.0,75.38,1.0,97.1,1.0,48.17,1.0
Lilligant,16,10,3,3,7,200652,0,2026-09-29,,,,,,,,,,
Floatzel,19,10,5,4,8,197826,197375,2026-09-29,31.15,1.0,99.92,1.0,99.92,1.0,110.37,1.0,219.58,1.0
Furret,15,13,1,1,10,194798,49032,2026-09-29,1.54,1.0,1.54,1.0,4.17,1.0,47.52,1.0,235.88,1.0
Hippowdon,18,7,9,2,6,194421,192300,2026-09-29,20.87,1.0,20.87,1.0,20.87,1.0,52.74,1.0,768.31,0.998
Glalie,19,12,2,5,9,188295,12858,2026-09-29,0.0,1.0,-14.69,0.977,-14.69,0.977,172.83,0.977,754.54,0.977
Whimsicott,25,18,1,6,16,187608,0,2026-09-29,,,,,,,,,,
Tepig,17,13,1,3,9,185994,9475,2026-09-29,0.0,1.0,69.65,1.0,69.65,1.0,69.65,1.0,73.26,0.971
Entei & Raikou,2,2,0,0,2,180681,180681,2026-09-29,0.0,1.0,7.32,1.0,7.32,1.0,87.6,1.0,62.91,1.0
Hariyama,22,15,4,3,12,177194,176677,2026-09-29,13.54,1.0,15.99,1.0,15.99,1.0,70.51,1.0,343.56,1.0
Seaking,31,24,1,6,21,175191,164657,2026-09-29,0.4,1.0,6.48,1.0,-0.98,1.0,16.54,1.0,169.87,1.0
Slaking,26,21,1,4,18,172166,132718,2026-09-29,18.43,0.981,47.88,0.981,47.88,0.981,79.74,0.981,353.93,0.981
Eelektross,19,13,2,4,10,170127,2938,2026-09-29,0.0,1.0,0.0,1.0,114.48,1.0,114.48,1.0,114.48,1.0
Metang,36,18,12,6,18,166627,77758,2026-09-29,4.26,1.0,4.26,1.0,6.26,0.999,7.27,0.978,101.7,0.978
Cacturne,18,9,3,6,9,165556,165556,2026-09-29,19.09,1.0,48.48,1.0,68.0,1.0,77.31,1.0,129.0,1.0
Drapion,18,12,3,3,11,162701,20040,2026-09-29,0.0,0.449,0.0,0.449,0.0,0.449,0.0,0.449,566.67,0.449
Garbodor,28,21,1,6,16,161378,23462,2026-09-29,0.0,1.0,0.0,1.0,0.0,1.0,0.0,1.0,0.0,1.0
Hoothoot,24,15,4,5,11,156941,68691,2026-09-29,16.78,1.0,16.78,1.0,40.34,1.0,111.41,1.0,414.64,0.987
Raikou & Suicune,2,2,0,0,2,155015,155015,2026-09-29,0.0,1.0,6.18,1.0,6.18,1.0,16.0,1.0,70.2,1.0
Ninjask,19,13,2,4,11,153354,66273,2026-09-29,54.05,1.0,214.95,1.0,228.86,1.0,321.77,1.0,357.08,0.989
Sunflora,14,11,1,2,11,151836,65726,2026-09-29,21.2,1.0,29.99,1.0,31.79,1.0,53.99,1.0,347.4,1.0
Rhyperior,23,16,4,3,13,148666,94838,2026-09-29,0.0,1.0,0.0,1.0,0.0,1.0,71.45,1.0,580.23,1.0
Uxie,12,9,2,1,9,145026,144600,2026-09-29,2.84,1.0,2.84,1.0,2.84,1.0,258.99,1.0,817.83,0.997
Lunatone,27,20,3,4,17,140509,53783,2026-09-29,1.22,1.0,7.71,1.0,7.73,0.998,21.6,0.998,288.61,0.998
Braviary,17,8,5,4,6,139722,1250,2026-09-29,0.0,1.0,0.0,1.0,0.0,1.0,0.0,1.0,262.32,1.0
Galvantula,16,10,1,5,8,138946,0,2026-09-29,,,,,,,,,,
Beautifly,19,12,2,5,10,135801,85693,2026-09-29,42.42,1.0,75.27,0.96,75.27,0.96,381.27,0.96,409.03,0.96
Seviper,30,21,1,8,16,134708,90369,2026-09-29,54.56,1.0,54.87,1.0,68.4,1.0,84.35,1.0,549.31,0.958
Lotad,25,14,6,5,11,130985,130760,2026-09-29,43.93,1.0,84.05,1.0,86.19,0.999,363.37,0.999,894.48,0.995
Druddigon,16,8,3,5,6,129706,3245,2026-09-29,0.0,1.0,0.0,1.0,0.0,1.0,0.0,1.0,0.0,1.0
Minccino,22,13,2,7,8,129503,610,2026-09-29,0.0,1.0,0.0,1.0,0.0,1.0,0.0,1.0,0.0,1.0
Bastiodon,16,8,4,4,5,127676,126779,2026-09-29,1.98,1.0,-1.09,1.0,45.09,1.0,31.4,1.0,208.24,1.0
Solrock,24,11,6,7,8,127136,76138,2026-09-29,30.71,1.0,38.55,1.0,39.73,1.0,274.2,1.0,522.18,1.0
Loudred,16,8,2,6,8,127108,25800,2026-09-29,12.08,1.0,20.31,1.0,41.9,1.0,83.67,1.0,435.0,1.0
Mantine,20,13,5,2,11,124730,123716,2026-09-29,-4.03,1.0,15.6,1.0,44.43,1.0,99.05,1.0,292.41,1.0
Bagon,30,20,4,6,19,123782,123782,2026-09-29,17.35,1.0,24.65,1.0,39.41,1.0,79.81,1.0,166.99,0.995
Girafarig,21,16,0,5,13,123242,122336,2026-09-29,14.83,0.934,52.76,0.934,66.05,0.934,122.78,0.934,423.2,0.934
Jellicent,9,5,1,3,5,120891,30,2026-09-29,0.0,1.0,0.0,1.0,0.0,1.0,0.0,1.0,0.0,1.0
Marshtomp,24,19,1,4,17,119471,117861,2026-09-29,109.84,1.0,138.72,1.0,144.61,1.0,316.5,1.0,607.47,1.0
Shelgon,26,19,4,3,18,118546,118079,2026-09-29,32.89,0.898,33.27,0.898,57.54,0.898,178.17,0.898,770.18,0.887
Shinx,34,18,8,8,16,118213,66789,2026-09-29,0.0,1.0,0.0,1.0,-5.29,1.0,36.6,1.0,58.54,1.0
Lickilicky,16,3,8,5,3,117070,117000,2026-09-29,42.86,1.0,150.0,1.0,150.0,1.0,292.16,1.0,2150.06,1.0
Roselia,24,9,7,8,6,111787,111307,2026-09-29,63.83,1.0,81.7,1.0,79.03,1.0,61.3,1.0,490.6,1.0
Sigilyph,15,11,1,3,8,110763,73350,2026-09-29,15.48,1.0,61.15,1.0,61.15,1.0,96.39,1.0,285.04,1.0
Elekid,17,11,2,4,10,106924,106924,2026-09-29,43.27,1.0,44.88,1.0,44.39,1.0,69.17,1.0,246.23,1.0
Chatot,20,6,5,9,3,106880,0,2026-09-29,,,,,,,,,,
Audino,17,9,6,2,9,106861,676,2026-09-29,0.0,1.0,0.0,1.0,0.0,1.0,0.0,1.0,0.0,1.0
Gligar,25,16,4,5,12,105572,105497,2026-09-29,20.86,1.0,19.71,1.0,33.3,1.0,99.79,0.995,352.46,0.995
Volcarona,24,18,0,6,13,103990,498,2026-09-29,0.0,1.0,0.0,1.0,0.0,1.0,0.0,1.0,0.0,1.0
Swellow,24,15,5,4,11,101774,94164,2026-09-29,46.0,0.966,133.46,0.966,133.46,0.966,131.89,0.966,512.06,0.966
Wash Rotom,5,4,1,0,3,101576,91098,2026-09-29,0.0,1.0,73.2,1.0,73.2,1.0,4586.11,1.0,4586.11,1.0
Darmanitan,29,14,7,8,13,99506,0,2026-09-29,,,,,,,,,,
Tyrogue,12,9,2,1,9,98999,98969,2026-09-29,167.7,1.0,199.75,1.0,199.75,1.0,286.32,1.0,484.28,1.0
Smoochum,12,7,2,3,7,98194,98194,2026-09-29,25.95,1.0,26.12,1.0,28.91,1.0,54.26,1.0,399.18,1.0
Kricketune,13,5,3,5,5,98002,0,2026-09-29,,,,,,,,,,
Ambipom,16,8,3,5,5,97776,2028,2026-09-29,0.0,1.0,0.0,1.0,0.0,1.0,0.0,1.0,31.85,1.0
Bouffalant,21,10,5,6,7,96634,90,2026-09-29,0.0,1.0,0.0,1.0,0.0,1.0,0.0,1.0,0.0,1.0
Reuniclus,9,5,3,1,4,91526,35363,2026-09-29,0.0,1.0,0.0,1.0,0.0,1.0,2.64,1.0,6.74,1.0
Grovyle,27,17,5,5,12,90923,90916,2026-09-29,40.25,1.0,53.6,1.0,64.67,1.0,211.28,1.0,406.32,1.0
Lairon,31,19,7,5,12,87922,35359,2026-09-29,5.76,1.0,10.74,1.0,10.09,1.0,50.6,1.0,360.53,0.993
Zangoose,30,18,7,5,12,87372,86622,2026-09-29,56.29,1.0,79.63,1.0,82.46,1.0,116.34,1.0,384.81,1.0
Combusken,37,24,5,8,20,86659,84176,2026-09-29,23.83,1.0,23.82,1.0,69.62,0.977,147.0,0.967,370.26,0.967
Kecleon,19,10,5,4,7,86108,8669,2026-09-29,0.0,1.0,0.0,0.955,0.0,0.955,538.97,0.955,538.97,0.955
Breloom,20,11,1,8,7,84486,82123,2026-09-29,4.12,1.0,34.24,1.0,34.24,1.0,174.59,1.0,533.91,1.0
Relicanth,21,12,5,4,10,83567,48987,2026-09-29,4.48,1.0,4.06,1.0,2.75,1.0,19.3,1.0,151.53,1.0
Vibrava,29,17,3,9,15,82551,56761,2026-09-29,11.31,0.954,18.97,0.954,24.76,0.954,112.39,0.954,368.95,0.944
Bronzong,34,17,5,12,17,82535,19415,2026-09-29,0.0,1.0,10.73,1.0,5.09,1.0,10.73,1.0,216.96,0.997
Fan Rotom,8,6,1,1,6,82029,55412,2026-09-29,121.43,1.0,121.43,1.0,121.43,1.0,1699.11,1.0,1699.11,1.0
Tropius,22,12,6,4,8,80792,46412,2026-09-29,271.77,1.0,301.11,1.0,323.04,1.0,301.11,1.0,850.49,1.0
Grumpig,21,13,4,4,10,78986,78296,2026-09-29,77.06,1.0,130.35,1.0,130.04,1.0,215.5,1.0,414.69,1.0
Stoutland,18,11,3,4,10,73018,1100,2026-09-29,0.0,1.0,0.0,1.0,0.0,1.0,0.0,1.0,0.0,1.0
Pidove,14,5,5,4,4,70194,0,2026-09-29,,,,,,,,,,
Scraggy,17,9,4,4,7,68928,8400,2026-09-29,50.0,1.0,50.0,1.0,50.0,1.0,524.99,1.0,524.99,1.0
Abomasnow,14,8,5,1,6,67694,72,2026-09-29,0.0,1.0,0.0,1.0,0.0,1.0,0.0,1.0,0.0,1.0
Phione,9,5,2,2,5,67542,3612,2026-09-29,0.0,1.0,0.0,1.0,0.0,1.0,0.0,1.0,2.13,1.0
Conkeldurr,13,8,2,3,8,64853,1260,2026-09-29,0.0,1.0,-5.62,1.0,0.0,1.0,0.0,1.0,0.0,0.048
Granbull,22,11,5,6,10,64548,60958,2026-09-29,-8.1,1.0,-6.14,1.0,-3.71,1.0,94.25,1.0,419.63,1.0
Toxicroak,21,15,3,3,12,63581,1049,2026-09-29,0.0,1.0,0.0,1.0,0.0,1.0,0.0,1.0,0.0,1.0
Liepard,22,16,4,2,14,62845,600,2026-09-29,0.0,1.0,0.0,1.0,0.0,1.0,0.0,1.0,0.0,1.0
Ducklett,16,6,4,6,5,60646,0,2026-09-29,,,,,,,,,,
Stantler,17,10,2,5,10,57600,54583,2026-09-29,19.73,1.0,26.5,1.0,56.6,0.997,77.67,0.997,205.12,0.997
Azurill,9,5,2,2,4,54500,54500,2026-09-29,8.0,1.0,15.04,1.0,15.04,1.0,171.48,1.0,592.45,1.0
Swalot,12,7,1,4,6,54404,54404,2026-09-29,85.53,1.0,85.53,1.0,85.53,1.0,100.98,1.0,1048.63,0.994
Luvdisc,16,10,4,2,7,53822,53822,2026-09-29,83.74,1.0,83.74,1.0,85.77,1.0,313.64,1.0,766.9,1.0
Probopass,22,10,7,5,6,49724,3902,2026-09-29,0.0,1.0,0.0,1.0,0.0,1.0,0.0,1.0,66.0,0.931
Litwick,20,9,3,8,8,48276,0,2026-09-29,,,,,,,,,,
Landorus,19,11,3,5,11,48165,8810,2026-09-29,0.0,1.0,0.0,1.0,0.0,1.0,7.64,1.0,12.95,1.0
Lillipup,18,9,5,4,7,47194,0,2026-09-29,,,,,,,,,,
Axew,9,9,0,0,7,46763,10692,2026-09-29,0.0,0.532,0.0,0.532,0.0,0.532,209.02,0.532,209.02,0.532
Chimecho,19,13,2,4,8,44983,16461,2026-09-29,0.0,1.0,0.0,1.0,0.0,1.0,49.63,1.0,101.79,1.0
Bisharp,24,13,7,4,9,44521,1389,2026-09-29,0.0,1.0,0.0,1.0,0.0,1.0,,,,
Crustle,9,7,1,1,6,40687,0,2026-09-29,,,,,,,,,,
Mamoswine,17,7,7,3,6,40583,27752,2026-09-29,2.67,1.0,2.67,1.0,0.88,1.0,63.73,1.0,397.95,1.0
Qwilfish,23,11,2,10,8,40137,40062,2026-09-29,-0.09,1.0,13.75,1.0,24.44,1.0,39.22,1.0,163.81,1.0
Frost Rotom,3,2,0,1,1,36000,36000,2026-09-29,63.27,1.0,166.67,1.0,166.84,1.0,240.57,1.0,981.08,1.0
Darumaka,19,7,5,7,4,34937,50,2026-09-29,0.0,1.0,0.0,1.0,0.0,1.0,0.0,1.0,0.0,1.0
Maractus,20,7,5,8,5,34072,43,2026-09-29,0.0,1.0,0.0,1.0,0.0,1.0,0.0,1.0,0.0,1.0
Wynaut,10,8,1,1,8,33703,33662,2026-09-29,-0.62,1.0,-0.62,1.0,62.89,1.0,270.64,0.991,546.16,0.97
Swanna,9,5,2,2,5,30671,0,2026-09-29,,,,,,,,,,
Unown H,3,2,0,1,2,30661,30661,2026-09-29,0.0,1.0,0.0,1.0,0.0,1.0,174.3,1.0,217.8,1.0
Swoobat,13,6,2,5,3,30632,0,2026-09-29,,,,,,,,,,
Carracosta,7,5,0,2,5,30130,0,2026-09-29,,,,,,,,,,
Cofagrigus,10,7,2,1,5,30096,900,2026-09-29,0.0,1.0,0.0,1.0,0.0,1.0,0.0,1.0,0.0,1.0
Luxio,24,10,9,5,10,29285,20237,2026-09-29,368.78,1.0,368.78,1.0,368.78,1.0,368.78,1.0,648.14,1.0
Pelipper,24,12,9,3,9,28608,25140,2026-09-29,1.43,1.0,2.9,1.0,5.03,1.0,218.68,1.0,235.86,0.888
Amoonguss,5,3,1,1,3,27761,0,2026-09-29,,,,,,,,,,
Ferrothorn,7,5,1,1,4,27159,0,2026-09-27,,,,,,,,,,
Vanilluxe,13,7,2,4,5,26968,3150,2026-09-29,0.0,1.0,0.0,1.0,0.0,1.0,0.0,1.0,349.99,1.0
Watchog,10,6,0,4,5,25783,0,2026-09-29,,,,,,,,,,
Beartic,13,10,1,2,8,25323,9210,2026-09-29,105.12,1.0,105.12,1.0,105.12,1.0,105.12,1.0,1624.14,0.869
Pansage,13,8,2,3,4,25175,0,2026-09-29,,,,,,,,,,
Gigalith,13,6,3,4,5,25107,14629,2026-09-29,61.28,1.0,39.06,1.0,89.5,1.0,89.5,1.0,418.77,1.0
Sealeo,21,11,4,6,8,24247,24233,2026-09-29,21.66,1.0,35.79,1.0,61.03,1.0,141.1,1.0,367.33,1.0
Shieldon,8,2,5,1,2,24081,24066,2026-09-29,0.0,1.0,0.0,1.0,0.0,1.0,,,,
Elgyem,9,4,2,3,3,22825,0,2026-09-29,,,,,,,,,,
Zebstrika,15,6,2,7,4,22122,2198,2026-09-29,0.0,1.0,0.0,1.0,0.0,1.0,111.3,1.0,111.3,1.0
Gorebyss,13,8,1,4,7,21912,21782,2026-09-29,38.28,1.0,39.34,1.0,46.85,1.0,427.55,1.0,532.15,1.0
Klinklang,14,9,4,1,6,20824,2200,2026-09-29,0.0,1.0,0.0,1.0,87.71,1.0,87.71,1.0,816.67,1.0
Scolipede,9,6,3,0,4,20780,1600,2026-09-29,0.0,1.0,0.0,1.0,0.0,1.0,0.0,1.0,0.0,1.0
Sawk,12,3,5,4,2,20326,0,2026-09-29,,,,,,,,,,
Simisage,10,4,3,3,3,19297,0,2026-09-29,,,,,,,,,,
Rayquaza & Deoxys,2,2,0,0,2,17925,17925,2026-09-29,13.81,1.0,13.81,1.0,230.39,1.0,230.39,1.0,102.76,0.322
Leavanny,9,6,0,3,5,17398,0,2026-09-29,,,,,,,,,,
Unown G,3,3,0,0,3,16440,16440,2026-09-29,15.65,1.0,30.06,1.0,30.06,1.0,60.5,1.0,90.82,0.757
Alomomola,13,7,2,4,5,16422,286,2026-09-29,0.0,1.0,0.0,1.0,0.0,1.0,0.0,1.0,0.0,1.0
Simipour,8,4,2,2,3,16234,0,2026-09-29,,,,,,,,,,
Drifloon,23,8,5,10,7,16206,10400,2026-09-29,0.0,1.0,0.0,1.0,0.0,0.976,0.0,0.976,0.0,0.976
Huntail,11,8,1,2,8,16066,15862,2026-09-29,0.0,1.0,1.18,1.0,1.18,1.0,237.7,1.0,522.11,1.0
Mandibuzz,11,5,1,5,4,16013,0,2026-09-29,,,,,,,,,,
Escavalier,10,3,3,4,1,15960,0,2026-09-29,,,,,,,,,,
Musharna,10,4,1,5,4,15239,0,2026-09-29,,,,,,,,,,
Unown X,3,3,0,0,1,13580,13580,2026-09-29,44.98,1.0,27.63,1.0,27.63,1.0,126.64,1.0,421.51,1.0
Vespiquen,9,4,2,3,4,12908,0,2026-09-29,,,,,,,,,,
Throh,10,4,3,3,3,12629,0,2026-09-29,,,,,,,,,,
Unfezant,11,5,4,2,4,12230,0,2026-09-29,,,,,,,,,,
Heatmor,15,7,1,7,2,12060,0,2026-09-29,,,,,,,,,,
Whiscash,15,6,4,5,5,11976,11916,2026-09-29,13.1,1.0,13.1,1.0,36.17,1.0,36.17,1.0,187.65,1.0
Beheeyem,4,3,0,1,2,10993,0,2026-09-29,,,,,,,,,,
Unown W,1,1,0,0,1,10109,10109,2026-09-29,0.0,1.0,0.0,1.0,0.0,1.0,58.05,1.0,332.0,1.0
Cryogonal,10,3,3,4,2,9792,72,2026-09-29,0.0,1.0,0.0,1.0,0.0,1.0,0.0,1.0,0.0,1.0
Buneary,18,10,4,4,7,9728,147,2026-09-29,0.0,1.0,0.0,1.0,0.0,1.0,0.0,0.258,0.0,0.258
Munchlax,12,7,2,3,5,9355,9355,2026-09-29,0.0,1.0,0.0,1.0,0.0,1.0,0.0,1.0,0.0,1.0
Cherrim,13,4,3,6,4,7155,4048,2026-09-29,0.0,1.0,0.0,1.0,0.0,1.0,0.0,1.0,0.81,1.0
Rampardos,10,5,3,2,3,6825,4117,2026-09-29,0.0,1.0,0.0,1.0,0.0,1.0,0.0,1.0,340.33,1.0
Mime Jr.,9,5,1,3,3,6527,1727,2026-09-27,0.0,1.0,0.0,1.0,0.0,1.0,0.0,1.0,22.02,1.0
Gastrodon,11,8,2,1,6,6518,5568,2026-09-29,0.0,1.0,0.0,1.0,0.0,1.0,0.0,1.0,0.0,0.901
Spinda,15,9,1,5,7,5773,4925,2026-09-29,0.0,1.0,0.0,1.0,0.0,1.0,0.0,1.0,0.0,0.848
Nosepass,22,12,5,5,5,4908,4842,2026-09-29,0.0,1.0,0.0,1.0,0.0,1.0,70.37,1.0,103.36,1.0
Masquerain,13,9,1,3,5,3840,3821,2026-09-29,0.0,1.0,0.0,1.0,0.0,1.0,0.0,1.0,268.14,1.0
Gothitelle,11,7,1,3,5,3457,3100,2026-09-29,0.0,1.0,0.0,1.0,0.0,1.0,0.0,1.0,195.24,1.0
Drifblim,15,5,5,5,5,3293,761,2026-09-29,0.0,1.0,0.0,1.0,0.0,1.0,0.0,1.0,-12.23,1.0
Suicune & Entei,2,2,0,0,2,2680,2680,2026-09-29,90.07,1.0,90.07,1.0,182.7,1.0,182.7,1.0,182.7,1.0
Mow Rotom,4,3,1,0,2,2207,2100,2026-09-29,0.0,1.0,0.0,1.0,0.0,1.0,0.0,1.0,0.0,1.0
Carnivine,20,6,3,11,3,2124,1980,2026-09-29,125.0,1.0,125.0,1.0,125.0,1.0,136.84,1.0,1284.62,1.0
Heat Rotom,6,4,1,1,3,2012,1800,2026-09-29,0.0,1.0,0.0,1.0,0.0,1.0,0.0,1.0,0.0,1.0
Cranidos,6,1,3,2,1,2000,2000,2026-09-29,0.0,1.0,0.0,1.0,0.0,1.0,0.0,1.0,741.18,1.0
Glameow,13,5,5,3,3,1724,1605,2026-09-29,0.94,1.0,0.94,1.0,1.9,1.0,1.9,1.0,106.51,1.0
Purugly,9,1,4,4,1,1500,1500,2026-09-29,20.04,1.0,20.04,1.0,50.15,1.0,50.15,1.0,,
Accelgor,11,2,2,7,1,720,0,2026-09-29,,,,,,,,,,
Buizel,21,10,6,5,4,652,0,2026-09-29,,,,,,,,,,
Mothim,7,2,2,3,2,650,600,2026-09-29,0.0,1.0,0.0,1.0,0.0,1.0,0.0,1.0,0.0,1.0
Darkrai & Cresselia,0,0,0,0,0,0,0,,,,,,,,,,,
Kyogre & Groudon,0,0,0,0,0,0,0,,,,,,,,,,,
Oma,0,0,0,0,0,0,0,,,,,,,,,,,
Palkia & Dialga,0,0,0,0,0,0,0,,,,,,,,,,,
Wormadam,8,0,5,3,0,0,0,2026-09-29,,,,,,,,,,
