group_id,name,published,year,year_source,span_from,span_to,linked_cards,note
604,Base Set,1999-01-09,1999,published,1999,2000,87,
605,Base Set 2,2000-02-24,2000,published,2000,2000,129,
609,DP Training Kit 1 Blue,2007-09-24,2007,published,,,0,
610,DP Training Kit 1 Gold,2007-09-24,2007,published,,,0,
630,Fossil,1999-10-10,1999,published,1999,2000,130,
635,Jungle,1999-06-16,1999,published,1999,2000,140,
648,Southern Islands,2001-07-31,2001,published,2001,2001,35,
1367,Rising Rivals,2009-05-16,2009,published,2009,2009,175,
1368,Mysterious Treasures,2007-08-22,2007,published,2007,2007,207,
1369,Stormfront,2008-11-05,2008,published,2008,2008,148,
1370,Plasma Blast,2013-08-14,2013,published,2012,2013,82,
1372,Skyridge,2003-05-12,2003,published,2003,2003,332,
1373,Team Rocket,2000-04-24,2000,published,2000,2000,167,
1374,Legendary Collection,2002-05-24,2002,published,2002,2002,218,
1375,Expedition,2002-09-15,2002,published,2002,2002,338,
1376,EX Dragon,2003-11-24,2003,published,2003,2003,187,
1377,EX Team Magma vs Team Aqua,2004-03-15,2004,published,2004,2004,169,
1378,EX Legend Maker,2006-02-13,2006,published,2006,2006,170,
1379,EX Holon Phantoms,2006-05-03,2006,published,2006,2006,194,
1380,Secret Wonders,2007-11-07,2007,published,2007,2008,180,
1381,Triumphant,2010-11-03,2010,published,2010,2010,131,
1382,Plasma Freeze,2013-05-08,2013,published,2013,2013,140,
1383,EX Power Keepers,2007-02-01,2007,published,2007,2007,178,
1384,Supreme Victors,2009-08-19,2009,published,2009,2009,273,
1385,Noble Victories,2011-11-16,2011,published,2011,2011,39,
1386,Dark Explorers,2012-05-09,2012,published,2012,2012,79,
1387,XY Base Set,2014-02-05,2014,published,2014,2014,88,
1389,Neo Revelation,2001-09-21,2001,published,2001,2001,135,
1390,Majestic Dawn,2008-05-21,2008,published,2008,2008,160,
1391,Arceus,2009-11-04,2009,published,2009,2009,148,
1392,EX Sandstorm,2003-09-18,2003,published,2003,2003,192,
1393,EX Ruby and Sapphire,2003-06-18,2003,published,2003,2003,199,
1394,Dragons Exalted,2012-08-15,2012,published,2012,2012,219,
1395,EX Crystal Guardians,2006-08-30,2006,published,2006,2006,184,
1396,Neo Genesis,2000-12-16,2000,published,2000,2001,221,
1397,Aquapolis,2003-01-15,2003,published,2003,2003,337,
1398,EX Unseen Forces,2005-08-22,2005,published,2005,2005,224,
1399,Unleashed,2010-05-12,2010,published,2010,2010,139,
1400,Black and White,2011-04-25,2011,published,2011,2011,152,
1401,McDonald's Promos 2011,2011-06-17,2011,published,2011,2011,9,
1402,HeartGold SoulSilver,2010-02-10,2010,published,2010,2010,144,
1403,Undaunted,2010-08-18,2010,published,2010,2010,126,
1404,EX Deoxys,2005-02-14,2005,published,2005,2005,199,
1405,Great Encounters,2008-02-13,2008,published,2008,2008,140,
1406,Platinum,2009-02-11,2009,published,2009,2009,232,
1407,Black and White Promos,2011-04-25,2011,published,2011,2013,75,
1408,Boundaries Crossed,2012-11-07,2012,published,2012,2012,203,
1409,Legendary Treasures,2013-11-06,2013,published,2013,2013,139,
1410,EX Emerald,2005-05-09,2005,published,2005,2005,189,
1411,EX Dragon Frontiers,2006-11-08,2006,published,2006,2006,176,
1412,Next Destinies,2012-02-08,2012,published,2012,2012,79,
1413,Plasma Storm,2013-02-06,2013,published,2012,2013,218,
1414,POP Series 7,,2008,learned,2008,2008,14,
1415,Call of Legends,2011-02-09,2011,published,2011,2011,184,
1416,EX Hidden Legends,2004-06-14,2004,published,2004,2004,182,
1417,Legends Awakened,2008-08-20,2008,published,2008,2008,274,
1418,WoTC Promo,1999-07-01,1999,published,1999,2001,35,
1419,EX FireRed & LeafGreen,2004-08-30,2004,published,2004,2004,222,
1421,Diamond and Pearl Promos,2007-05-01,2007,published,2007,2009,71,
1422,POP Series 1,,2004,learned,2004,2004,20,
1423,Nintendo Promos,,,multi_year,2002,2011,64,
1424,Emerging Powers,2011-08-31,2011,published,2011,2011,38,
1426,Dragon Vault,2012-10-05,2012,published,2012,2012,20,
1427,McDonald's Promos 2012,2012-06-15,2012,published,2012,2012,8,
1428,EX Team Rocket Returns,2004-11-01,2004,published,2004,2004,204,
1429,EX Delta Species,2005-10-31,2005,published,2005,2006,218,
1430,Diamond and Pearl,2007-05-23,2007,published,2007,2007,192,
1432,POP Series 6,,2007,learned,2007,2007,6,
1433,Rumble,2009-11-16,2009,published,2009,2009,16,
1434,Neo Discovery,2001-06-01,2001,published,2001,2001,153,
1439,POP Series 5,,2007,learned,2007,2007,10,
1440,Gym Challenge,2000-10-16,2000,published,2000,2000,265,
1441,Gym Heroes,2000-10-14,2000,published,2000,2000,265,
1442,POP Series 3,,2006,learned,2006,2006,10,
1444,Neo Destiny,2002-02-28,2002,published,2002,2002,209,
1446,POP Series 9,,2009,learned,2009,2009,17,
1447,POP Series 2,,2005,learned,2005,2006,20,
1450,POP Series 8,,2008,learned,2008,2008,18,
1451,XY Promos,2013-12-16,2013,published,2013,2017,185,
1452,POP Series 4,,2006,learned,2006,2006,8,
1453,HGSS Promos,2010-02-01,2010,published,2010,2010,20,
1455,Best of Promos,2002-12-01,2002,published,1999,2003,18,
1464,XY - Flashfire,2014-05-07,2014,published,2014,2014,113,
1465,Legendary Treasures: Radiant Collection,2013-11-06,2013,published,2013,2013,29,
1481,XY - Furious Fists,2014-08-13,2014,published,2014,2014,100,
1494,XY - Phantom Forces,2014-11-05,2014,published,2014,2014,132,
1509,XY - Primal Clash,2015-02-04,2015,published,2015,2015,220,
1522,Kalos Starter Set,2013-11-08,2013,published,2013,2013,5,
1525,Double Crisis,2015-03-25,2015,published,2015,2015,21,
1528,Jumbo Cards,2015-04-01,2015,published,2000,2025,80,
1532,XY Trainer Kit: Sylveon & Noivern,2014-03-12,2014,published,2014,2014,11,
1533,XY Trainer Kit: Bisharp & Wigglytuff,2014-11-14,2014,published,2014,2014,1,
1534,XY - Roaring Skies,2015-05-06,2015,published,2015,2015,135,
1536,XY Trainer Kit: Latias & Latios,2015-04-29,2015,published,2015,2015,4,
1538,BW Trainer Kit: Excadrill & Zoroark,2011-09-05,2011,published,2011,2018,5,
1539,League & Championship Cards,2016-06-01,2016,published,2003,2024,33,
1540,HGSS Trainer Kit: Gyarados & Raichu,2010-05-12,2010,published,2010,2024,11,
1541,DP Trainer Kit: Manaphy & Lucario,2007-09-03,2007,published,2007,2007,5,
1542,EX Trainer Kit 2: Plusle & Minun,,2005,learned,2005,2005,11,
1543,EX Trainer Kit 1: Latias & Latios,,2004,learned,2004,2004,12,
1576,XY - Ancient Origins,2015-08-12,2015,published,2015,2016,99,
1661,XY - BREAKthrough,2015-11-04,2015,published,2015,2015,225,
1663,Base Set (Shadowless),1999-01-09,1999,published,1999,1999,196,
1692,McDonald's Promos 2014,2014-05-23,2014,published,2014,2014,1,
1694,McDonald's Promos 2015,2015-11-23,2015,published,,,0,
1701,XY - BREAKpoint,2016-02-03,2016,published,2016,2016,134,
1728,Generations,2016-02-22,2016,published,2016,2016,105,
1729,Generations: Radiant Collection,2016-02-22,2016,published,2016,2016,30,
1780,XY - Fates Collide,2016-05-02,2016,published,2016,2016,147,
1796,XY Trainer Kit: Pikachu Libre & Suicune,2016-04-27,2016,published,2016,2016,6,
1815,XY - Steam Siege,2016-08-03,2016,published,2016,2016,144,
1840,Deck Exclusives,2016-09-01,2016,published,2010,2026,14,
1842,XY - Evolutions,2016-11-02,2016,published,2016,2016,206,
1853,EX Battle Stadium,2004-10-18,2004,published,2004,2004,1,
1861,SM Promos,2016-12-14,2016,published,2016,2021,249,
1863,SM Base Set,2017-02-03,2017,published,2017,2017,264,
1919,SM - Guardians Rising,2017-05-05,2017,published,2017,2017,204,
1938,Alternate Art Promos,,,multi_year,2016,2020,28,
1957,SM - Burning Shadows,2017-08-04,2017,published,2017,2017,274,
2054,Shining Legends,2017-10-06,2017,published,2017,2017,140,
2069,SM Trainer Kit: Lycanroc & Alolan Raichu,2017-04-21,2017,published,2017,2017,5,
2071,SM - Crimson Invasion,2017-11-03,2017,published,2017,2017,194,
2148,McDonald's Promos 2017,2017-11-07,2017,published,2017,2017,8,
2155,Countdown Calendar Promos,2008-10-01,2008,published,,,0,
2175,Burger King Promos,,,multi_year,2008,2009,0,"Burger King: Diamond & Pearl and Platinum promos, per its product names"
2178,SM - Ultra Prism,2018-02-02,2018,published,2018,2018,179,
2205,Pikachu World Collection Promos,,2000,manual,2000,2000,0,"Pikachu World Collection: Pokemon Park 2000, Sydney, Sept 2000"
2208,SM Trainer Kit: Alolan Sandslash & Alolan Ninetales,2018-04-06,2018,published,,,0,
2209,SM - Forbidden Light,2018-05-04,2018,published,2018,2018,97,
2214,Kids WB Promos,2004-07-02,2004,published,2004,2004,5,
2278,SM - Celestial Storm,2018-08-03,2018,published,2018,2018,155,
2282,World Championship Decks,2018-07-01,2018,published,2006,2024,12,
2289,Blister Exclusives,,,multi_year,2012,2012,1,Blister Exclusives: Cosmos Holo prints from many sets
2295,Dragon Majesty,2018-09-07,2018,published,2018,2018,85,
2328,SM - Lost Thunder,2018-11-02,2018,published,2018,2018,180,
2332,Professor Program Promos,,,multi_year,,,0,"Professor Program: one season per card, in its product name"
2364,McDonald's Promos 2018,2018-11-02,2018,published,2018,2018,10,
2374,Miscellaneous Cards & Products,,,multi_year,1999,2026,112,
2377,SM - Team Up,2019-02-01,2019,published,2019,2019,270,
2409,Detective Pikachu,2019-04-05,2019,published,2019,2019,18,
2420,SM - Unbroken Bonds,2019-05-03,2019,published,2019,2019,278,
2464,SM - Unified Minds,2019-08-02,2019,published,2019,2019,177,
2480,Hidden Fates,2019-08-23,2019,published,2019,2019,122,
2534,SM - Cosmic Eclipse,2019-11-01,2019,published,2019,2019,333,
2545,SWSH: Sword & Shield Promo Cards,2019-11-15,2019,published,2019,2023,474,
2555,McDonald's Promos 2019,2019-10-01,2019,published,2019,2019,4,
2585,SWSH01: Sword & Shield Base Set,2020-02-07,2020,published,2020,2020,313,
2594,Hidden Fates: Shiny Vault,2019-08-23,2019,published,2019,2019,94,
2626,SWSH02: Rebel Clash,2020-05-01,2020,published,2020,2021,273,
2675,SWSH03: Darkness Ablaze,2020-08-14,2020,published,2020,2020,253,
2685,Champion's Path,2020-09-25,2020,published,2020,2020,105,
2686,Battle Academy,2020-07-31,2020,published,2020,2020,1,
2701,SWSH04: Vivid Voltage,2020-11-13,2020,published,2020,2021,325,
2754,Shining Fates,2021-02-19,2021,published,2021,2021,100,
2765,SWSH05: Battle Styles,2021-03-19,2021,published,2021,2021,308,
2776,First Partner Pack,,2021,manual,2021,2021,0,"First Partner Pack: the 25th-anniversary jumbo packs, May-Oct 2021"
2781,Shining Fates: Shiny Vault,2021-02-19,2021,published,2021,2021,219,
2782,McDonald's 25th Anniversary Promos,2021-02-09,2021,published,2021,2021,76,
2807,SWSH06: Chilling Reign,2021-06-18,2021,published,2021,2022,343,
2848,SWSH07: Evolving Skies,2021-08-27,2021,published,2021,2021,281,
2867,Celebrations,2021-10-08,2021,published,2021,2021,25,
2906,SWSH08: Fusion Strike,2021-11-12,2021,published,2021,2021,443,
2931,Celebrations: Classic Collection,2021-10-08,2021,published,2021,2021,27,
2948,SWSH09: Brilliant Stars,2022-02-25,2022,published,2022,2022,224,
3020,SWSH09: Brilliant Stars Trainer Gallery,2022-02-25,2022,published,2022,2022,45,
3040,SWSH10: Astral Radiance,2022-05-27,2022,published,2022,2022,274,
3051,Battle Academy 2022,2022-04-01,2022,published,2022,2022,1,
3064,Pokemon GO,2022-07-01,2022,published,2022,2022,152,
3068,SWSH10: Astral Radiance Trainer Gallery,2022-05-27,2022,published,2022,2022,39,
3087,McDonald's Promos 2016,2016-08-05,2016,published,2016,2016,6,
3118,SWSH11: Lost Origin,2022-09-09,2022,published,2022,2022,271,
3150,McDonald's Promos 2022,2022-08-03,2022,published,2022,2022,21,
3170,SWSH12: Silver Tempest,2022-11-11,2022,published,2022,2022,139,
3172,SWSH11: Lost Origin Trainer Gallery,2022-09-09,2022,published,2022,2022,41,
3179,Trick or Trade BOOster Bundle,2022-09-01,2022,published,2022,2022,9,
17674,SWSH12: Silver Tempest Trainer Gallery,2022-11-11,2022,published,2022,2022,42,
17688,SWSH: Crown Zenith,2023-01-20,2023,published,2023,2023,144,
17689,SWSH: Crown Zenith: Galarian Gallery,2023-01-20,2023,published,2023,2023,99,
22872,SV: Scarlet & Violet Promo Cards,2023-03-31,2023,published,2023,2025,192,
22873,SV01: Scarlet & Violet Base Set,2023-03-31,2023,published,2023,2023,217,
22880,Prize Pack Series Cards,2022-11-30,2022,published,2022,2026,105,
23095,Ash vs Team Rocket Deck Kit (JP Exclusive),2017-04-21,2017,published,,,0,
23120,SV02: Paldea Evolved,2023-06-09,2023,published,2023,2023,193,
23228,SV03: Obsidian Flames,2023-08-11,2023,published,2023,2023,212,
23237,SV: Scarlet & Violet 151,2023-09-22,2023,published,2023,2025,351,
23266,Trick or Trade BOOster Bundle 2023,2023-09-01,2023,published,2023,2023,34,
23286,SV04: Paradox Rift,2023-11-03,2023,published,2023,2024,194,
23306,McDonald's Promos 2023,2023-09-12,2023,published,2023,2023,6,
23323,Trading Card Game Classic,2023-11-17,2023,published,2023,2023,72,
23330,My First Battle,2023-09-29,2023,published,,,0,
23353,SV: Paldean Fates,2024-01-26,2024,published,2024,2025,259,
23381,SV05: Temporal Forces,2024-03-22,2024,published,2023,2024,150,
23473,SV06: Twilight Masquerade,2024-05-24,2024,published,2024,2025,172,
23520,Battle Academy 2024,2024-06-21,2024,published,2024,2024,1,
23529,SV: Shrouded Fable,2024-08-02,2024,published,2023,2024,81,
23537,SV07: Stellar Crown,2024-09-13,2024,published,2024,2024,94,
23561,Trick or Trade BOOster Bundle 2024,2024-08-30,2024,published,2024,2024,15,
23651,SV08: Surging Sparks,2024-11-08,2024,published,2024,2024,229,
23821,SV: Prismatic Evolutions,2025-01-17,2025,published,2024,2025,349,
24073,SV09: Journey Together,2025-03-28,2025,published,2025,2025,173,
24163,McDonald's Promos 2024,2025-01-21,2025,published,2024,2025,15,
24269,SV10: Destined Rivals,2025-05-30,2025,published,2025,2025,219,
24325,SV: Black Bolt,2025-07-18,2025,published,2025,2025,211,
24326,SV: White Flare,2025-07-18,2025,published,2025,2025,217,
24380,ME01: Mega Evolution,2025-09-26,2025,published,2025,2026,241,
24382,SVE: Scarlet & Violet Energies,2023-03-31,2023,published,,,0,
24448,ME02: Phantasmal Flames,2025-11-14,2025,published,2025,2025,115,
24451,ME: Mega Evolution Promo,2025-09-26,2025,published,2025,2026,48,
24461,MEE: Mega Evolution Energies,2025-09-26,2025,published,,,0,
24493,e-Reader Sample Cards,2002-08-02,2002,published,,,0,
24529,Player Placement Trainer Promos,2026-01-02,2026,published,,,0,
24541,ME: Ascended Heroes,2026-01-30,2026,published,2026,2026,198,
24584,First Partner Collection 2026,2026-03-30,2026,published,,,0,
24587,ME03: Perfect Order,2026-03-27,2026,published,2026,2026,83,
24655,ME04: Chaos Rising,2026-05-22,2026,published,2026,2026,59,
24688,ME05: Pitch Black,2026-07-17,2026,published,2026,2026,41,
24722,ME: 30th Celebration,2026-09-16,2026,published,,,0,
24831,ME06: Delta Reign,2026-11-06,2026,published,,,0,
24837,ME: 30th Celebration Classic Collection,2026-09-16,2026,published,,,0,
24864,Southeast Asia Exclusives,2023-08-05,2023,published,,,0,
