data_date,card_type,cards_with_chg,median_chg_30d_pct,share_up_50,share_up_100,top50_cards_with_chg,top50_median_chg_30d_pct
2026-09-27,EX-era ex,274,19.1,0.252,0.113,132,15.4
2026-09-27,Gold Star,33,22.6,0.364,0.091,26,19.1
2026-09-27,HGSS Prime/LEGEND,28,0.0,0.143,0.036,14,8.7
2026-09-27,LV.X,94,13.5,0.245,0.160,14,6.7
2026-09-27,Modern V/VMAX/VSTAR,627,0.0,0.057,0.010,240,-3.9
2026-09-27,Modern alt art / illustration,868,-2.1,0.020,0.003,115,-2.3
2026-09-27,Modern ex (2023+),1170,-6.1,0.037,0.006,346,-9.1
2026-09-27,Neo Shining,29,12.2,0.069,0.034,23,12.9
2026-09-27,Promo,879,0.0,0.071,0.024,490,-2.7
2026-09-27,WOTC 1st Edition,1033,5.6,0.112,0.031,255,7.3
2026-09-27,WOTC other,2052,6.5,0.154,0.067,628,4.4
2026-09-27,e-card Crystal,13,23.1,0.308,0.154,8,33.1
2026-09-29,EX-era ex,270,20.5,0.285,0.119,140,16.3
2026-09-29,Gold Star,42,35.4,0.476,0.095,34,32.2
2026-09-29,HGSS Prime/LEGEND,29,9.1,0.138,0.034,12,9.1
2026-09-29,LV.X,99,22.0,0.343,0.162,12,15.6
2026-09-29,Modern V/VMAX/VSTAR,620,0.0,0.052,0.010,235,-4.2
2026-09-29,Modern alt art / illustration,863,-1.1,0.020,0.005,112,-3.8
2026-09-29,Modern ex (2023+),1153,-6.4,0.031,0.006,327,-10.1
2026-09-29,Neo Shining,28,17.4,0.107,0.036,23,20.3
2026-09-29,Promo,874,0.0,0.073,0.024,450,-2.4
2026-09-29,WOTC 1st Edition,1039,6.0,0.120,0.037,261,8.4
2026-09-29,WOTC other,2025,7.4,0.158,0.071,645,7.1
2026-09-29,e-card Crystal,13,25.0,0.385,0.154,8,56.0
