data_date,asset_id,card_name,subject,card_type,tier,psa10_price,psa10_last_sale,psa10_chg_30d_pct,psa9_price,psa9_last_sale,psa9_chg_30d_pct,pop10,pop9,cat_median_chg_30d_pct,flags
2026-09-27,0026cc01-6ac2-4e2e-b7b4-e025f3f5d079,2009 Pokemon Platinum Holo Palkia G Lv X #125,Palkia G Lv X,LV.X,>= $10K,48000,72000.0,461.4,900,1000,44,31,219,13.5,top50 psa10_up_50 psa10_up_100 tracked
2026-09-27,00baf782-fb36-4f0a-a538-87fa5da69604,2002 Pokemon Legendary Collection Reverse Holo Flareon #10,Flareon,WOTC other,>= $10K,37000,69888.0,316.29,4000,5040,110.53,58,268,6.5,top50 psa10_up_50 psa10_up_100
2026-09-27,017341ef-d2dc-4488-9167-24ba5e629b1c,2017 Pokemon Sun and Moon Shining Legends Reverse Holo Pikachu #28,Pikachu,,$1K-$10K,2000,2000.0,140.97,81.78,33.52,-18.22,67,160,,top50 blue_chip psa10_up_50 psa10_up_100 psa9_flat buy_rule_50 buy_rule_100
2026-09-27,0208ca3a-e464-40ed-ab18-6e7283d247db,2023 Pokemon Sword and Shield Crown Zenith Reverse Holo Mewtwo #59,Mewtwo,,< $1K,499.99,499.99,100.04,39,26,-21.98,47,99,,top50 blue_chip psa10_up_50 psa10_up_100 psa9_flat buy_rule_50 buy_rule_100
2026-09-27,021a249d-a77b-4de9-a9b4-b226429f554b,2004 Pokemon Clash of the Blue Sky Japanese 1st Edition Holo Latios Gold Star #66,Latios Gold Star,Gold Star,>= $10K,30000,30000.0,66.67,7050,7500,33.02,85,85,22.6,top50 psa10_up_50 cat_hot_15
2026-09-27,024b1f81-5272-4905-b6e0-dd791e4bf570,2016 Pokemon XY Evolutions Holo Gyarados #34,Gyarados,,$1K-$10K,1400,1499.95,211.11,41.4,45.99,38,319,3934,,top50 psa10_up_50 psa10_up_100
2026-09-27,024c8fc9-bfb5-46d0-bef7-2023fc1a7419,2003 Pokemon Aquapolis Holo Tyranitar #H28,Tyranitar,,>= $10K,28200,29999.99,76.25,3575,3575,6.4,116,310,,top50 psa10_up_50 psa9_flat buy_rule_50
2026-09-27,03b3a490-0082-47ec-bf82-ac55b247fe55,2005 Pokemon Ex Unseen Forces Gold Star Holo Entei #113,Entei,Gold Star,>= $10K,22599,45286.75,79.36,3950,3999,43.64,300,1554,22.6,top50 psa10_up_50 cat_hot_15
2026-09-27,03e7b814-ab3a-4618-9c2d-818add4e0f4f,2003 Pokemon Adv Aqua Deck Kit 1st Edition Japanese Raikou Ex #014,Raikou Ex,EX-era ex,< $1K,539.99,855.0,52.11,,20.5,,8,16,19.1,top50 psa10_up_50 cat_hot_15
2026-09-27,044a345a-e24c-4cac-a3d5-04f03048fc74,2017 Best Pokemon the of XY Japanese Reverse Starlight Foil Mewtwo Spirit Link #133,Mewtwo Spirit Link,,< $1K,650,650.0,91.18,162,162,35.06,154,85,,top50 blue_chip psa10_up_50
2026-09-27,04574c1d-875e-4974-8080-8079f12e5a75,2006 Pokemon Pop Series 2 Holo Venusaur #6,Venusaur,,$1K-$10K,5280,6900.0,54.94,531,650,65.42,46,174,,top50 psa10_up_50
2026-09-27,048fe664-36ff-4fcd-b7cc-64ddd1649d45,2008 Pokemon Diamond and Pearl Great Encounters Reverse Holo Darkrai #4,Darkrai,,$1K-$10K,3165,3600.0,116.96,275,275,32.47,29,28,,top50 psa10_up_50 psa10_up_100
2026-09-27,05882c07-20c0-4079-8f0a-19baacde1c41,2003 Pokemon Best of Game Promo Winner Dark Venusaur #7,Dark Venusaur,Promo,$1K-$10K,1235,1350.0,142.16,315,285,8.62,201,517,0.0,top50 psa10_up_50 psa10_up_100 psa9_flat buy_rule_50 buy_rule_100
2026-09-27,069fc873-b0a1-450c-bb6c-040224fb3a96,2012 Pokemon Black & White Promo Mewtwo #BW45,Mewtwo,Promo,>= $10K,12100,19800.0,175,398.86,512.71,39.95,15,66,0.0,top50 blue_chip psa10_up_50 psa10_up_100
2026-09-27,072624f8-c1c8-45c6-8601-3c2ae2dfff16,1999 Pokemon Jungle Holo No Symbol Flareon #3,Flareon,WOTC other,>= $10K,11641,7499.0,180.51,336,399.99,-10.4,56,436,6.5,top50 psa10_up_50 psa10_up_100 psa9_flat buy_rule_50 buy_rule_100
2026-09-27,07a1dc59-6d5d-43bf-abed-1f16b869bc4e,2000 Pokemon Gym Challenge 1st Edition Holo Sabrina's Alakazam #16,Sabrina's Alakazam,WOTC 1st Edition,$1K-$10K,7000,7187.81,56.42,799,999.99,6.53,216,873,5.6,top50 psa10_up_50 psa9_flat buy_rule_50
2026-09-27,093bf665-f8a3-4c3e-a2e9-58024923e5e1,2021 Pokemon Sword and Shield Peerless Fighters Japanese Galarian Moltres V #45,Galarian Moltres V,Modern V/VMAX/VSTAR,< $1K,45.5,49.99,56.88,,,,71,16,0.0,top50 psa10_up_50
2026-09-27,09921a70-9c87-43a6-ba5f-ac1dc6f8e3e3,1999 Pokemon Fossil Moltres #27,Moltres,WOTC other,< $1K,550,550.0,144.44,56.09,56.09,12.4,130,404,6.5,top50 psa10_up_50 psa10_up_100
2026-09-27,0a0b67b0-cf0f-4d99-9f28-f0934f070ab3,2008 Pokemon Diamond and Pearl Great Encounters Holo Darkrai #4,Darkrai,,$1K-$10K,4500,8000.0,63.64,350,399,56.01,88,171,,top50 psa10_up_50
2026-09-27,0a650c50-65b0-4d42-8e4f-d4470f85c193,2015 Pokemon XY Roaring Skies M Latios Ex #59,M Latios Ex,,$1K-$10K,1346,1346.0,57.61,70,58.97,0,43,205,,top50 psa10_up_50 psa9_flat buy_rule_50
2026-09-27,0b051c65-2f25-4662-b365-5c1e305ffac5,2002 Pokemon Neo Destiny Holo Light Dragonite #14,Light Dragonite,WOTC other,>= $10K,10074.6,11100.0,101.49,920,991.43,29.45,91,485,6.5,top50 blue_chip psa10_up_50 psa10_up_100
2026-09-27,0b0d71e4-08f1-4bf4-a508-14dad4e6ce44,2021 Pokemon Sword and Shield Eevee Heroes Japanese Sylveon V #40,Sylveon V,Modern V/VMAX/VSTAR,< $1K,54,54.0,80,20.5,20.5,70.83,686,158,0.0,top50 psa10_up_50
2026-09-27,0b1d98d7-a8b7-4c49-8108-265f96f8d6a1,2005 Pokemon Ex Unseen Forces Holo Umbreon Ex #112,Umbreon Ex,EX-era ex,>= $10K,162000,182400.0,141.43,6999,10000,7.68,46,260,19.1,top50 blue_chip psa10_up_50 psa10_up_100 psa9_flat buy_rule_50 buy_rule_100 cat_hot_15
2026-09-27,0b36696f-7abc-4c5e-8dbf-d45653b686c6,2024 Pokemon Card Game Scarlet & Violet Wild Force Korean Gengar Ex #047,Gengar Ex,Modern ex (2023+),< $1K,99.67,99.67,53.34,24.99,24.99,,24,2,-6.1,top50 blue_chip psa10_up_50
2026-09-27,0bdca649-5b12-4e2d-b61f-7d5cef4004d8,1997 Pokemon Bandai Carddass Part 3 and 4 Raichu #26,Raichu,WOTC other,$1K-$10K,1000,1275.0,50.38,202.5,148.5,95.65,47,99,6.5,top50 psa10_up_50
2026-09-27,0c0d0f9e-ae3e-4a16-8bdc-0033a63ed8f2,2002 Pokemon Expedition Alakazam #33,Alakazam,WOTC other,< $1K,850,850.0,97.67,100,100,0.01,176,233,6.5,top50 psa10_up_50 psa9_flat buy_rule_50
2026-09-27,0c6e9f6e-fa40-43b4-aa41-f7586c409ee1,2007 Pokemon Diamond and Pearl Secret Wonders Holo Charizard #3,Charizard,,>= $10K,80520,84000.0,235.5,2499.99,2400,63.93,51,379,,top50 blue_chip psa10_up_50 psa10_up_100
2026-09-27,0c76112f-45f2-44fb-aefa-36a906046edb,2015 Pokemon XY Ancient Origins Holo Entei #15,Entei,,$1K-$10K,1500,3500.0,50,114,149.99,103.57,55,240,,top50 psa10_up_50
2026-09-27,0cd47820-f438-4f3b-9a63-e92e7b28abed,2003 Pokemon Ex Dragon Mudkip #65,Mudkip,,$1K-$10K,1000,1123.01,150,57,150,-25,33,39,,top50 psa10_up_50 psa10_up_100 psa9_flat buy_rule_50 buy_rule_100
2026-09-27,0cdbacdc-5881-4caa-a515-09abf4ed16f2,2000 Pokemon Tv Chrome Spectra Venusaur #3,Venusaur,WOTC other,$1K-$10K,1900,1900.0,90,425,425,26.49,43,37,6.5,top50 psa10_up_50
2026-09-27,0ce6ae85-3a93-4992-898f-383666eced7a,2011 Pokemon Dark Rush Japanese 1st Edition Vaporeon #18,Vaporeon,,< $1K,160,180.0,97.51,27.99,27.99,,55,47,,top50 psa10_up_50
2026-09-27,0d00d616-e3b5-4b7c-9114-a0e19b55739d,1998 Pokemon Vending Series 2 Japanese Raichu #26,Raichu,WOTC other,$1K-$10K,2452.1,2520.0,63.47,310,310,3.33,68,136,6.5,top50 psa10_up_50 psa9_flat buy_rule_50
2026-09-27,0d1df92d-2ebb-4cf5-880a-90e6e340216e,1997 Pokemon Bandai Carddass Part 3 and 4 Vaporeon #134,Vaporeon,WOTC other,< $1K,930,1100.0,95.79,170,149.99,,69,112,6.5,top50 psa10_up_50
2026-09-27,0dfa77b2-9e31-41c7-b3d0-71b3f912d6f6,2000 Topps Chrome Pokemon Tv Sparkle Pikachu #25,Pikachu,WOTC other,>= $10K,32400,32400.0,125,8300,10200,,16,16,6.5,top50 blue_chip psa10_up_50 psa10_up_100
2026-09-27,0e267072-5d25-4525-aa69-28e0b2e740e8,2023 Pokemon Scarlet and Violet 151 Moltres #146,Moltres,,< $1K,143,143.0,68.24,15,21,,85,88,,top50 psa10_up_50
2026-09-27,0e7c4619-1147-44ce-b494-e6fa2ae63aee,2006 Pokemon Black Star Promo Holo Groudon Ex #038,Groudon Ex,EX-era ex,>= $10K,84000,108000.0,150.37,2300,2300,,37,198,19.1,top50 psa10_up_50 psa10_up_100 cat_hot_15
2026-09-27,0e9ae643-6225-4692-9b70-93876efe8555,2006 Pokemon Ex Holon Phantoms Reverse Holo Gyarados #8,Gyarados,,>= $10K,33600,49500.0,92,3050,4999.99,67.12,31,154,,top50 psa10_up_50
2026-09-27,0f67aa1b-d371-4201-8f35-d34930c2a0fb,2024 Pokemon Scarlet and Violet Terastal Festival Ex Japanese Poké Ball Holo Umbreon #092,Umbreon,,< $1K,65,64.8,71.05,20,2,-9.09,3961,460,,top50 blue_chip psa10_up_50 psa9_flat buy_rule_50
2026-09-27,0ff912f8-e0a9-4ec0-91f9-98c2e7c7eb39,2009 Pokemon Platinum Supreme Victors Holo Rayquaza C #8,Rayquaza C,,>= $10K,21600,22800.0,107.69,1125,1200,11.18,76,207,,top50 blue_chip psa10_up_50 psa10_up_100
2026-09-27,0ffe8c32-791c-401b-83d4-f108c2e791c2,2025 Pokemon Prismatic Evolutions 8 Pack Mini Tin Jolteon #029,Jolteon,,< $1K,539,667.0,50.22,11.5,11.5,6.48,20,98,,top50 psa10_up_50 psa9_flat buy_rule_50
2026-09-27,105815d1-7123-4b6d-bcb4-9a756759b0e4,2019 Pokemon Sun and Moon Hidden Fates Reverse Holo Jolteon #23,Jolteon,,< $1K,195,195.0,125.69,23.95,22.5,-4.2,206,166,,top50 psa10_up_50 psa10_up_100 psa9_flat buy_rule_50 buy_rule_100
2026-09-27,11edb870-7e43-4dd0-92a8-df2e05ec0bb3,2003 Pokemon Skyridge Reverse Holo Raikou #28,Raikou,,$1K-$10K,2400,2999.0,92,440,440.4,17.33,48,119,,top50 psa10_up_50
2026-09-27,12286d17-1bb2-474e-8569-10d3677a6e5c,2005 Pokemon Gift Box Mew and Lucario Japanese Holo Mewtwo Gold Star #002,Mewtwo Gold Star,Gold Star,>= $10K,40800,45600.0,63.2,6199.99,6600,10.71,324,335,22.6,top50 blue_chip psa10_up_50 cat_hot_15
2026-09-27,131bf987-91af-420e-b3f1-7e45320c3b43,2020 Pokemon Sun and Moon Legendary Clash Set B Thai Pikachu #198,Pikachu,,< $1K,300,350.0,281.73,,29.99,,62,12,,top50 blue_chip psa10_up_50 psa10_up_100
2026-09-27,161ae472-dac9-42c3-bd62-f24c2c0c18a9,2003 Pokemon Ex Dragon Holo Dragonite Ex #90,Dragonite Ex,EX-era ex,>= $10K,42600,42600.0,149.41,3700,6000,45.1,127,584,19.1,top50 blue_chip psa10_up_50 psa10_up_100 cat_hot_15
2026-09-27,161b9db6-164a-4929-9852-67b9932f7fb0,2002 Pokemon Legendary Collection Reverse Holo Charmander #70,Charmander,WOTC other,>= $10K,216000,216000.0,634.69,4400,5404.79,57.71,37,253,6.5,top50 psa10_up_50 psa10_up_100
2026-09-27,16873810-3fda-4ffa-906d-9c712b7be2fe,2005 Pokemon Ex Deoxys Holo Rayquaza Ex #102,Rayquaza Ex,EX-era ex,>= $10K,85000,77022.0,53.15,7500,7500,75.56,41,235,19.1,top50 blue_chip psa10_up_50 cat_hot_15
2026-09-27,16893250-482b-4d7a-a79f-1c03034ac1fa,2004 Pokemon Ex Fire Red Leaf Green Reverse Holo Pikachu #74,Pikachu,,>= $10K,31200,50400.0,246.67,1071.53,1515,78.59,42,133,,top50 blue_chip psa10_up_50 psa10_up_100
2026-09-27,169436b7-8ca4-489d-be3d-5a9b98c88fbe,2002 Pokemon Expedition Tyranitar #66,Tyranitar,WOTC other,< $1K,900,900.0,63.64,202.5,202.5,26.33,128,211,6.5,top50 psa10_up_50
2026-09-27,17111c78-543a-485c-ac43-166f1e733c94,2009 Pokemon Platinum Arceus Holo Arceus Lv X #94,Arceus Lv X,LV.X,>= $10K,40800,40800.0,104,799,799,6.53,31,198,13.5,top50 psa10_up_50 psa10_up_100 psa9_flat buy_rule_50 buy_rule_100
2026-09-27,172e6ba8-77c2-4386-b23b-fd49d8758f8d,2020 Pokemon Sword and Shield Vivid Voltage Reverse Holo Charmander #23,Charmander,,< $1K,120,148.49,85.79,17.5,17.5,-29.89,355,444,,top50 psa10_up_50 psa9_flat buy_rule_50
2026-09-27,175250a4-2f6e-4a0c-bcb9-987cfd5677fa,2006 Pokemon Ex Holon Phantoms Holo Raichu #15,Raichu,,$1K-$10K,5600,6000.0,174.51,400,500,42.86,42,213,,top50 psa10_up_50 psa10_up_100
2026-09-27,1949c2eb-b31f-44f4-83db-58123adb1caf,2019 Pokemon Sun and Moon Hidden Fates Magikarp #15,Magikarp,,< $1K,150,170.0,82.87,43.01,31.33,,36,33,,top50 psa10_up_50
2026-09-27,1b6375d6-3b07-4934-a251-2dbb79e949ba,2016 Pokemon XY Evolutions Mewtwo #51,Mewtwo,,< $1K,270,270.0,54.29,30,27,-14.29,892,2056,,top50 blue_chip psa10_up_50 psa9_flat buy_rule_50
2026-09-27,1c56be20-9f6e-4048-af00-c097163e3d88,2020 Pokemon Sword and Shield Vivid Voltage Pikachu V #43,Pikachu V,Modern V/VMAX/VSTAR,< $1K,149.99,100.99,57.88,24,23.07,9.09,3135,1671,0.0,top50 blue_chip psa10_up_50 psa9_flat buy_rule_50
2026-09-27,1d13a643-2eba-4faf-b0c0-c61b704e61bc,2017 Pokemon High Class Pack Gx Battle Boost Pikachu #28,Pikachu,,< $1K,190,189.5,59,41.38,41.38,-1.48,671,247,,top50 blue_chip psa10_up_50 psa9_flat buy_rule_50
2026-09-27,1d712988-3c6b-43aa-951f-29bc71e90b09,2019 Pokemon Sun and Moon Unbroken Bonds Holo Mew #76,Mew,,< $1K,950,1060.0,66.67,155,155,245.9,87,192,,top50 blue_chip psa10_up_50
2026-09-27,1da571dc-f281-4613-a2a9-06a5fbd2c56a,2002 Pokemon Expedition Holo Raichu #25,Raichu,WOTC other,>= $10K,18600,36000.0,121.97,1185,1550,43.64,69,325,6.5,top50 psa10_up_50 psa10_up_100
2026-09-27,1e9fcf57-ff5d-4a13-ad1c-d2b0c3647b44,2015 Pokemon XY Breakthrough Mewtwo Ex #61,Mewtwo Ex,,$1K-$10K,2700,1626.0,315.38,99.99,119.99,33.32,104,202,,top50 blue_chip psa10_up_50 psa10_up_100
2026-09-27,1ebfe2bc-e926-41ef-b2dd-de3edccbfa42,2026 Pokemon TCG Mega Evolution Ascended Heroes Rayquaza Energy Reverse #153,Rayquaza Energy Reverse,,< $1K,300,300.0,50,41,29,27.13,17,33,,top50 blue_chip psa10_up_50
2026-09-27,210ffba6-26fd-44aa-a61f-7ead25bd9d2a,2025 Pokemon Collect 151 Simplified Chinese Super Rare Charizard Ex #175,Charizard Ex,Modern ex (2023+),< $1K,99.99,100.0,53.83,33,39,37.56,309,54,-6.1,top50 blue_chip psa10_up_50
2026-09-27,21a252ae-6813-4a22-b096-ec66320b618a,2006 Pokemon Ex Holon Phantoms Holo Mewtwo Gold Star #103,Mewtwo Gold Star,Gold Star,>= $10K,151200,262500.0,93.54,21100,21100,13.44,127,305,22.6,top50 blue_chip psa10_up_50 cat_hot_15
2026-09-27,21aab13e-e630-4014-8058-e554a662be50,2009 Pokemon Diamond and Pearl Black Star Promo Supreme Victors Poster Pack Holo Dialga #DP49,Dialga,Promo,>= $10K,33600,33600.0,546.15,390,799.99,,2,27,0.0,top50 psa10_up_50 psa10_up_100
2026-09-27,224749bf-1be8-4cfa-9517-24f4b771ea88,2018 Pokemon Sun and Moon Promo Japanese Starter Set Flareon #274SMP,Flareon,Promo,< $1K,130,159.95,109.68,42,40,,92,30,0.0,top50 psa10_up_50 psa10_up_100
2026-09-27,228a9d23-c2d7-4b78-befa-3f71db037349,2014 Pokemon XY Black Star Promo Mythical Pokemon Collection Celebi #XY111,Celebi,Promo,$1K-$10K,4500,4888.0,55.83,195,237.5,-2.01,82,420,0.0,top50 psa10_up_50 psa9_flat buy_rule_50
2026-09-27,22ce3c37-3020-486d-9c31-d64e0e206859,2002 Pokemon Neo Destiny 1st Edition Holo Dark Tyranitar #11,Dark Tyranitar,WOTC 1st Edition,>= $10K,26999.99,30000.0,123.16,1557,1650,0,55,234,5.6,top50 psa10_up_50 psa10_up_100 psa9_flat buy_rule_50 buy_rule_100
2026-09-27,2360236b-a86f-444b-b8a6-79ddf830979a,2002 Pokemon Wizards of the Coast Black Star Promo Pokemon Center New York Ho Oh #52,Ho Oh,WOTC other,$1K-$10K,1500,972.28,50,169.69,169.69,4.75,416,606,6.5,top50 psa10_up_50 psa9_flat buy_rule_50
2026-09-27,24cb203d-0868-4f00-9e95-a0855c8f8c04,2023 Pokemon Scarlet and Violet Shiny Treasure Ex Japanese Shiny Rare Raichu #237,Raichu,,< $1K,85,85.0,50.71,39,39.5,0,1416,148,,top50 psa10_up_50 psa9_flat buy_rule_50
2026-09-27,24e0939c-fd09-4f2e-b2a6-820a833eaf27,2004 Pokemon Ex Fire Red Leaf Green Holo Raichu #12,Raichu,,$1K-$10K,3480,3480.0,184.08,235,275,53.09,77,192,,top50 psa10_up_50 psa10_up_100
2026-09-27,263f0c0c-2939-4682-9eeb-e2bf4bcc59ce,2006 Pokemon Ex Holon Phantoms Reverse Holo Mewtwo #24,Mewtwo,,>= $10K,33000,33000.0,180.85,2150,3050,56.06,32,161,,top50 blue_chip psa10_up_50 psa10_up_100
2026-09-27,26cda388-9edf-4ca4-b6cc-7256c9a1ac8d,2005 Pokemon Ex Emerald Reverse Holo Torchic #69,Torchic,,>= $10K,18900,22200.0,60.18,2650,3400,24.71,22,76,,top50 psa10_up_50
2026-09-27,27499c01-cfc8-435f-ae73-4c2fba2203e6,2023 Pokemon Sun and Moon Shining Synergy Summon Simplified Chinese Greninja/Zoroark Gx #162,Greninja/Zoroark Gx,,< $1K,209.99,94.9,59.08,39.39,39.39,,290,112,,top50 psa10_up_50
2026-09-27,2ae0c2d6-192f-4fe7-a988-8d57dcfcea5a,2015 Pokemon XY Ancient Origins Tyranitar Ex #91,Tyranitar Ex,,$1K-$10K,3099,3200.0,85.01,265,240,15.22,239,403,,top50 psa10_up_50
2026-09-27,2b7e7989-7899-47ac-a97f-238dc62a48ab,1998 Pokemon Gym 1 Leader's Stadium Japanese Holo Rocket's Moltres #146,Rocket's Moltres,WOTC other,< $1K,900,965.0,80,169,157.5,13.84,475,1569,6.5,top50 psa10_up_50
2026-09-27,2c919156-a9be-44ad-a748-21e984152ab1,2000 Pokemon Chrome Spectra-Chrome Squirtle #7,Squirtle,WOTC other,$1K-$10K,3500,3786.72,64.71,325,500,8.33,47,48,6.5,top50 psa10_up_50 psa9_flat buy_rule_50
2026-09-27,2da40428-5f48-48b8-8263-1079c92c506b,2009 Pokemon Platinum Holo Dialga G Lv X #122,Dialga G Lv X,LV.X,>= $10K,19800,26401.2,83.33,720,799.99,,46,170,13.5,top50 psa10_up_50
2026-09-27,2daeb49c-6cfd-4288-84fa-b48aa2c1f7c3,2003 Pokemon Skyridge Holo Umbreon #H30,Umbreon,,>= $10K,128000,128000.0,96.92,13675,15500,38.2,129,420,,top50 blue_chip psa10_up_50
2026-09-27,2dc1697a-1ac8-4161-a2b5-0f2c5add7aa7,2009 Pokemon Platinum Arceus Holo Gengar Lv X #97,Gengar Lv X,LV.X,>= $10K,240000,240000.0,263.64,10100,10100,288.46,46,345,13.5,top50 blue_chip psa10_up_50 psa10_up_100
2026-09-27,2ddd715f-4ac9-4a80-b2de-fef222742858,2007 Pokemon Diamond and Pearl Shining Darkness Japanese 1st Edition Psyduck,Psyduck,,< $1K,441,507.0,76.4,83.27,68,-15.49,30,27,,top50 psa10_up_50 psa9_flat buy_rule_50
2026-09-27,2dfaf39c-f83f-43d2-b9e6-bc5c735c0c80,2006 Pop Series 3 English Cosmos Holo Eeveelutions Blisters Flareon #2,Flareon,,$1K-$10K,8000,16800.0,81.82,500,534.67,0,22,140,,top50 psa10_up_50 psa9_flat buy_rule_50
2026-09-27,2ecf9e60-6b40-4c0c-9f18-96fb1c680669,2006 Pokemon Miracle Crystal Japanese Holo Venusaur #3,Venusaur,,$1K-$10K,1107.5,1500.0,54.9,95,95,,27,36,,top50 psa10_up_50
2026-09-27,2f910372-ce4d-4eb6-9ee3-0a1a91c35183,2014 Pokemon XY Phantom Forces M Gengar Ex #35,M Gengar Ex,,$1K-$10K,5500,8499.0,74.6,499,499,22,121,365,,top50 blue_chip psa10_up_50
2026-09-27,2feaff83-9213-49d4-a7b9-cd4cbb1b4909,2002 Pokemon League Promo Black Star Mew #47,Mew,WOTC other,$1K-$10K,2815.76,3240.0,134.65,293.44,290,-9.71,355,578,6.5,top50 blue_chip psa10_up_50 psa10_up_100 psa9_flat buy_rule_50 buy_rule_100
2026-09-27,3010d4d0-f2e6-4b69-993a-79f4044b3776,2007 World Champions Pack Japanese 1st Edition Charmander #6,Charmander,,$1K-$10K,1100,1100.0,109.28,73,73,,55,52,,top50 psa10_up_50 psa10_up_100
2026-09-27,30985d8c-cc34-45da-bf38-e96f4ec4f75b,1999 Pokemon Base Set 1st Edition Holo Zapdos #16,Zapdos,WOTC 1st Edition,>= $10K,40800,45000.0,126.67,3400,3500,23.64,136,621,5.6,top50 psa10_up_50 psa10_up_100
2026-09-27,30c5f515-8ef3-4de2-9ebd-686ad37a0cb5,2011 World Championships Decks the Truth Suicune Entei Legend #94,Suicune Entei Legend,HGSS Prime/LEGEND,< $1K,632.5,950.0,100.79,,749.99,,4,5,0.0,top50 psa10_up_50 psa10_up_100
2026-09-27,316e298e-5d60-4f32-b9eb-55bcfba44c9e,2016 Pokemon XY Generations Radiant Collection Flareon Ex #RC6,Flareon Ex,,$1K-$10K,4500,5000.0,125,244.55,244.55,1.9,194,1203,,top50 psa10_up_50 psa10_up_100 psa9_flat buy_rule_50 buy_rule_100
2026-09-27,32136868-1eb8-4da0-af35-47dd257f265b,2017 Pokemon Sun and Moon Crimson Invasion Holo Gengar #38,Gengar,,$1K-$10K,2550,6072.0,131.82,191.24,350,52.99,57,244,,top50 blue_chip psa10_up_50 psa10_up_100
2026-09-27,33903de6-48e9-4714-a7b5-023a50545959,2019 Pokemon Sun and Moon Hidden Fates Reverse Holo Psyduck #11,Psyduck,,< $1K,345.22,345.22,140.54,,36,,16,63,,top50 psa10_up_50 psa10_up_100
2026-09-27,34467640-138d-4c28-b5f2-7e23834f499b,2014 Pokemon XY Reverse Holo Pikachu #42,Pikachu,,$1K-$10K,8000,12000.0,52.38,204.5,204.5,,8,16,,top50 blue_chip psa10_up_50
2026-09-27,3515b9e7-654e-4da0-a621-3b1edbc1d3bd,2015 Pokemon XY Roaring Skies Pikachu #20,Pikachu,,< $1K,750,999.95,110.67,33,37,6.45,60,166,,top50 blue_chip psa10_up_50 psa10_up_100 psa9_flat buy_rule_50 buy_rule_100
2026-09-27,3523bdac-4031-42f7-956a-a815069b20a4,2003 Pokemon Skyridge Reverse Foil Gengar #10,Gengar,,>= $10K,15000,15000.0,63.41,2499,2499,,76,187,,top50 blue_chip psa10_up_50
2026-09-27,35757a0b-672c-4830-a546-530d935fca40,2013 Pokemon Hanafuda Kanto January Moltres,Moltres,,< $1K,189.99,200.0,54.46,41,55,,213,52,,top50 psa10_up_50
2026-09-27,361fb685-894c-423b-af87-37e63d2db0ec,1999 Pokemon Base Set Yellow Cheeks Shadowless Pikachu #58,Pikachu,WOTC other,$1K-$10K,1500,1999.99,71.43,149.95,149.95,-23.49,1117,1982,6.5,top50 blue_chip psa10_up_50 psa9_flat buy_rule_50
2026-09-27,3650b277-e56c-4c1b-be80-d5400c9a9145,2008 Pokemon Japanese Bonds To the End of Time 1st Edition Alakazam 4 #41,Alakazam 4,,< $1K,264.75,349.99,81.41,,47.95,,30,29,,top50 psa10_up_50
2026-09-27,37fb27e4-06d6-4548-8ab8-97fceb41d559,2019 Pokemon Sun and Moon Remix Bout Japanese Hyper Venusaur/Snivy Gx #74,Venusaur/Snivy Gx,,< $1K,150,189.99,87.5,70,70,,373,84,,top50 psa10_up_50
2026-09-27,3800783e-213a-44e6-960b-5067802d3f6d,2002 Pokemon Neo Destiny 1st Edition Holo Dark Espeon #4,Dark Espeon,WOTC 1st Edition,>= $10K,78000,108469.2,84.78,3599,3250,16.1,52,292,5.6,top50 psa10_up_50
2026-09-27,39b2b743-17d3-43f3-80ce-876face33a16,2003 Pokemon Skyridge Reverse Holo Gyarados #11,Gyarados,,$1K-$10K,7000,7000.0,97.18,1225,1350,,64,140,,top50 psa10_up_50
2026-09-27,39eda1fc-3829-4143-a410-dcb546d6aa71,2002 Pokemon Neo Destiny 1st Edition Shining Tyranitar #113,Shining Tyranitar,Neo Shining,>= $10K,45000,45000.0,106.42,6000,5999,8.89,176,378,12.2,top50 psa10_up_50 psa10_up_100 psa9_flat buy_rule_50 buy_rule_100
2026-09-27,3a18d6a2-1179-4f9f-adfa-cd6b397630d5,2006 Pokemon Ex Holon Phantoms Rayquaza #26,Rayquaza,,$1K-$10K,7500,8000.0,268.11,600,620,13.64,55,148,,top50 blue_chip psa10_up_50 psa10_up_100
2026-09-27,3a34db35-23d1-4ae6-be84-33a0f1f4516f,2003 Pokemon Ex Dragon Holo Rayquaza Ex #97,Rayquaza Ex,EX-era ex,>= $10K,49800,60000.0,98.41,5800,10000,68.12,130,584,19.1,top50 blue_chip psa10_up_50 cat_hot_15
2026-09-27,3afb167a-c247-4dac-8ce4-a6520ac00100,2014 Pokemon XY Phantom Forces Gengar Ex #114,Gengar Ex,,>= $10K,40000,72000.0,60,4037.2,4037.2,26.16,85,554,,top50 blue_chip psa10_up_50
2026-09-27,3b6ede4a-f9a6-4ef1-96fc-fb6a8a832797,2022 Star Pokemon Sword and Shield Birth Japanese Arceus Vstar #125,Arceus Vstar,,< $1K,74.4,100.0,58.47,,13.11,,1275,85,,top50 psa10_up_50
2026-09-27,3b894077-b4a1-411d-a8e2-057bd25b64bd,2016 Pokemon Cruel Traitor 1st Edition Japanese Gardevoir Spirit Link #52,Gardevoir Spirit Link,,< $1K,160.5,160.5,72.58,,22,,29,7,,top50 psa10_up_50
2026-09-27,3bcb49c6-eae5-42d8-a80d-863440696085,2004 Pokemon Ex Fire Red Leaf Green Squirtle #82,Squirtle,,< $1K,875,900.0,120.13,200,200,185.71,96,104,,top50 psa10_up_50 psa10_up_100
2026-09-27,3bde650c-276b-489b-8c57-24864f486600,2019 Pokemon Sun and Moon Team Up Reverse Holo Squirtle #22,Squirtle,,< $1K,925,3100.0,57.45,108.38,112.5,,19,29,,top50 psa10_up_50
2026-09-27,3cbc3d02-f78b-4ae8-80ba-9509768da8bf,2021 Pokemon Swsh Black Star Promo Cosmos Eevee #118,Eevee,Promo,< $1K,725,1000.0,63.29,38,38,26.67,59,303,0.0,top50 psa10_up_50
2026-09-27,3d19b643-80fc-4b7e-8268-baacefd824ef,2000 Topps Chrome Pokemon Tv Sparkle Charizard #6,Charizard,WOTC other,>= $10K,43920,45000.0,121.82,,2447,,36,16,6.5,top50 blue_chip psa10_up_50 psa10_up_100
2026-09-27,3d1b4085-3654-46d3-b729-f8453ab9c54e,2011 World Championships Decks Twinboar Rayquaza Deoxys Legend #89,Rayquaza Deoxys Legend,HGSS Prime/LEGEND,< $1K,962.5,1225.0,60.42,402.5,402.5,,6,11,0.0,top50 blue_chip psa10_up_50
2026-09-27,3d46f261-789b-406a-98f2-582beb06e649,2020 Pokemon Sword and Shield Vivid Voltage Holo Snorlax #131,Snorlax,,< $1K,330,330.0,120,34.16,39,,245,440,,top50 psa10_up_50 psa10_up_100
2026-09-27,3d9f613c-067b-4533-9261-4794b28748e3,2022 Trick Or Trade Booster English Holo (Pumpkin Stamp) Mimikyu #81,Mimikyu,,< $1K,198.74,198.74,100.75,17,21.05,-55.32,144,250,,top50 psa10_up_50 psa10_up_100 psa9_flat buy_rule_50 buy_rule_100
2026-09-27,3ec81f69-ab9e-4a1f-bf0a-280db897444f,2008 Pokemon Stormfront Japanese Holo Dialga #71,Dialga,,$1K-$10K,1000,1376.0,257.14,81,81,8,64,79,,top50 psa10_up_50 psa10_up_100 psa9_flat buy_rule_50 buy_rule_100
2026-09-27,3ef5b177-e10a-4fce-82fa-3352db5e4cf1,2002 Pokemon Expedition Charmander #97,Charmander,WOTC other,< $1K,800,900.0,125.35,110,171.5,13.4,215,266,6.5,top50 psa10_up_50 psa10_up_100
2026-09-27,3f2de38c-4012-41e1-834e-1c201df94a28,2005 Pokemon Ex Delta Species Holo Rayquaza #13,Rayquaza,,$1K-$10K,9550.92,11300.0,54.05,1747.77,2000,-0.13,82,308,,top50 blue_chip psa10_up_50 psa9_flat buy_rule_50
2026-09-27,3f3dba12-29c4-4623-8acc-e7dbe707562a,1998 Pokemon Vending Series 1 Japanese Charmander #004,Charmander,WOTC other,$1K-$10K,2900,3000.0,65.71,467,305,9.88,314,398,6.5,top50 psa10_up_50 psa9_flat buy_rule_50
2026-09-27,3f7450a9-77f7-47f8-8d56-60421b2193d7,2008 Pokemon Diamond and Pearl Majestic Dawn Jolteon #23,Jolteon,,< $1K,328,500.0,110.26,48.88,48.88,,13,34,,top50 psa10_up_50 psa10_up_100
2026-09-27,406aca74-669a-4a97-88d1-0877aec60773,2021 Mcdonald's Pokemon TCG Collection Mudkip #19,Mudkip,,< $1K,799.99,799.99,66.66,112,99.99,-2.61,274,345,,top50 psa10_up_50 psa9_flat buy_rule_50
2026-09-27,4075fe90-b612-43d9-a2cc-410d15ec3dab,2023 Pokemon Classic Venusaur and Lugia Ex Deck Lugia Ex #017,Lugia Ex,Modern ex (2023+),< $1K,140,140.0,82.29,20.99,24.5,0,529,561,-6.1,top50 blue_chip psa10_up_50 psa9_flat buy_rule_50
2026-09-27,408fc681-aba1-4f35-acea-41ebf26e66b5,2002 Pokemon Legendary Collection Reverse Holo Articuno #2,Articuno,WOTC other,>= $10K,38400,204000.0,156,2125,2125,14.86,48,236,6.5,top50 psa10_up_50 psa10_up_100
2026-09-27,4117b288-4224-4a78-a7d6-e68f41aa1d2d,2004 Pokemon Ex Team Magma Vs Team Aqua Holo Suicune Ex #94,Suicune Ex,EX-era ex,>= $10K,49500,50000.0,113.82,4053.74,3300,113.36,49,281,19.1,top50 psa10_up_50 psa10_up_100 cat_hot_15
2026-09-27,4139d358-3ad5-4b1c-ad8d-532a5fda0696,2009 Pokemon Platinum Holo Palkia G #12,Palkia G,,>= $10K,18900,21600.0,62.93,550,550,633.33,11,58,,top50 psa10_up_50
2026-09-27,426f685f-7c4c-4845-aafc-f4a92029eb59,2005 Pokemon Ex Emerald Reverse Holo Groudon #5,Groudon,,>= $10K,12000,12000.0,90.48,1364.86,1364.86,36.49,20,98,,top50 psa10_up_50
2026-09-27,42c4d05a-809a-4d3b-b918-03d6ea79ddd2,2003 Pokemon Skyridge Holo Gyarados #H10,Gyarados,,>= $10K,29600,29999.0,59.14,7100,7100,57.78,137,354,,top50 psa10_up_50
2026-09-27,439de20f-2c3e-405d-84cf-3304568516e5,2012 Pokemon Black and White Next Destinies Mewtwo Ex #54,Mewtwo Ex,,$1K-$10K,4000,2880.0,166.67,152.51,115.02,,45,83,,top50 blue_chip psa10_up_50 psa10_up_100
2026-09-27,43a378c8-684e-4400-ae55-f4604ec7923e,2002 Pokemon Legendary Collection Reverse Holo Gyarados #12,Gyarados,WOTC other,>= $10K,200100,384000.0,230.47,6759.5,6759.5,114.51,21,180,6.5,top50 psa10_up_50 psa10_up_100
2026-09-27,43aad4fb-a848-4270-9af5-c0aa3b4d5e5d,1999 Pokemon Tv Charizard #6,Charizard,WOTC other,$1K-$10K,1499.99,1500.0,233.33,125.33,100,13.94,479,1062,6.5,top50 blue_chip psa10_up_50 psa10_up_100
2026-09-27,44c74084-2995-4495-b84f-06b29e7dfbeb,2017 Pokemon Sun and Moon Black Star Promo I Choose You! Purchase Campaign Ash's Pikachu #SM111,Ash's Pikachu,Promo,$1K-$10K,1797.3,1797.3,73.03,140.84,185,,142,484,0.0,top50 blue_chip psa10_up_50
2026-09-27,44e05c6f-d2c8-4555-ad02-06e2f2cbe381,2002 Pokemon Wind From the Sea Japanese Holo Lugia #90,Lugia,WOTC other,>= $10K,87000,132000.0,128.95,,7000,,101,67,6.5,top50 blue_chip psa10_up_50 psa10_up_100
2026-09-27,44f089b2-c866-4362-95e6-f549b4b76322,2008 Pokemon Diamond and Pearl Great Encounters Holo Darkrai Lv X #104,Darkrai Lv X,LV.X,>= $10K,11600,80000.0,,1635.53,1999.99,55.76,41,196,13.5,top50 tracked
2026-09-27,45a3482a-7691-4ba9-867c-87766935d79f,2020 Pokemon Sword and Shield Reverse Holo Gengar #85,Gengar,,$1K-$10K,1150,1286.4,167.16,77,61,87.8,38,84,,top50 blue_chip psa10_up_50 psa10_up_100
2026-09-27,45cb11a7-48b1-4d26-b25a-a4c113c0a6ea,1999 Pokemon Fossil 1st Edition Holo Dragonite #4,Dragonite,WOTC 1st Edition,>= $10K,39999.95,34000.0,102.02,2300,2500,8.76,236,2173,5.6,top50 blue_chip psa10_up_50 psa10_up_100 psa9_flat buy_rule_50 buy_rule_100
2026-09-27,462d4768-89bc-406d-b6d7-ff4e284abcef,2006 Pokemon Ex Crystal Guardians Reverse Holo Blastoise #14,Blastoise,,>= $10K,10800,15000.0,137.36,934.88,1075.09,55.81,106,289,,top50 psa10_up_50 psa10_up_100
2026-09-27,465b9379-7d5d-4ff6-9f00-f7bccfb30418,1999 Base Set - 1st Edition French Charmander #46,Charmander,WOTC 1st Edition,< $1K,592.31,592.31,69.23,183.44,183.44,38.45,345,310,5.6,top50 psa10_up_50
2026-09-27,46858f09-1975-4641-bd19-429922f40529,1999 Pokemon Base Set 1st Edition Holo Venusaur #15,Venusaur,WOTC 1st Edition,>= $10K,78000,78000.0,120.46,8273.12,8273.12,18.19,145,727,5.6,top50 psa10_up_50 psa10_up_100
2026-09-27,4697dd17-fe95-4ad6-aa2b-f1bf31bccc55,2003 Pokemon Adv Torchic Constructed Starter Deck 1st Edition Japanese Torchic #002,Torchic,WOTC 1st Edition,$1K-$10K,9000,16800.0,63.64,370,975,,18,34,5.6,top50 psa10_up_50
2026-09-27,46ea05b6-f67c-42bb-b049-5d6418e20b45,2020 Pokemon Sword and Shield Vivid Voltage Charizard #025,Charizard,,< $1K,113.76,113.76,51.98,28,28,21.74,5186,4708,,top50 blue_chip psa10_up_50
2026-09-27,471f2bc1-cf63-48a8-a913-fcb79871622b,2023 Pokemon Black Star Promo Asia Championship '23-'24 Pikachu #101,Pikachu,Promo,$1K-$10K,1299.99,1350.0,80.55,472.49,465,,57,80,0.0,top50 blue_chip psa10_up_50
2026-09-27,492ee480-4260-4df9-bcbe-b3c5a44c88ef,2017 Pokemon Sun and Moon Black Star Shining Legends Promo Elite Trainer Box Holo Shining Ho Oh #SM70,Shining Ho Oh,Promo,< $1K,684.95,684.95,58.55,95,76,18.75,2407,4232,0.0,top50 psa10_up_50
2026-09-27,49653d48-9ae4-4007-832a-6edc2ef90d0f,2016 Pokemon XY Fates Collide Ultra Rare Umbreon Ex #119,Umbreon Ex,,$1K-$10K,9100,9999.0,104.49,440,450,12.82,715,1763,,top50 blue_chip psa10_up_50 psa10_up_100
2026-09-27,4aff25d3-ba19-4040-9c06-b19f7430285e,2005 Pokemon Ex Delta Species Reverse Holo Espeon #4,Espeon,,$1K-$10K,9900,12000.0,52.31,1375,1600,0,123,215,,top50 psa10_up_50 psa9_flat buy_rule_50
2026-09-27,4b3487ea-6087-4c36-988a-581ae1e38531,2004 Pokemon Ex Team Magma Vs. Team Aqua Team Magma's Groudon Holo #9,Team Magma's Groudon Holo,,$1K-$10K,6005,7000.0,71.32,637.5,779.99,44.89,51,207,,top50 psa10_up_50
2026-09-27,4bdc66b9-b9b1-4486-bb84-4494c790739e,2009 Pokemon Advent of Arceus Japanese Holo Level X Arceus #77,Arceus,,$1K-$10K,2000,2000.0,131.6,355,355,,34,11,,top50 psa10_up_50 psa10_up_100
2026-09-27,4cc0a8ab-5fd1-4a15-ae42-8c4e8a7d7036,2016 Pokemon XY Black Star Promo Super Premium Collection Mew and Mewtwo Mew Ex #XY126,Mew Ex,Promo,>= $10K,20000,20700.0,135.29,1425,1300,3.64,78,340,0.0,top50 blue_chip psa10_up_50 psa10_up_100 psa9_flat buy_rule_50 buy_rule_100
2026-09-27,4cf9c057-be91-408c-9afa-8b74a925973f,2002 Pokemon Expedition Holo Venusaur #30,Venusaur,WOTC other,$1K-$10K,8999.99,14850.0,50,1057.45,1057.45,32.18,104,348,6.5,top50 psa10_up_50
2026-09-27,4d879cee-fb22-4b0d-a2a7-966d9aa35c75,2018 Pokemon Sm Black Star Promo Fall 2018 Collector Chest Articuno #SM144,Articuno,Promo,$1K-$10K,2025,2025.0,73.08,169,169,,25,83,0.0,top50 psa10_up_50
2026-09-27,4de4bf82-d9f7-4e47-b06b-9781c58996dc,2021 Pokemon Sword and Shield Vmax Climax Japanese Galarian Articuno V #60,Galarian Articuno V,Modern V/VMAX/VSTAR,< $1K,41.97,50.0,159.15,,,,68,12,0.0,top50 psa10_up_50 psa10_up_100
2026-09-27,4e346cc4-2c33-45ba-9aaf-5bef7bd38761,2012 Pokemon Black and White Dark Explorers Promo Holo Umbreon #60,Umbreon,Promo,>= $10K,12050,17500.0,82.58,1900,1659.6,,18,63,0.0,top50 blue_chip psa10_up_50
2026-09-27,4ed0a3db-12fe-4374-bfa3-6c4ac0b90ac9,2000 Pokemon Team Rocket Dark Charizard #21,Dark Charizard,WOTC other,$1K-$10K,1899.99,1899.99,52,230,240,-19.66,243,1502,6.5,top50 blue_chip psa10_up_50 psa9_flat buy_rule_50
2026-09-27,4eed1e1e-aeb6-4223-91d0-5a38fc71820f,2019 Pokemon Sun and Moon Unbroken Bonds Reverse Holo Mewtwo #75,Mewtwo,,< $1K,700,770.0,73.78,20.5,20.5,,32,60,,top50 blue_chip psa10_up_50
2026-09-27,4f2bc10a-d389-4a6f-8dd0-fc7098fa1a2b,2011 Pokemon Call of Legends Holo Espeon #4,Espeon,,>= $10K,22200,31250.0,122.02,899.99,1350,63.64,37,159,,top50 psa10_up_50 psa10_up_100
2026-09-27,4f987180-bee0-4a7b-adbe-ad07d9334fd9,2000 Pokemon World Collection German Flying Pikachu #25,Flying Pikachu,WOTC other,< $1K,630,1525.0,61.54,145,145,38.1,443,458,6.5,top50 blue_chip psa10_up_50
2026-09-27,50026085-d6e5-4f95-8c0d-b6174413130b,1997 Pokemon Topsun Japanese Blue Back Charmander #4,Charmander,WOTC other,$1K-$10K,8350,11700.0,67,375,375,,13,52,6.5,top50 psa10_up_50
2026-09-27,50a6028c-2713-4cd5-bc51-4733deb43a87,2009 Pokemon Charizard Half-Deck Japanese Holo Charizard G #1,Charizard G,,$1K-$10K,2999.99,2425.0,76.47,300,349.99,15.38,130,108,,top50 blue_chip psa10_up_50
2026-09-27,524e7a02-0d8f-4638-8e24-66fa4a90fa2e,2009 Pokemon Dpt Series Promos Holo Battle Tour Participation Prize Mewtwo #049DPtP,Mewtwo,Promo,$1K-$10K,3800,4450.0,61.7,339,339,,109,66,0.0,top50 blue_chip psa10_up_50
2026-09-27,536df2fe-9c94-4b2f-81ac-1e8fdff69023,1997 Pokemon Bandai Carddass Moltres Prism #146,Moltres Prism,WOTC other,$1K-$10K,2660,4600.0,104.62,339.99,339.99,36,60,214,6.5,top50 psa10_up_50 psa10_up_100
2026-09-27,540dbe86-82e9-4536-a62e-d1ee8b75c5f0,2005 Ex Delta Species English Reverse Holo Tyranitar #16,Tyranitar,,>= $10K,16800,20000.0,50,1500,1600,35.01,72,189,,top50 psa10_up_50
2026-09-27,5762e82b-c71b-4d17-9471-8154e581e598,2019 Pokemon Sun and Moon Unified Minds Dragonite Gx #229,Dragonite Gx,,< $1K,539.9,539.9,52.05,76.8,70,0,347,451,,top50 blue_chip psa10_up_50 psa9_flat buy_rule_50
2026-09-27,5784b1e8-c5c5-463d-b32f-aafa0478bbeb,2011 Pokemon Call of Legends Reverse Holo Lugia #15,Lugia,,>= $10K,16200,34200.0,376.47,1500,1500,160.87,21,80,,top50 blue_chip psa10_up_50 psa10_up_100
2026-09-27,5887ffbe-4897-4d22-8786-b76117349861,2006 Ex Crystal Guardians English Reverse Holo Mudkip #57,Mudkip,,$1K-$10K,7000,21000.0,64.71,810,810,47.27,31,123,,top50 psa10_up_50
2026-09-27,5a48ece2-a80f-45f5-87e3-8309749cd559,2017 Pokemon Sun and Moon Crimson Invasion Reverse Foil Gengar #38,Gengar,,$1K-$10K,4999.99,4147.2,122.22,233.74,285,31.68,27,165,,top50 blue_chip psa10_up_50 psa10_up_100
2026-09-27,5ae4a486-4198-444c-9690-faa64f9f6546,2006 Pokemon Ex Crystal Guardians Holo Groudon Ex #93,Groudon Ex,EX-era ex,>= $10K,22370,38400.0,238.89,1375,2000,25,51,222,19.1,top50 psa10_up_50 psa10_up_100 cat_hot_15
2026-09-27,5c05e303-b905-430b-bd36-467ae96a5119,2000 Pokemon Gym Challenge Holo Rocket's Zapdos #15,Rocket's Zapdos,WOTC other,$1K-$10K,1998.37,2999.99,74.02,210,250,-8.85,115,820,6.5,top50 psa10_up_50 psa9_flat buy_rule_50
2026-09-27,5dabeee5-2f14-4e7b-a256-be340fafbeba,2019 Pokemon Card Game Sun and Moon Family Pokemon Card Game Japanese Raichu Gx #019,Raichu Gx,,< $1K,122.47,122.47,51.2,28.01,28.02,,146,43,,top50 psa10_up_50
2026-09-27,5de579e2-4482-4083-a8ee-2759b163b6df,2005 Pokeomon Ex Unseen Forces Holo Tyranitar Ex #111,Tyranitar Ex,EX-era ex,>= $10K,46080,78000.0,217.79,2125,2125,,49,267,19.1,top50 psa10_up_50 psa10_up_100 cat_hot_15
2026-09-27,5dedd84a-13af-4cae-aa5a-b1cc83409b13,2005 Pokemon Ex Unseen Forces Holo Raikou Gold Star #114,Raikou Gold Star,Gold Star,>= $10K,29999,30100.0,122.21,4407.18,4499.99,49.4,387,1506,22.6,top50 psa10_up_50 psa10_up_100 cat_hot_15
2026-09-27,60b35061-a608-4da7-b0a9-40b220debaf0,2024 Pokemon Scarlet and Violet Paldean Fates Gengar #57,Gengar,,< $1K,210,106.8,54.98,17.5,16.6,,113,151,,top50 blue_chip psa10_up_50
2026-09-27,617c9221-dc8b-4c30-87e2-f4e0f1baf129,1999 Pokemon Cd Promo Japanese Holo Snorlax #143,Snorlax,WOTC other,$1K-$10K,3250,3600.0,52.94,456,320.11,12.59,2481,6950,6.5,top50 psa10_up_50
2026-09-27,62fc4843-53df-4d3e-995e-97137c325b88,2006 Pokemon Ex Holon Phantoms Holo Rayquaza #16,Rayquaza,,>= $10K,20400,22000.0,61.9,1800,1800,7.46,82,411,,top50 blue_chip psa10_up_50 psa9_flat buy_rule_50
2026-09-27,6382d659-c7cf-4152-8ac3-bbb9d912b038,2023 Pokemon Scarlet and Violet Strength Expansion Pack 151 Japanese Venusaur Ex #003,Venusaur Ex,Modern ex (2023+),< $1K,44,43.99,52.51,11,10.29,-4.35,1691,218,-6.1,top50 psa10_up_50 psa9_flat buy_rule_50
2026-09-27,64d4b5c7-8b22-4f92-872f-1594ecd81e8c,2014 Pokemon XY Promo Venusaur Ex #XY28,Venusaur Ex,Promo,< $1K,324.58,324.58,51.86,36,39.99,,108,125,0.0,top50 psa10_up_50
2026-09-27,64f29487-174f-4785-917c-c657fee80928,2024 Pokemon Simplified Chinese Cs5b C-Brave Enchanting Stars: Brave Super Rare Origin Forme Dialga V #147,Origin Forme Dialga V,Modern V/VMAX/VSTAR,< $1K,75,79.0,59.57,35,35,,84,18,0.0,top50 psa10_up_50
2026-09-27,65264b83-5c03-4fc8-a88b-9ae04bccbf77,2015 Pokemon XY Breakthrough Holo Gengar #60,Gengar,,$1K-$10K,9397,9397.0,300.04,375,450,97.37,46,259,,top50 blue_chip psa10_up_50 psa10_up_100
2026-09-27,657e3d1a-3085-42f4-80c4-9c1a223c4035,2005 Pokemon Ex Delta Species Holo Gold Star Kyogre #112,Kyogre,Gold Star,>= $10K,150000,150000.0,247.22,7800,8500,38.3,73,287,22.6,top50 psa10_up_50 psa10_up_100 cat_hot_15
2026-09-27,65c8bd13-bc2f-4312-aabc-424bb657e246,2005 Ex Delta Species English Reverse Holo Vaporeon #18,Vaporeon,,$1K-$10K,8000,8300.0,109.15,971.14,925.32,-7.72,103,205,,top50 psa10_up_50 psa10_up_100 psa9_flat buy_rule_50 buy_rule_100
2026-09-27,65e20114-5690-4fcf-a846-f69b00f1a613,2010 Pokemon Heartgold and Soulsilver Undaunted Holo Raichu #83,Raichu,,>= $10K,30200,30200.0,128.79,1375,1949.99,20.61,34,206,,top50 psa10_up_50 psa10_up_100
2026-09-27,6691e1cd-0fd6-45dc-9050-da4fa8a99edd,2016 Pokemon XY Generations M Blastoise Ex #18,M Blastoise Ex,,< $1K,900,900.0,97.8,95,95,,129,365,,top50 psa10_up_50
2026-09-27,67d7352e-6faa-466b-9e10-c4e58d0a6582,2000 Pokemon Gym Challenge 1st Edition Holo Erika's Venusaur #4,Erika's Venusaur,WOTC 1st Edition,>= $10K,14000,20000.0,60.92,1144.95,1144.95,27.22,107,900,5.6,top50 psa10_up_50
2026-09-27,68785211-c69c-47aa-8c9c-9ae29c17a25c,2003 Pokemon Skyridge Reverse Holo Magikarp #75,Magikarp,,$1K-$10K,6750,10000.0,92.86,1575,2005.05,6.78,51,86,,top50 psa10_up_50 psa9_flat buy_rule_50
2026-09-27,68899a24-6de4-4a17-8233-3d5e51166c54,2004 Pokemon Ex Fire Red Leaf Green Holo Moltres Ex #115,Moltres Ex,EX-era ex,$1K-$10K,8100,10301.0,110.94,780,1000,-3.7,201,386,19.1,top50 psa10_up_50 psa10_up_100 psa9_flat buy_rule_50 buy_rule_100 cat_hot_15
2026-09-27,68a9a298-4dbe-4467-b5da-03a97c9e0b56,2005 Pokemon Ex Unseen Forces Reverse Holo Ho-Oh #27,Ho-Oh,,$1K-$10K,7500,8400.0,70.45,1100,1170.04,31.74,48,166,,top50 psa10_up_50
2026-09-27,68c1fcef-f363-467f-80f1-de9e553012b0,1999 Pokemon Jungle W Stamp Duelist Magazine 1st Edition Pikachu #60,Pikachu,WOTC 1st Edition,$1K-$10K,3300,3050.0,50,336,426.9,-10.4,521,1401,5.6,top50 blue_chip psa10_up_50 psa9_flat buy_rule_50
2026-09-27,68c83766-a308-4416-92f6-f94af4ae660d,2017 Pokemon Best of XY Japanese Reverse Foil Flareon #010,Flareon,,< $1K,182.5,182.5,245.64,58.15,75.5,,344,113,,top50 psa10_up_50 psa10_up_100
2026-09-27,69d0903e-8fd8-4d88-8e46-9ef45835a6e4,2003 Pokemon Ex Dragon Holo Latios Ex #94,Latios Ex,EX-era ex,>= $10K,32100,32100.0,172.41,1750,1500,28.58,79,393,19.1,top50 psa10_up_50 psa10_up_100 cat_hot_15
2026-09-27,6a36aa07-59aa-426b-b4a9-aa30b9f1be94,2017 Pokemon High Class Pack Gx Battle Boost Holo Mewtwo Gx #36,Mewtwo Gx,,< $1K,151,155.0,65.93,21.24,21.99,,154,50,,top50 blue_chip psa10_up_50
2026-09-27,6a6c86d8-c827-45d4-9cb6-082ffc7249e9,2017 Pokemon Sun and Moon Black Star Promo Mimikyu Sidekick Collection Holo Mimikyu #SM99,Mimikyu,Promo,$1K-$10K,1950,3500.0,128.74,70.8,70.8,,10,44,0.0,top50 psa10_up_50 psa10_up_100
2026-09-27,6ac07db9-8a09-4e8c-9210-adf51884daa3,2014 Pokemon XY Promo Mewtwo Ex #XY125,Mewtwo Ex,Promo,>= $10K,13260,19200.0,81.15,750,750,-14.19,49,264,0.0,top50 blue_chip psa10_up_50 psa9_flat buy_rule_50
2026-09-27,6d2f8f0b-9f68-421e-bd62-06262d3cff11,2000 Pokemon Team Rocket Holo Dark Alakazam #1,Dark Alakazam,WOTC other,$1K-$10K,3749.99,4999.99,50,221.02,192.5,23.61,65,845,6.5,top50 psa10_up_50
2026-09-27,6d35845e-489f-4471-9cfc-8d73c1414083,2006 Pokemon Ex Holon Phantoms Holo Latios #12,Latios,,$1K-$10K,5499,9100.0,81.79,347.89,347.89,-1.73,41,230,,top50 psa10_up_50 psa9_flat buy_rule_50
2026-09-27,6df04526-4e88-42f7-82a7-e6e6a1fdf2df,2023 Pokemon Sword and Shield Vivid Portrayals Obsidian Simplified Chinese Snorlax #142,Snorlax,,< $1K,155.72,159.0,73.04,36.94,40,,217,57,,top50 psa10_up_50
2026-09-27,6e13537e-e274-4ba2-9363-4ed767190e5b,1997 Pokemon Bandai Carddass Part 3 and 4 Japanese Prism Blastoise #9,Blastoise,WOTC other,$1K-$10K,8499,8499.0,109.85,535,600,4.9,84,310,6.5,top50 psa10_up_50 psa10_up_100 psa9_flat buy_rule_50 buy_rule_100
2026-09-27,6e19748d-b037-45d3-9686-61c04ffeafad,2005 Pokemon Ex Unseen Forces Holo Lugia Ex #105,Lugia Ex,EX-era ex,>= $10K,120000,125100.0,97.04,9600,9600,38.55,71,346,19.1,top50 blue_chip psa10_up_50 cat_hot_15
2026-09-27,6ff2a888-c0b5-40ce-a48e-258f1dac0ddc,2000 Pokemon Promo Japanese Meiji Blue Foil Entei,Entei,WOTC other,$1K-$10K,2875,4999.0,254.94,155,155,-35.15,5,27,6.5,top50 psa10_up_50 psa10_up_100 psa9_flat buy_rule_50 buy_rule_100
2026-09-27,723ee386-1278-4655-9fae-6465ea2d9f78,2004 Pokemon Rocket Gang Strikes Back Japanese 1st Edition Holo Rocket's Mewtwo Ex #64,Rocket's Mewtwo Ex,EX-era ex,$1K-$10K,9300,9300.0,85.83,2225,2001,-2.2,237,283,19.1,top50 blue_chip psa10_up_50 psa9_flat buy_rule_50 cat_hot_15
2026-09-27,72827b82-ebe0-4334-b8e2-e2382a4f0fcf,2020 Pokemon Sword & Shield Cosmos Mini Tin 5-Pack Collection Pikachu-Reverse #65,Pikachu-Reverse,,$1K-$10K,1900,1999.99,61.02,165.62,165.62,,54,76,,top50 blue_chip psa10_up_50
2026-09-27,7400c15a-63b7-493d-aa52-0814076c6465,2000 Topps Chrome Pokemon Tv Tekno Pikachu #25,Pikachu,WOTC other,>= $10K,52800,65000.0,137.84,15000,15600,,20,13,6.5,top50 blue_chip psa10_up_50 psa10_up_100
2026-09-27,7481ae02-8b4e-4765-98ca-724c6ca38886,2015 Black Star Promos - XY English Powers Beyond Tins Rayquaza Ex #XY73,Rayquaza Ex,Promo,>= $10K,11800,11800.0,174.42,500,660.95,25,75,235,0.0,top50 blue_chip psa10_up_50 psa10_up_100
2026-09-27,770e9f5b-db31-4787-90f6-ddc58147b5ff,2016 Pokemon Awakening Psychic King Unlimited Japanese M Alakazam Ex #81,M Alakazam Ex,,< $1K,649.99,661.0,52.94,284.87,284.87,14.18,268,107,,top50 psa10_up_50
2026-09-27,781d58b1-1529-4343-8293-0810f5311347,2005 Pokemon Holon Research Tower Japanese 1st Edition Eevee #73,Eevee,,< $1K,599,656.58,66.39,65.89,40.27,0,85,71,,top50 psa10_up_50 psa9_flat buy_rule_50
2026-09-27,79209f02-2b8e-4d56-be75-c271c6c0fc07,2019 Pokemon Sun and Moon Tag Team Gx All Stars Japanese Squirtle #29,Squirtle,,< $1K,66.22,66.22,65.55,14,14,0,109,23,,top50 psa10_up_50 psa9_flat buy_rule_50
2026-09-27,79378069-8dc5-418c-afbc-39be576f37b0,2015 Pokemon XY 8 Blue Shock First Edition Japanese Mewtwo Ex #65,Mewtwo Ex,,$1K-$10K,4849.99,6200.0,94.04,,250,,42,14,,top50 blue_chip psa10_up_50
2026-09-27,795850db-f187-4f7a-b5d4-acbd8bc0c6e5,2002 Pokemon Legendary Collection Holo Articuno #2,Articuno,WOTC other,>= $10K,20760,28200.0,55.86,232.5,240,5.68,11,164,6.5,top50 psa10_up_50 psa9_flat buy_rule_50
2026-09-27,7980b0db-2bfa-4150-9ecd-fa180fe98b36,2016 Pokemon XY Generations Radiant Collection Flareon Ex #RC28,Flareon Ex,,>= $10K,13100,13100.0,79.45,651,550.69,10.34,308,2236,,top50 psa10_up_50
2026-09-27,7998462f-c0e2-4169-b89a-9a25c66384fb,1995 Pokemon Topsun Blue Backs Gengar #94,Gengar,WOTC other,>= $10K,15500,30600.0,121.43,1975,1975,,32,101,6.5,top50 blue_chip psa10_up_50 psa10_up_100
2026-09-27,79e6557c-2fff-425e-ab39-53c52c276c0c,2002 Pokemon Trainers Magazine Promo Japanese Jolteon #3T,Jolteon,WOTC other,$1K-$10K,2999.99,4999.99,61.29,600,600,80.1,201,155,6.5,top50 psa10_up_50
2026-09-27,79f29a63-31d5-448a-a23e-4a3f751454b8,1999 Pokemon Movie Edition Charizard #E6,Charizard,WOTC other,$1K-$10K,1000,1075.0,66.67,89.99,68,-18.19,237,765,6.5,top50 blue_chip psa10_up_50 psa9_flat buy_rule_50
2026-09-27,7a05833d-88c7-4e04-aba0-eda1343d2561,2003 Skyridge English Reverse Holo Ho-Oh #149,Ho-Oh,e-card Crystal,>= $10K,18999.99,18999.99,171.43,1400,1275,,65,251,23.1,top50 psa10_up_50 psa10_up_100 cat_hot_15
2026-09-27,7a0cde57-ee13-41d5-9c23-68f6e4c3c9d5,2014 Pokemon XY Flashfire Holo Charizard Ex #100,Charizard Ex,,>= $10K,29999.99,32000.0,114.29,1025,1040,5.77,184,1012,,top50 blue_chip psa10_up_50 psa10_up_100 psa9_flat buy_rule_50 buy_rule_100
2026-09-27,7ada3605-8dd0-4c86-b553-f2c3ff8183b5,2020 Pokemon Sword and Shield Rebel Clash Magikarp #39,Magikarp,,< $1K,442,2100.0,55.09,80,40.5,0,24,62,,top50 psa10_up_50 psa9_flat buy_rule_50
2026-09-27,7adea198-c816-421c-8298-5f9026504c44,2007 Pokemon Diamond and Pearl Secret Wonders Cracked Ice Holo Suicune #19,Suicune,,$1K-$10K,7500,10000.0,141.94,450,499,,30,129,,top50 psa10_up_50 psa10_up_100
2026-09-27,7b045dda-dabd-44e4-8fe7-e8974e6866fa,2022 Pokemon Sword and Shield High Class Pack Vstar Universe Japanese Galarian Zapdos #73,Galarian Zapdos,,< $1K,69.69,69.69,67.93,,5.5,,68,5,,top50 psa10_up_50
2026-09-27,7c536e58-61a0-415f-a415-88c7d40b25b6,2018 Pokemon Sun and Moon Enhanced Expansion Pack Thunderclap Spark Japanese Holo Suicune #18,Suicune,,< $1K,100,100.0,113.68,31,31,,57,16,,top50 psa10_up_50 psa10_up_100
2026-09-27,7ca150a2-6220-4925-a05f-b67f0e69f3c9,2007 Pokemon World Championships Deck Legendary Ascent Tom Roos Jolteon Gold Star #101,Jolteon Gold Star,Gold Star,$1K-$10K,3960,3217.27,66.04,500,440.55,14.94,57,157,22.6,top50 psa10_up_50 cat_hot_15
2026-09-27,7cda02a1-5bef-450f-ac52-21bb0b36155f,2001 Pokemon Japanese Promos Celebi #042P,Celebi,WOTC other,$1K-$10K,1440,2200.0,65.52,492,492,,161,74,6.5,top50 psa10_up_50
2026-09-27,7e53c01f-45da-4dba-a883-2a59e6d43699,2005 Pokemon Ex Delta Species Reverse Foil Mewtwo #12,Mewtwo,,>= $10K,31200,40800.0,78.29,2450,3750,0,34,145,,top50 blue_chip psa10_up_50 psa9_flat buy_rule_50
2026-09-27,7e6c34d5-b4f7-4f17-9381-58789f7c4ad8,2006 Pokemon Ex Holon Phantoms Holo Mew Ex #100,Mew Ex,EX-era ex,>= $10K,84000,87000.0,148.62,7500,8500,2.6,60,287,19.1,top50 blue_chip psa10_up_50 psa10_up_100 psa9_flat buy_rule_50 buy_rule_100 cat_hot_15
2026-09-27,7ed7cb1c-d2bf-4438-a971-75b56e7f2a55,1999 Pokemon Wizards of the Coast Black Star Promos Movie 2000 Articuno #22,Articuno,WOTC other,< $1K,448,619.0,61.73,64.64,64.64,,228,108,6.5,top50 psa10_up_50
2026-09-27,7f2898a2-cb56-45f1-a369-21d818fe822d,2019 Pokemon Sun and Moon Cosmic Eclipse Kyogre #53,Kyogre,,$1K-$10K,1493.17,1493.17,113.01,54,70,0,27,43,,top50 psa10_up_50 psa10_up_100 psa9_flat buy_rule_50 buy_rule_100
2026-09-27,7f63e0ea-2d53-4a3f-bf2b-7a7fecb7603f,2015 Pokemon XY Ancient Origins Flareon-Reverse #13,Flareon-Reverse,,$1K-$10K,1200,1200.0,71.43,59.99,59.99,33.31,43,65,,top50 psa10_up_50
2026-09-27,7f892d65-585b-42af-bfd9-caa250adb695,2003 Pokemon Ex Dragon Holo Charmander #98,Charmander,,$1K-$10K,8500,8500.0,86.4,539.96,1299.3,21.34,121,377,,top50 psa10_up_50
2026-09-27,80020257-f2ca-46de-90be-be55398ff8f9,2015 Black Star Promos - XY English Powers Beyond Tins Latios Ex #XY72,Latios Ex,Promo,$1K-$10K,2880,2800.0,92,160,140.48,39.13,62,139,0.0,top50 psa10_up_50
2026-09-27,810ae5c6-1440-464f-80dd-6c2373865480,1998 Vending Series 1 (Pokeball Symbol. Glossy) Japanese Glossy With Rarity Symbol Squirtle,Squirtle,WOTC other,$1K-$10K,3999.99,4338.0,93.24,428.64,515,12.8,140,309,6.5,top50 psa10_up_50
2026-09-27,813a214a-67e8-404f-81d7-3cc0e3826731,2002 Legendary Collection English Squirtle #95,Squirtle,WOTC other,< $1K,327,450.0,81.67,52.99,52.99,76.63,170,212,6.5,top50 psa10_up_50
2026-09-27,817718d1-e525-499a-9fac-f41f77f2daf4,2000 Chrome Series 1 English Chrome (Topps Chrome Stamp On Front of Card) Charmander #4,Charmander,WOTC other,< $1K,850,850.0,63.15,170,197.19,54.55,169,190,6.5,top50 psa10_up_50
2026-09-27,81cb0768-68c6-4740-842f-e4488721fb53,1996 Pokemon Bandai Carddass Vending Red Prism Moltres #146,Moltres,WOTC other,$1K-$10K,2709,3550.0,80.6,280,310,4.48,62,306,6.5,top50 psa10_up_50 psa9_flat buy_rule_50
2026-09-27,81ff0e19-46fd-4eca-8396-68940e67e10c,2004 Pokemon Organized Play Series 1 Tyranitar Ex #17,Tyranitar Ex,EX-era ex,$1K-$10K,1499.99,2000.0,70.26,222.5,344.85,11.26,36,84,19.1,top50 psa10_up_50 cat_hot_15
2026-09-27,8224ad3a-8624-44cd-bc8c-a303dea63dc1,1999 Pokemon Fossil 1st Edition Holo Gengar #5,Gengar,WOTC 1st Edition,>= $10K,59999,58000.0,50,3049,3300,24.45,183,1999,5.6,top50 blue_chip psa10_up_50
2026-09-27,833064db-6667-4af2-a29b-4d3a75479e6e,2013 Pokemon Black and White Plasma Storm Moltres Ex #14,Moltres Ex,,$1K-$10K,1600,2900.0,68.42,150,150,22.17,35,103,,top50 psa10_up_50
2026-09-27,85d4d684-8ece-4927-b1c6-d23e4013dd56,2005 Pokemon Ex Unseen Forces Cosmos Holo Lugia #29,Lugia,,>= $10K,14108,35000.0,90.65,1449.99,2200,81.25,22,118,,top50 blue_chip psa10_up_50
2026-09-27,86ff4315-2f7d-43ac-9cbe-0ddcfddfac2a,2008 Pokemon Diamond and Pearl Great Encounters Reverse Holo Latias #22,Latias,,$1K-$10K,3850,3850.0,305.27,391.76,383.52,,14,32,,top50 blue_chip psa10_up_50 psa10_up_100
2026-09-27,873d2e1f-52b7-4688-86c2-a724f9feca2d,2010 Pokemon Clash At the Summit Unlimited Japanese Deoxys/Rayquaza Legend #74,Deoxys/Rayquaza Legend,HGSS Prime/LEGEND,$1K-$10K,8399.95,8399.95,69.7,,148,,65,37,0.0,top50 blue_chip psa10_up_50
2026-09-27,87e60293-4171-4ff0-9075-d42f52f14ad9,2006 Pokemon Ex Holon Phantoms Holo Latias #11,Latias,,$1K-$10K,6450,9000.0,85.61,480.88,480.88,37.39,54,240,,top50 blue_chip psa10_up_50
2026-09-27,8823ebaa-5b03-4dc6-9def-2bc737d82651,2017 Pokemon Sun and Moon Crimson Invasion Magikarp #17,Magikarp,,< $1K,562.5,900.0,150,45,50,,6,19,,top50 psa10_up_50 psa10_up_100
2026-09-27,88bb9946-17ac-41fd-bd61-d4044ed51eae,2021 Pokemon Sword and Shield Black Star Box Promo Alakazam V #SWSH083,Alakazam V,Modern V/VMAX/VSTAR,< $1K,100,150.0,56.25,16.99,10,,381,410,0.0,top50 psa10_up_50
2026-09-27,890c3f97-e330-42e7-9e35-b9e977d77b67,2001 Pokemon Neo Revelation Holo Raikou #13,Raikou,WOTC other,>= $10K,33999,33999.0,151.84,700,744.74,23.89,16,309,6.5,top50 psa10_up_50 psa10_up_100
2026-09-27,896de3d7-31fc-40e2-9135-cd61444da3f7,2021 Pokemon Sword and Shield Black Star Promo Special Collection Mewtwo V-Union #SWSH159,Mewtwo V-Union,Promo,< $1K,200,269.0,150,26,24.99,,301,103,0.0,top50 blue_chip psa10_up_50 psa10_up_100
2026-09-27,899f6a97-fbb6-48ce-845a-b55f26b1cdf7,2021 Pokemon Swsh Black Star Promo Prerelease Latias #171,Latias,Promo,< $1K,399,400.0,115.68,38.95,60,11.29,92,177,0.0,top50 blue_chip psa10_up_50 psa10_up_100
2026-09-27,89b79d8b-c680-4b83-be78-58308c90a107,2025 Card Game Scarlet & Violet Terastal Festival Ex High Class Expansion Korean Espeon Ex #063,Espeon Ex,Modern ex (2023+),< $1K,30.69,46.88,111.66,,,,12,2,-6.1,top50 psa10_up_50 psa10_up_100
2026-09-27,89f8dd3a-798e-463a-9708-84c9b71a928b,1999 Pokemon Base Set 1st Edition Red Cheeks Pikachu #58,Pikachu,WOTC 1st Edition,>= $10K,46500,43200.0,72.22,2650,2650,0,260,1210,5.6,top50 blue_chip psa10_up_50 psa9_flat buy_rule_50
2026-09-27,8a2ea0be-be7e-43de-ad29-f89fc24f65e6,2023 Synergy Pokemon Sun and Moon Shining Shower Simplified Chinese Alolan Raichu Gx #167,Alolan Raichu Gx,,< $1K,108.99,174.98,153.47,,,,24,11,,top50 psa10_up_50 psa10_up_100
2026-09-27,8acb80db-8d83-401f-817b-6314d1680e79,2022 Pokemon Sword and Shield High Class Pack Vstar Universe Japanese Giratina Vstar #111,Giratina Vstar,,< $1K,75,170.0,114.29,25.73,25.73,,814,86,,top50 psa10_up_50 psa10_up_100
2026-09-27,8ad91750-1644-4082-a5fd-34649ef6c296,2002 Pokemon Legendary Collection Holo Gyarados #12,Gyarados,WOTC other,$1K-$10K,5400,38737.2,59.62,291.6,291.6,17.34,35,233,6.5,top50 psa10_up_50
2026-09-27,8b8c8a8f-0517-41b3-8b06-28c23e34ada6,2007 Pokemon Shining Darkness Japanese Holo 1st Edition Palkia Lv X,Palkia Lv X,LV.X,$1K-$10K,1226.54,1325.0,104.42,124.99,124.99,,142,113,13.5,top50 psa10_up_50 psa10_up_100
2026-09-27,8c55c71d-8f58-4eae-b988-e6353ff386b3,2004 Pokemon Ex Fire Red Leaf Green Reverse Foil Snorlax #15,Snorlax,,$1K-$10K,6250,7500.0,50.2,985,990,9.44,59,129,,top50 psa10_up_50 psa9_flat buy_rule_50
2026-09-27,8dfe9fb4-ce86-46d6-9eda-bbd4ecff8626,2025 Pokemon Scarlet and Violet Destined Rivals Promos Stamp Cosmos Prerelease Team Rocket's Mimikyu #087,Team Rocket's Mimikyu,Promo,< $1K,350,350.0,55.56,30,30,-30.05,178,443,0.0,top50 psa10_up_50 psa9_flat buy_rule_50
2026-09-27,8e796dc5-acca-411e-8dff-47f5652e9e97,2013 Pokemon Black and White Legendary Treasures Radiant Collection Holo Mew Ex #RC24,Mew Ex,,>= $10K,36000,37100.0,67.77,1350,1429.86,-5.72,158,1165,,top50 blue_chip psa10_up_50 psa9_flat buy_rule_50
2026-09-27,8e80111d-2a72-471c-b5c7-46bbc5ab2068,2023 Pokemon Scarlet and Violet Paldea Evolved Raichu #64,Raichu,,< $1K,99,99.0,67.83,30,30,,21,21,,top50 psa10_up_50
2026-09-27,8e89893c-7efe-4228-a0ba-1b84fd724e78,2019 Pokemon Sun and Moon Unified Minds Reverse Holo Pikachu #55,Pikachu,,< $1K,750,1200.0,57.89,65,35.75,0,56,82,,top50 blue_chip psa10_up_50 psa9_flat buy_rule_50
2026-09-27,8fc164ee-4175-498f-98dc-0e60308b4f20,2019 Pokemon Sun and Moon Detective Pikachu Holo Greninja #9,Greninja,,< $1K,465,500.0,55,50,60,11.11,143,305,,top50 psa10_up_50
2026-09-27,901bf214-ebae-4938-9421-0c186dadf396,2009 Pokemon Rumble Promo Mewtwo #9,Mewtwo,Promo,>= $10K,66000,70000.0,238.27,7500,10000,220.51,26,129,0.0,top50 blue_chip psa10_up_50 psa10_up_100
2026-09-27,9057dbe8-6a98-4d1e-b9fb-2864b24e4591,2000 Pokemon Chrome Spectra-Chrome Charmander #4,Charmander,WOTC other,$1K-$10K,2250,2936.12,56.25,525,525,65.8,37,44,6.5,top50 psa10_up_50
2026-09-27,909bfdb0-a33f-45b6-9704-339a806632b9,2006 Pokemon Ex Holon Phantoms Reverse Holo Psyduck #81,Psyduck,,>= $10K,19000,22200.0,160.04,1154,1154,4.91,23,82,,top50 psa10_up_50 psa10_up_100 psa9_flat buy_rule_50 buy_rule_100
2026-09-27,91850805-f32d-4a29-93f3-1d5e4d0bebf1,2011 Pokemon Call of Legends Prerelease Holo Snorlax #33,Snorlax,,>= $10K,19200,27000.0,53.6,2310,2310,18.46,26,129,,top50 psa10_up_50
2026-09-27,918cbd24-2513-4de0-9b29-c6bb1fc4374b,2000 Pokemon Chrome Mewtwo #150,Mewtwo,WOTC other,$1K-$10K,2175,2500.0,61.11,450,450,4.65,105,62,6.5,top50 blue_chip psa10_up_50 psa9_flat buy_rule_50
2026-09-27,91c3a604-157f-482e-89d3-9ba0792cd495,2026 Pokemon TCG Mega Evolution Ascended Heroes Spanish Pikachu Ex #277,Pikachu Ex,Modern ex (2023+),< $1K,631.2,900.0,62.85,,,,6,2,-6.1,top50 blue_chip psa10_up_50
2026-09-27,94b580c7-9c8a-4150-9992-1c5dd54b189a,2003 Pokemon Ex Ruby and Sapphire Mudkip #59,Mudkip,,$1K-$10K,1100,1100.0,363.19,100,199.99,53.85,30,26,,top50 psa10_up_50 psa10_up_100
2026-09-27,94cce478-899c-45cf-9a13-eb0feed02e65,2005 Ex Deoxys English Holo Gyarados #8,Gyarados,,>= $10K,12700.5,17301.0,56.8,540,930,-1.81,20,135,,top50 psa10_up_50 psa9_flat buy_rule_50
2026-09-27,9792178e-03ab-4368-ab54-1bc88d9bdeb0,1999 Pokemon Stickers Gold Squirtle #G6,Squirtle,WOTC other,< $1K,275,299.99,142.2,76,139.5,11.76,20,57,6.5,top50 psa10_up_50 psa10_up_100
2026-09-27,98c2b358-ca8d-48cc-ad6a-48ab6d052f25,2004 Pokemon Ex Hidden Legends Reverse Holo Dark Celebi #4,Dark Celebi,,>= $10K,19200,19800.0,98.86,855,1575,14,12,93,,top50 psa10_up_50
2026-09-27,98ff81d0-f774-421e-ad23-64b255d7298f,2003 Pokemon Aquapolis Umbreon #41,Umbreon,,$1K-$10K,3578,3494.4,123.62,560,605,1.82,147,238,,top50 blue_chip psa10_up_50 psa10_up_100 psa9_flat buy_rule_50 buy_rule_100
2026-09-27,9a4d03ec-e7f0-4a44-b904-09fd34c937b5,2011 Pokemon Call of Legends Holo Kyogre #12,Kyogre,,>= $10K,14750,18910.0,145.83,374.99,429,33.93,15,88,,top50 psa10_up_50 psa10_up_100
2026-09-27,9bfd8724-a875-4d7c-870d-3782b98b57fa,2016 Pokemon XY Black Star Promo Shiny Mega Gyarados Holo Gyarados #XY109,Gyarados,Promo,>= $10K,10000,10000.0,100,900,860,0,30,133,0.0,top50 psa10_up_50 psa10_up_100 psa9_flat buy_rule_50 buy_rule_100
2026-09-27,9cf20d55-7be9-4a7b-8d93-da369ac754a3,2003 Pokemon Skyridge Reverse Holo Eevee #54,Eevee,,$1K-$10K,7499.49,9999.99,55.96,737.5,600,,17,71,,top50 psa10_up_50
2026-09-27,9d481832-565a-468f-9237-fb61594f751a,2019 Pokemon Sun and Moon Hidden Fates Mew #32,Mew,,< $1K,149.99,149.99,54.63,30,31,,249,196,,top50 blue_chip psa10_up_50
2026-09-27,9e28339e-4395-4fd9-8817-d7cda86b67be,2015 Pokemon XY Double Crisis Team Magma’S Groudon Ex #15,Team Magma’S Groudon Ex,,>= $10K,114657,181314.0,218.49,7500,9875,108.28,19,240,,top50 psa10_up_50 psa10_up_100
2026-09-27,9f5f960c-e960-4aef-9c6a-54216024af20,2003 Pokemon Aquapolis Holo Entei #H8,Entei,,>= $10K,11999.99,17000.0,118.18,1336.7,1336.7,33.67,79,277,,top50 psa10_up_50 psa10_up_100
2026-09-27,9faf81e4-9282-4032-8ef9-af3e895a3a10,2023 Pokemon Scarlet and Violet Paradox Rift Reverse Foil Snorlax Doll #175,Snorlax Doll,,< $1K,705,900.0,138.99,39.99,39.99,,23,39,,top50 psa10_up_50 psa10_up_100
2026-09-27,a00146d4-e9c6-452a-8f88-fe46c8584a09,2022 Pokemon Sword and Shield Vstar Universe Japanese Art Rare Galarian Zapdos #188,Galarian Zapdos,,< $1K,49.49,49.99,54.7,8.5,7.23,,3963,621,,top50 psa10_up_50
2026-09-27,a0c91ea6-f270-40ee-8237-18d2c05483b4,2008 Pokemon Diamond and Pearl Cry From the Mysterious Japanese Holo Rayquaza #442,Rayquaza,,>= $10K,10500,12000.0,81.03,463.71,463.71,5.97,130,165,,top50 blue_chip psa10_up_50 psa9_flat buy_rule_50
2026-09-27,a2410006-f2ef-4e72-bfbd-2607346080ad,2024 Pokemon Shrouded Fable Reverse Holo Sylveon #22,Sylveon,,< $1K,129.99,100.0,170.87,19.99,22.99,,51,53,,top50 psa10_up_50 psa10_up_100
2026-09-27,a3aeb80d-4231-454a-86ae-99fed7db6640,2005 Pokemon Ex Delta Species Reverse Holo Jolteon #7,Jolteon,,$1K-$10K,8000,8000.0,156.41,869.99,975,22.53,95,205,,top50 psa10_up_50 psa10_up_100
2026-09-27,a46af12c-7886-4de2-a29c-3899c0c92c44,2020 Pokemon Sword and Shield Rebel Clash Holo Gyarados #040,Gyarados,,$1K-$10K,1149.5,1700.0,205.76,30,50,,43,89,,top50 psa10_up_50 psa10_up_100
2026-09-27,a5022592-fc65-4ed5-8939-744dd2fea704,2003 Pokemon Skyridge Reverse Holo Charizard #146,Charizard,e-card Crystal,>= $10K,30000,33600.0,86.34,7500,7500,21.36,130,312,23.1,top50 blue_chip psa10_up_50 cat_hot_15
2026-09-27,a7f61795-917b-4959-b732-b3c8e48f4b4c,2017 Pokemon Sun and Moon Black Star Promo Shining Legends Collector Chest Holo Pikachu #SM86,Pikachu,Promo,>= $10K,15000,18706.26,311.42,261,419,,20,134,0.0,top50 blue_chip psa10_up_50 psa10_up_100
2026-09-27,a830bd1a-493d-472b-b237-e631dbcce1b5,2003 Pokemon Ex Sandstorm Holo Gardevoir Ex #96,Gardevoir Ex,EX-era ex,>= $10K,20000,22000.0,189.86,800,899,6.67,65,402,19.1,top50 psa10_up_50 psa10_up_100 psa9_flat buy_rule_50 buy_rule_100 cat_hot_15
2026-09-27,a8b38ee6-b75c-410a-9f5b-fb28965978b0,2002 Pokemon Expedition Reverse Holo Alakazam #33,Alakazam,WOTC other,$1K-$10K,4050,4950.0,66.32,333,325,,33,119,6.5,top50 psa10_up_50
2026-09-27,a8f200fe-533c-4924-9d8b-e004476b7bc1,2016 Pokemon XY Breakpoint Espeon Ex #52,Espeon Ex,,< $1K,700,900.0,77.22,85,85,6.25,78,251,,top50 psa10_up_50 psa9_flat buy_rule_50
2026-09-27,a918106c-153f-48b2-b770-e2f087e02dbe,2025 Destined Rivals - Dri En - English Reverse Holo Team Rocket's Zapdos #070,Team Rocket's Zapdos,,< $1K,135,170.0,50.01,16.21,16.21,-37.65,11,56,,top50 psa10_up_50 psa9_flat buy_rule_50
2026-09-27,aa373c57-4c85-4351-92dd-3b901874c9b6,2006 Pokemon Ocean's Kyogre Ex Constructed Starter Deck Japanese Kyogre Ex #006,Kyogre Ex,EX-era ex,$1K-$10K,3388,4200.0,74.82,300,300,,17,14,19.1,top50 psa10_up_50 cat_hot_15
2026-09-27,aa4be24b-e78e-43bd-939d-1c61184aa298,2006 Pokemon Ex Deoxys Promos Hiroki Yano World Championship Deck B-L-S Latias Gold Star #105,Latias Gold Star,Gold Star,$1K-$10K,6000,6900.0,60,1250,1250,25,47,95,22.6,top50 blue_chip psa10_up_50 cat_hot_15
2026-09-27,aab1dd9d-71c1-4840-a028-9fc75fb6ae39,2005 Pcg Master Kit Bulbasaur Quarter Deck 1st Edition Japanese Raichu #005,Raichu,,< $1K,306,306.0,126.67,33.5,38,,27,23,,top50 psa10_up_50 psa10_up_100
2026-09-27,ac3e5f93-b020-44f5-ba83-b79ddd70e83e,2012 Pokemon Spiral Force 1st Edition Japanese Eevee #42,Eevee,,< $1K,130,103.2,59.14,24.32,24.32,,45,25,,top50 psa10_up_50
2026-09-27,ac660696-3bde-4c84-8133-54217f1d1989,2009 Pokemon Platinum Arceus Holo Arceus #AR9,Arceus,,$1K-$10K,3900.01,5250.0,60.49,474.99,500,1.28,33,165,,top50 psa10_up_50 psa9_flat buy_rule_50
2026-09-27,ac9f8296-de20-4894-9f1f-d04f1367a068,1999 Pokemon Base Set 1st Edition Holo Alakazam #1,Alakazam,WOTC 1st Edition,>= $10K,43200,45000.0,69.4,4699.99,5500,0,93,524,5.6,top50 psa10_up_50 psa9_flat buy_rule_50
2026-09-27,ad6b990d-a7ec-432b-abbb-cbe23dd7931d,2016 Pokemon XY Fates Collide Cracked Ice Lugia #78,Lugia,,$1K-$10K,7425.95,7425.95,165.21,599.99,599.99,166.66,69,240,,top50 blue_chip psa10_up_50 psa10_up_100
2026-09-27,ae03b44d-4574-4589-964b-d6642abcba7a,2005 Pokemon Holon Research Tower Japanese Holo Latios #42,Latios,,$1K-$10K,2399.99,2799.99,70.82,250.5,250.5,,39,57,,top50 psa10_up_50
2026-09-27,ae2c497e-a59d-4014-b947-2a29cab6c44c,2000 Pokemon Gym Heroes 1st Edition Holo Rocket's Moltres #12,Rocket's Moltres,WOTC 1st Edition,$1K-$10K,7300,12500.0,64.28,710,566.51,4.94,153,960,5.6,top50 psa10_up_50 psa9_flat buy_rule_50
2026-09-27,aedfd59b-030f-4228-968b-83f57b4d27ca,2021 Sword and Shield Enhanced Expansion Pack Eevee Heroes Korean Vaporeon V #015,Vaporeon V,Modern V/VMAX/VSTAR,< $1K,50,68.0,56.25,,6.51,,37,12,0.0,top50 psa10_up_50
2026-09-27,af776010-3407-4abf-a643-7fbf1f356dd6,2002 Pokemon Legendary Collection Reverse Holo Squirtle #95,Squirtle,WOTC other,>= $10K,77628,122846.4,157.9,9400,9400,342.14,51,236,6.5,top50 psa10_up_50 psa10_up_100
2026-09-27,afed460e-5a94-47d8-a871-ed4cad33c350,2015 Pokemon XY Breakthrough M Mewtwo Ex #63,M Mewtwo Ex,,< $1K,900.38,747.08,50.31,105,109.99,-2.25,254,502,,top50 blue_chip psa10_up_50 psa9_flat buy_rule_50
2026-09-27,b00fab99-4b24-4c38-b6a8-c55c3e9c53af,2024 Pokemon Scarlet and Violet 151 Promo 5 Pack Mini Tin Squirtle #007,Squirtle,Promo,< $1K,135,198.98,51.69,20,17.1,-40.74,392,445,0.0,top50 psa10_up_50 psa9_flat buy_rule_50
2026-09-27,b030b230-505a-4325-8656-dd6518d42c21,2010 Pokemon Heartgold and Soulsilver Undaunted Holo Espeon #81,Espeon,,>= $10K,84000,84000.0,409.09,2499.99,3200,22.11,54,604,,top50 psa10_up_50 psa10_up_100
2026-09-27,b0a401dc-c524-4809-b100-251b8edc8ea2,2010 Pokemon Reviving Legends 1st Edition Japanese Eevee #58,Eevee,,< $1K,227.5,227.5,51.66,29.8,29.8,-29.18,139,65,,top50 psa10_up_50 psa9_flat buy_rule_50
2026-09-27,b1201ffa-b418-473b-9bbf-c9878f77c2a6,1999 Pokemon Base Set 1st Edition Holo Gyarados #6,Gyarados,WOTC 1st Edition,>= $10K,47400,56000.0,58.57,4250,4000,6.1,89,503,5.6,top50 psa10_up_50 psa9_flat buy_rule_50
2026-09-27,b151dcfa-f07e-49a8-9021-1b5cf8afccfb,2002 Pokemon Legendary Collection Reverse Holo Zapdos #19,Zapdos,WOTC other,>= $10K,23000,168000.0,91.67,2200,7500,7.37,51,251,6.5,top50 psa10_up_50 psa9_flat buy_rule_50
2026-09-27,b1c46e7c-69d5-45f5-89af-afb7a4bfd335,2017 Pokemon Sun and Moon Burning Shadows Reverse Holo Pikachu #40,Pikachu,,$1K-$10K,1200,1200.0,60,41,59,-8.89,203,390,,top50 blue_chip psa10_up_50 psa9_flat buy_rule_50
2026-09-27,b23990da-e6c7-4a02-890f-f50c843205de,2004 Pokemon Play Promo Japanese Holo Moltres Ex #9,Moltres Ex,EX-era ex,$1K-$10K,1260,1625.0,55.56,205.5,350,,360,276,19.1,top50 psa10_up_50 cat_hot_15
2026-09-27,b2abc080-0cdc-4bb6-8161-ed11d020cfbe,2025 Pokemon Simplified Chinese Cbb2 C-Gem Pack Vol 2 Vaporeon #08,Vaporeon,,< $1K,30,30.0,53.85,,19.99,,28,3,,top50 psa10_up_50
2026-09-27,b310703c-6cd3-45c3-8859-e98115ae8e80,2023 Pokemon Scarlet and Violet 151 Venusaur Ex #3,Venusaur Ex,Modern ex (2023+),< $1K,99.99,85.0,69.47,14,16.4,-29.96,645,1144,-6.1,top50 psa10_up_50 psa9_flat buy_rule_50
2026-09-27,b390f801-286a-4af7-9cda-55f7ce7ff337,2002 Pokemon Promo Japanese Trainers Magazine Vol 14 Flareon #1T,Flareon,WOTC other,$1K-$10K,2999.99,1999.0,66.67,433.28,650,8.32,195,162,6.5,top50 psa10_up_50 psa9_flat buy_rule_50
2026-09-27,b50566d6-a6a8-4060-aa80-54d80afa6c87,2000 Topps Pokemon Tv Animation Clear Card Pikachu #PC1,Pikachu,WOTC other,< $1K,875,1200.0,84.21,95,115,-4.04,507,554,6.5,top50 blue_chip psa10_up_50 psa9_flat buy_rule_50
2026-09-27,b60c039b-7e89-4e78-b9a2-52b00852a95b,2021 Pokemon Celebrations German Mew #25,Mew,,< $1K,291.51,291.51,59.56,74.41,74.41,,152,120,,top50 blue_chip psa10_up_50
2026-09-27,b88085ee-48f3-491a-891c-24920dd84e2b,2009 Pokemon Platinum Supreme Victors Holo Rayquaza C Lv X #146,Rayquaza C Lv X,LV.X,>= $10K,50000,227634.0,78.57,2699,6431.99,0,45,288,13.5,top50 blue_chip psa10_up_50 psa9_flat buy_rule_50
2026-09-27,b8dc8074-638d-4985-92ea-6fbae51193bd,2022 Pokemon Sword and Shield Black Star Promos Sylveon V #SWSH202,Sylveon V,Modern V/VMAX/VSTAR,< $1K,175,160.0,59.82,20.7,20.7,15,319,385,0.0,top50 psa10_up_50
2026-09-27,b8e66839-cacd-40e4-bd3f-bd0cfa653a99,2007 Pokemon World Championship Decks Legendary Ascent Tom Roos Jolteon Ex #109,Jolteon Ex,EX-era ex,< $1K,310.55,310.0,77.97,100,100,7.53,36,63,19.1,top50 psa10_up_50 psa9_flat buy_rule_50 cat_hot_15
2026-09-27,b900a69b-7e2e-443d-86c2-bb7e760e434f,"2003 Ex Sandstorm (2003 Copyright, W/ ""E"" Symbol) English Holo Raichu Ex #98",Raichu Ex,EX-era ex,>= $10K,13500,15450.0,104.55,1279.63,1376.28,29.26,106,472,19.1,top50 psa10_up_50 psa10_up_100 cat_hot_15
2026-09-27,b91c46b9-df9b-40d8-8bd1-e75db9a41444,2002 Pokemon Neo Destiny Holo 1st Edition Dark Gengar #6,Dark Gengar,WOTC 1st Edition,>= $10K,40000,45600.0,96.04,5400,5700,20,114,298,5.6,top50 blue_chip psa10_up_50
2026-09-27,b9242e69-a594-465f-bc37-68444e5401db,2015 Pokemon Bandit Ring 1st Edition Japanese Eevee #63,Eevee,,< $1K,82.44,72.0,50.52,17.61,17.1,-5.98,97,19,,top50 psa10_up_50 psa9_flat buy_rule_50
2026-09-27,b980a495-5d31-44e1-8759-33443ea71345,2000 Topps Chrome Pokemon Tv Spectra Charizard #6,Charizard,WOTC other,$1K-$10K,9350,10000.0,59.15,2130,3000,-8.58,72,101,6.5,top50 blue_chip psa10_up_50 psa9_flat buy_rule_50
2026-09-27,b9d1faf0-762e-4b17-83bf-da3844dc0113,2000 Topps Pokémon the Movie: 2000 Silver Foil Lugia Revealed #44,Lugia Revealed,WOTC other,< $1K,760,760.0,308.6,39.85,139,0,11,20,6.5,top50 blue_chip psa10_up_50 psa10_up_100 psa9_flat buy_rule_50 buy_rule_100
2026-09-27,bab133a6-8265-41b5-aad3-a0a4d83ce50d,2002 Pokemon Mysterious Mountains Unlimited Japanese Charizard #89,Charizard,WOTC other,>= $10K,84000,108000.0,68,12100,13000,,57,71,6.5,top50 blue_chip psa10_up_50
2026-09-27,bb579053-6aa2-4b69-a1c0-9113df1cc508,2015 Pokemon Card Game XY M Master Deck Speed Style Build Box Japanese Raichu #012,Raichu,,< $1K,100,90.1,104.58,,24,,23,5,,top50 psa10_up_50 psa10_up_100
2026-09-27,bb6ba831-00c8-415c-ab5b-daae3aa125f1,2012 Pokemon Black and White Dragon Vault Holo Rayquaza #11,Rayquaza,,>= $10K,15609,22200.0,51.18,850,850,17.24,25,219,,top50 blue_chip psa10_up_50
2026-09-27,bbd8edb9-a2f2-4d43-894b-7e334ba0d868,1998 Bandai Carddass Pokemon Anime Series Charizard/Pikachu #277,Charizard/Pikachu,WOTC other,< $1K,654,950.0,82.68,266.25,382.5,,53,36,6.5,top50 blue_chip psa10_up_50
2026-09-27,bc649bce-560e-4382-8ec8-90d674175252,2004 Pokemon Ex Hidden Legends Holo Groudon Ex #93,Groudon Ex,EX-era ex,>= $10K,15000,17500.0,127.27,800,1100,,136,275,19.1,top50 psa10_up_50 psa10_up_100 cat_hot_15
2026-09-27,bf252c86-db91-43d1-a1ce-d7cc8815bc14,2011 Pokemon Black and White Holo Zekrom #114,Zekrom,,>= $10K,10500,12500.0,98.15,385,473.34,0,174,262,,top50 psa10_up_50 psa9_flat buy_rule_50
2026-09-27,bf61d6ff-0299-4452-8236-849043741096,2022 Pokemon Sword and Shield Lost Origin Reverse Holo Gengar #066,Gengar,,$1K-$10K,1380,1416.0,176.55,70,70,,21,75,,top50 blue_chip psa10_up_50 psa10_up_100
2026-09-27,bf994e9e-58aa-41f1-9a8f-2d01815cf7f6,2025 Pokemon Scarlet and Violet Gem Pack Volume 2 Simplified Chinese Vaporeon #0211,Vaporeon,,< $1K,39.99,40.0,73.87,,11,,31,24,,top50 psa10_up_50
2026-09-27,c1c04688-295d-4de0-9469-06d007bdad26,2020 Pokemon Sword and Shield Black Star Promo Rebel Clash Three Pack Blisters Holo Rayquaza #SWSH029,Rayquaza,Promo,< $1K,725,725.0,70.59,36,36,-38.98,611,974,0.0,top50 blue_chip psa10_up_50 psa9_flat buy_rule_50
2026-09-27,c25901ff-6f02-4d4f-97e6-bad0be877663,2023 Pokemon Scarlet and Violet Strength Expansion Pack 151 Reverse Holo Moltres #146,Moltres,,< $1K,175,135.0,66.59,17.5,17.5,16.67,39,38,,top50 psa10_up_50
2026-09-27,c27e6dcc-bac4-4f1f-98bb-62f8ca85a728,2019 Pokemon Sun and Moon Cosmic Eclipse Mimikyu #96,Mimikyu,,< $1K,259.5,350.0,94.38,18,20.5,,15,28,,top50 psa10_up_50
2026-09-27,c330ebbe-1f2a-4c71-94c7-df6d0915dc35,2009 Pokemon Arceus Lv. X Deck: Grass & Fire Arceus Holo #5,Arceus Holo,,< $1K,399,471.0,59.92,75,75,,85,29,,top50 psa10_up_50
2026-09-27,c43c1d18-4889-43e7-aa19-1618cfea384e,2003 Pokemon Skyridge Jolteon #13,Jolteon,,< $1K,600,710.0,118.18,119,119,58.67,173,162,,top50 psa10_up_50 psa10_up_100
2026-09-27,c553905e-5819-4ae4-91c9-b1ee2b47b6ea,2016 Pokemon XY Generations Reverse Holo Gengar #35,Gengar,,$1K-$10K,8000,25927.2,77.78,1175,1175,535.14,12,79,,top50 blue_chip psa10_up_50
2026-09-27,c55f5e27-c14d-4391-bd47-f83de049eaf5,2015 Pokemon Bandit Ring Japanese 1st Edition Entei #14,Entei,,< $1K,118.99,118.99,139.39,17.5,17.5,,23,2,,top50 psa10_up_50 psa10_up_100
2026-09-27,c569e099-a1c2-45a6-bb0a-4555ba494ba4,2007 Pokemon Ex Power Keepers Reverse Holo Pikachu #57,Pikachu,,$1K-$10K,7994.89,10789.78,59.9,810,1075,19.65,42,119,,top50 blue_chip psa10_up_50
2026-09-27,c57ddd5c-7fab-4209-b9d8-389df04f775d,2006 Pokemon Ex Dragon Frontiers Holo Dragonite Ex #91,Dragonite Ex,EX-era ex,>= $10K,35000,71626.8,55.56,3000,2700,166.67,30,267,19.1,top50 blue_chip psa10_up_50 cat_hot_15
2026-09-27,c5c23b20-5535-4b89-bc62-d37cddc6e9d4,2019 Pokemon Sun and Moon Unbroken Bonds Reverse Foil Gengar #70,Gengar,,$1K-$10K,2850,4800.0,218.44,399,399,53.46,29,95,,top50 blue_chip psa10_up_50 psa10_up_100
2026-09-27,c5d8c8ad-5667-48b2-ac05-3c929ae444f6,2019 Pokemon Playing Cards Old Maid Japanese Mew,Mew,,< $1K,51.65,51.65,66.61,24.99,18,,3161,673,,top50 blue_chip psa10_up_50
2026-09-27,c5e1dfb8-131f-41e9-83a2-920bd9f4c6ce,2013 Pokemon Megalo Cannon Unlimited Japanese Dialga Ex #53,Dialga Ex,,< $1K,200,200.0,89.3,84.95,84.95,,31,13,,top50 psa10_up_50
2026-09-27,c7145944-ed7e-425d-87b6-0afa4162eb86,2013 Pokemon Black and White Legendary Treasures Reshiram #28,Reshiram,,$1K-$10K,5400,5400.0,208.57,274.99,285,5.77,15,72,,top50 psa10_up_50 psa10_up_100 psa9_flat buy_rule_50 buy_rule_100
2026-09-27,c7c882a1-7585-4c65-a1cd-0e611cdf4916,2011 Pokemon Call of Legends Holo Ho-Oh #9,Ho-Oh,,>= $10K,35000,54800.0,311.76,475,499,66.08,23,114,,top50 psa10_up_50 psa10_up_100
2026-09-27,c9da0966-5cea-4f74-bd09-921bb995f9d3,2004 Ex Fire Red & Leaf Green English Pikachu #74,Pikachu,,< $1K,858,1200.0,55.43,200,180,0,121,176,,top50 blue_chip psa10_up_50 psa9_flat buy_rule_50
2026-09-27,ca4655d9-931f-4583-b963-7d1d6a002f2d,2007 Pokemon Diamon and Pearl Shining Darkness Japanese Holo Palkia Lv X,Palkia Lv X,LV.X,$1K-$10K,3300,3300.0,254.84,121.55,174,,68,87,13.5,top50 psa10_up_50 psa10_up_100
2026-09-27,cab1070a-7453-4154-b349-54e8e1b95e07,2023 Pokemon Scarlet and Violet Strength Expansion Pack 151 Chinese Mandarin Blastoise Ex #9,Blastoise Ex,Modern ex (2023+),< $1K,102.5,160.0,425.64,,,,4,1,-6.1,top50 psa10_up_50 psa10_up_100
2026-09-27,cad0e2a1-abd2-4f59-af1a-caa98770b18d,2006 Pokemon Ex Crystal Guardians Holo Celebi Gold Star #100,Celebi Gold Star,Gold Star,>= $10K,51505,78000.0,105.94,8000,9356.89,60,102,360,22.6,top50 psa10_up_50 psa10_up_100 cat_hot_15
2026-09-27,cad70996-7748-4e46-93b0-4ca2d3c91372,2021 Mcdonald's Pokemon Collection Torchic #11,Torchic,,< $1K,324.98,350.0,84.67,55,55,,39,61,,top50 psa10_up_50
2026-09-27,cb9d0ef6-0e65-4ae0-a372-f2e2f0f223cb,1999 Pokemon Wizards of the Coast Black Star Promos Pokemon League Pikachu #1,Pikachu,WOTC other,$1K-$10K,4250,4250.0,107.32,409.95,409.95,63.98,368,1308,6.5,top50 blue_chip psa10_up_50 psa10_up_100
2026-09-27,cc255ef7-8275-4a77-9f84-aebc77ea66a8,2003 Pokemon Skyridge Holo Moltres #H20,Moltres,,>= $10K,16800,22500.0,136.62,2300,2389.99,21.29,115,306,,top50 psa10_up_50 psa10_up_100
2026-09-27,cc98ef8b-acfe-4404-a537-2963a7d6dc70,2008 Pokemon Diamond and Pearl Great Encounters Holo Darkrai #3,Darkrai,,$1K-$10K,4250,5100.0,51.79,250,300,54.32,82,138,,top50 psa10_up_50
2026-09-27,cd4f6153-2266-4a4f-99af-78aba6b15dfc,2006 Pokemon Ex Dragon Frontiers Holo Rayquaza Ex #97,Rayquaza Ex,EX-era ex,>= $10K,52950,78000.0,246.8,3700,5750,37.04,64,282,19.1,top50 blue_chip psa10_up_50 psa10_up_100 cat_hot_15
2026-09-27,cd59a1fb-2387-4a00-8ffc-e0b86483566a,2019 Pokemon Sun and Moon Black Star Tag Team Tins Promo Celebi/Venusaur Gx #SM167,Celebi/Venusaur Gx,Promo,$1K-$10K,1450,1450.0,61.11,129,129,-13.99,3149,4403,0.0,top50 psa10_up_50 psa9_flat buy_rule_50
2026-09-27,cda49836-36c2-40ad-89f2-b0059c405c4a,2012 Pokemon Black and White Dragons Exalted Rayquaza Ex #85,Rayquaza Ex,,$1K-$10K,3000,2520.0,122.22,200,202.1,16.96,671,1166,,top50 blue_chip psa10_up_50 psa10_up_100
2026-09-27,ce219636-2a78-4a28-8c42-ad45773421f7,2002 Black Star Promos - Wotc English Celebi: the Voice of the Forest Suicune #53,Suicune,WOTC other,$1K-$10K,1700,1700.0,63.93,256,269.99,-10.18,133,252,6.5,top50 psa10_up_50 psa9_flat buy_rule_50
2026-09-27,ce260553-e688-4eb4-8ea3-5e2767481441,2000 Pokemon Gym Heroes Lt. Surge's Pikachu #81,Lt. Surge's Pikachu,WOTC other,< $1K,900,1199.99,50,98.99,98.99,54.67,147,399,6.5,top50 blue_chip psa10_up_50
2026-09-27,cf40d6cd-57c0-4d94-bf43-7e1573c384e9,2000 Pokemon Pikachu World Collection Italian Baby Pikachu #27,Baby Pikachu,WOTC other,< $1K,560,560.0,50.99,99,103.5,3.68,182,448,6.5,top50 blue_chip psa10_up_50 psa9_flat buy_rule_50
2026-09-27,d271a4f5-c616-41f4-a94f-0922e41a0ef1,2003 Pokemon Black Star Promo League Reverse Foil Torchic #008,Torchic,Promo,>= $10K,10000,10000.0,63.93,641.95,250,60.49,23,215,0.0,top50 psa10_up_50
2026-09-27,d281fe51-fe59-4330-8bee-00dac63683f7,1998 Pokemon Quick Starters Japanese Red Deck Zapdos #145,Zapdos,WOTC other,$1K-$10K,6000,5400.0,50,1497.56,1497.56,24.8,126,350,6.5,top50 psa10_up_50
2026-09-27,d3329ff0-16d1-4127-a331-afaa8198227b,2003 Pokemon Aquapolis Zapdos #44,Zapdos,,< $1K,620,775.0,69.86,129,150,,71,88,,top50 psa10_up_50
2026-09-27,d382183e-a411-4526-ae07-d158afe1d26b,2002 Pokemon Expedition Holo Mewtwo #20,Mewtwo,WOTC other,>= $10K,192000,220000.0,204.76,4319,6600,-4.02,62,389,6.5,top50 blue_chip psa10_up_50 psa10_up_100 psa9_flat buy_rule_50 buy_rule_100
2026-09-27,d46a872d-9f52-489d-a2df-24ff0d876197,2003 Pokemon Skyridge Flareon #8,Flareon,,< $1K,515.76,515.76,56.29,195.16,198.5,25.92,182,191,,top50 psa10_up_50
2026-09-27,d5517248-8f42-467c-8a7a-2560c9780d4e,2002 Pokemon Expedition Reverse Holo Mewtwo #56,Mewtwo,WOTC other,>= $10K,19200,22200.0,222.69,1349.99,1349.99,99.7,39,151,6.5,top50 blue_chip psa10_up_50 psa10_up_100
2026-09-27,d64531de-59cf-4a32-a326-35a388f9bf96,2004 Pokemon Undone Seal Japanese Holo Kyogre Ex #39,Kyogre Ex,EX-era ex,$1K-$10K,1904,2188.0,50.51,335.81,360,,65,44,19.1,top50 psa10_up_50 cat_hot_15
2026-09-27,d6e85611-83cd-4788-ac26-018401918789,2013 Pokemon Black & White Plasma Freeze Reshiram #17,Reshiram,,$1K-$10K,2895,3240.0,54.4,128.43,136.85,,11,37,,top50 psa10_up_50
2026-09-27,d79102f7-3c86-4b09-8520-9315ada000a8,2021 Pokemon 25th Anniversary Collection Chinese Mew #030,Mew,,< $1K,168.5,168.5,54.79,37.58,37.58,21.23,334,34,,top50 blue_chip psa10_up_50
2026-09-27,d8180640-cefa-4250-a1aa-63e6953b690c,1999 Pokemon Meiji 3 Promo Japanese Articuno,Articuno,WOTC other,$1K-$10K,1000,1290.0,68.07,90,115,0,25,99,6.5,top50 psa10_up_50 psa9_flat buy_rule_50
2026-09-27,d8989b54-38df-4b82-836c-c1cb63faee26,2013 Pokemon Black and White Plasma Storm Blastoise #137,Blastoise,,>= $10K,55000,55000.0,395.5,1648.88,2999.95,9.93,46,405,,top50 psa10_up_50 psa10_up_100 psa9_flat buy_rule_50 buy_rule_100
2026-09-27,d8be609a-4a9b-4bf1-9b95-a0ad2da18fb3,2013 Pokemon Black and White Legendary Treasures Lugia Ex #102,Lugia Ex,,>= $10K,10099,12500.0,101.96,255,399,,49,220,,top50 blue_chip psa10_up_50 psa10_up_100
2026-09-27,da3cc0fb-906e-454f-8f0a-220e37ae760b,1999 Pokemon Base Set Spanish 1st Edition Holo Pikachu #58,Pikachu,WOTC 1st Edition,< $1K,950,1140.0,104.74,201,275,0.5,67,115,5.6,top50 blue_chip psa10_up_50 psa10_up_100 psa9_flat buy_rule_50 buy_rule_100
2026-09-27,da5d6925-0b79-47b2-8420-940b16bab98e,1999 Topps Pokemon Tv Pikachu #25,Pikachu,WOTC other,< $1K,999.99,1000.0,66.66,100,100,23.49,329,396,6.5,top50 blue_chip psa10_up_50
2026-09-27,dce084a4-43d6-4358-8bcd-ca483f71cd4a,2001 Pokemon Neo Revelation 1st Edition Holo Celebi #3,Celebi,WOTC 1st Edition,>= $10K,24999,25000.0,220.5,1200.81,750,50.1,95,469,5.6,top50 psa10_up_50 psa10_up_100
2026-09-27,dcfdeadc-9aec-4456-900f-80d8d8f63657,2004 Pokemon Ex Fire Red and Leaf Green Holo Charmander #113,Charmander,,$1K-$10K,3900,5750.0,50,392.5,392.5,1.95,114,489,,top50 psa10_up_50 psa9_flat buy_rule_50
2026-09-27,dd1797f3-5879-42c3-9a7d-28bd49eeeb1d,2019 Pokemon Sun and Moon Team Up Reverse Holo Charizard #14,Charizard,,$1K-$10K,1035,1200.32,113.4,62.4,62.4,-27.44,308,541,,top50 blue_chip psa10_up_50 psa10_up_100 psa9_flat buy_rule_50 buy_rule_100
2026-09-27,dd2afcd3-3b10-428e-9b27-3e248074bd16,2007 Pokemon Shining Darkness Unlimited Japanese Dialga Lv X #NoNum,Dialga Lv X,LV.X,$1K-$10K,2600,2800.0,70.49,281,281,,66,61,13.5,top50 psa10_up_50
2026-09-27,ddb5b726-72b8-4e0e-af65-feb5a6877445,2020 Pokemon Sword and Shield Vivid Voltage Alakazam V #172,Alakazam V,Modern V/VMAX/VSTAR,< $1K,106.87,119.99,52.67,23,23,-12.88,1850,1195,0.0,top50 psa10_up_50 psa9_flat buy_rule_50
2026-09-27,ddc01041-2057-4e7c-8f28-20c0b5173247,2019 Pokemon Sun and Moon Team Up Reverse Holo Charmander #12,Charmander,,< $1K,499.99,1068.15,85.18,,20,,21,31,,top50 psa10_up_50
2026-09-27,ddf5bec0-3fc8-4a2e-9616-4a79caafa271,2008 Pokemon Diamond and Pearl Japanese Moonlit Pursuit Dawn Dash Special Pack Holo Palkia Lv X #105DPP,Palkia Lv X,LV.X,$1K-$10K,4600,4800.0,234.55,355,355,92.4,235,160,13.5,top50 psa10_up_50 psa10_up_100
2026-09-27,e13492d5-f8d4-4da0-aa0c-1481b5a96a1c,1997 Pokemon Bandai Carddass Part 3 and 4 Gengar #94,Gengar,WOTC other,$1K-$10K,9250,11500.0,85,1800,1800,18.03,94,254,6.5,top50 blue_chip psa10_up_50
2026-09-27,e33f4308-77d7-4390-b658-0b4c8765a646,2001 Pokemon Neo Revolution 1st Edition Raichu #21,Raichu,WOTC 1st Edition,< $1K,641.95,641.95,91.06,79,79,,162,190,5.6,top50 psa10_up_50
2026-09-27,e3dbb3e3-4abb-44c7-8820-72ea0c7c0998,2010 Pokemon Heartgold and Soulsilver Triumphant Holo Gengar #94,Gengar,,>= $10K,63000,63000.0,136.84,5500,5899.99,39.59,160,940,,top50 blue_chip psa10_up_50 psa10_up_100
2026-09-27,e46eb1fc-7197-4af7-8bc6-468a1f711ade,2024 Pokemon Scarlet and Violet Terastal Festival Ex High Class Expansion Korean Sylveon Ex #212,Sylveon Ex,Modern ex (2023+),< $1K,217.5,225.0,61.11,79,99,,450,115,-6.1,top50 psa10_up_50
2026-09-27,e5025e21-aa73-4af3-a104-caac3b4e16ed,2006 Pokemon Ex Holon Phantoms Japanese 1st Edition Holo Gyarados Gold Star #8,Gyarados Gold Star,Gold Star,>= $10K,31200,32400.0,52.94,7100,8100,31.48,257,372,22.6,top50 psa10_up_50 cat_hot_15
2026-09-27,e5d96c76-5856-4aa7-af55-263f2860e436,2013 Pokemon Black and White Plasma Freeze Holo Latios Ex #113,Latios Ex,,>= $10K,24000,26000.0,288.66,1260,1260,25.39,45,142,,top50 psa10_up_50 psa10_up_100
2026-09-27,e781f5dc-e9dc-4a00-949b-5b3e7c6dc537,2005 Pokemon Ex Delta Species Holo Jolteon Ex #109,Jolteon Ex,EX-era ex,>= $10K,19999,19999.0,122.21,700,899.99,-0.14,47,231,19.1,top50 psa10_up_50 psa10_up_100 psa9_flat buy_rule_50 buy_rule_100 cat_hot_15
2026-09-27,e88a0270-10de-4ac1-97ac-9c9285668c5b,2008 Pokemon Diamond and Pearl Majestic Dawn Holo Palkia #11,Palkia,,>= $10K,37700,37700.0,273.27,510,500,,8,58,,top50 psa10_up_50 psa10_up_100
2026-09-27,e8a30494-9055-476e-9030-c24c1b95923c,2002 Pokemon Expedition Holo Tyranitar #29,Tyranitar,WOTC other,>= $10K,29999.99,40000.0,69.88,2499.95,2499.99,42.12,73,397,6.5,top50 psa10_up_50
2026-09-27,e9511f60-5694-4b77-b0da-8b18d71902f7,2002 Pokemon Neo Destiny 1st Edition Holo Light Dragonite #14,Light Dragonite,WOTC 1st Edition,>= $10K,25000,25000.0,96.65,2500,2600,-4.88,105,388,5.6,top50 blue_chip psa10_up_50 psa9_flat buy_rule_50
2026-09-27,e98111ca-cae8-4ac4-a95c-6be2c3dcfdf2,2000 Pokemon Team Rocket 1st Edition Holo Dark Gyarados #8,Dark Gyarados,WOTC 1st Edition,$1K-$10K,5999.99,5999.99,56.25,615.65,615.65,6.7,470,2087,5.6,top50 psa10_up_50 psa9_flat buy_rule_50
2026-09-27,e9ec3114-a0c9-4351-ad2a-241c3a7b19d0,2005 Ex Delta Species English Reverse Holo Latios #9,Latios,,>= $10K,11600,11600.0,139.18,1063,1050,-1.67,76,192,,top50 psa10_up_50 psa10_up_100 psa9_flat buy_rule_50 buy_rule_100
2026-09-27,eaa4dc79-af35-4723-ae9b-30161f641861,2002 Pokemon Mysterious Mountains Unlimited Japanese Gengar #44,Gengar,WOTC other,>= $10K,25600,26000.0,72.68,5400,5400,37.12,78,109,6.5,top50 blue_chip psa10_up_50
2026-09-27,eb1920a4-352d-425e-a1c1-ca61d4660379,2002 Pokemon Legendary Collection Mewtwo #29,Mewtwo,WOTC other,$1K-$10K,1902,2155.17,72.91,210,210,-16,95,152,6.5,top50 blue_chip psa10_up_50 psa9_flat buy_rule_50
2026-09-27,eb48bfeb-f874-4632-b63e-5d9b1798e5d5,2022 Pokemon Center X Bear Walker Umbreon #NNO,Umbreon,,$1K-$10K,1012.5,1450.0,79.2,150.24,106.36,-22.6,43,15,,top50 blue_chip psa10_up_50 psa9_flat buy_rule_50
2026-09-27,eba0edad-c356-45f2-b06f-e29a31e7460d,2006 Pokemon Organized Play Series 4 Pikachu #13,Pikachu,,$1K-$10K,1800,1801.0,57.21,227.5,280,51.67,48,150,,top50 blue_chip psa10_up_50
2026-09-27,ece3b2d8-9b10-4c2a-9dda-6e13ba15f608,2000 Pokemon Gym Challenge 1st Edition Holo Misty's Gyarados #13,Misty's Gyarados,WOTC 1st Edition,$1K-$10K,8000,6975.0,67.07,910,900,-9,366,1094,5.6,top50 psa10_up_50 psa9_flat buy_rule_50
2026-09-27,ed6be589-e1ab-4a42-93f1-f2229fdb727c,2025 Mega Evolution - Meg En - English Reverse Holo Latios #101,Latios,,< $1K,99.99,99.99,85.98,25,25,,15,16,,top50 psa10_up_50
2026-09-27,edcbb3b4-cb1b-4072-a412-08b3213880b8,2020 Pokemon Sun and Moon Hidden Fates Promo Charizard #60 Stamp Battle Academy Charizard Gx #9,Charizard Gx,Promo,< $1K,199.99,175.0,63.26,40,40,37.93,1208,2093,0.0,top50 blue_chip psa10_up_50
2026-09-27,ef84cde0-8596-4633-91ee-3f0004eb7366,2018 Ultra Prism English Holo Darkrai #77,Darkrai,,$1K-$10K,2000,2500.0,67.41,150,155,,70,191,,top50 psa10_up_50
2026-09-27,eff69573-20e8-4cca-bdb4-7d963aa9b5be,2016 Pokemon Generations Holo Gengar #35,Gengar,,>= $10K,14077.36,14077.36,518.79,279.99,1000,18.14,11,135,,top50 blue_chip psa10_up_50 psa10_up_100
2026-09-27,f00f94d1-0d79-430a-be6c-fff7dbf26cd3,2015 Pokemon XY Breakthrough Reverse Holo Raikou #55,Raikou,,< $1K,625,999.99,150,59.99,59.99,,13,10,,top50 psa10_up_50 psa10_up_100
2026-09-27,f08c4b31-540f-45af-8d58-142812685d1b,2008 Pokemon Diamond and Pearl Legends Awakened Holo Mewtwo Lv X #144,Mewtwo Lv X,LV.X,>= $10K,150000,264000.0,316.67,2300,2300,0,18,105,13.5,top50 blue_chip psa10_up_50 psa10_up_100 psa9_flat buy_rule_50 buy_rule_100 tracked
2026-09-27,f0e9efe6-1d83-48f2-a259-03fcc549bca1,2002 Pokemon Expedition Raichu #61,Raichu,WOTC other,< $1K,722,680.0,59.03,82.4,105,39.57,115,184,6.5,top50 psa10_up_50
2026-09-27,f54334c9-d75b-4144-8c3f-b0a04beedc17,2008 Pokemon Galactics Conquest Japanese Holo Dialga G #65,Dialga G,,< $1K,500,450.0,85.19,76.78,93.56,27.97,65,29,,top50 psa10_up_50
2026-09-27,f6bf74cc-a11b-4888-933b-dcba0025756a,2004 Pokemon Ex Team Rocket Returns Holo Rocket's Mewtwo Ex #99,Rocket's Mewtwo Ex,EX-era ex,>= $10K,75000,75000.0,65.41,7200,11000,64.65,87,316,19.1,top50 blue_chip psa10_up_50 cat_hot_15
2026-09-27,f6edbe26-5e1a-4aef-80a1-d9782c7738c4,2023 Pokemon Classic Charizard and Ho Oh Ex Deck Charmander #001,Charmander,,< $1K,118,101.0,51.28,39.9,108.28,28.67,2083,1484,,top50 psa10_up_50
2026-09-27,f9db80e9-3c5c-4344-9288-a9d3bb3f7a77,2002 Pokemon Legendary Collection Holo Gengar #11,Gengar,WOTC other,>= $10K,253357.2,336000.0,512.42,1663.09,1937.75,0,20,228,6.5,top50 blue_chip psa10_up_50 psa10_up_100 psa9_flat buy_rule_50 buy_rule_100
2026-09-27,faa4036d-f5fe-4412-82ce-71c327609e5f,2019 Pokemon Sun and Moon Unbroken Bonds Reverse Holo Mew #76,Mew,,$1K-$10K,1050,1800.0,388.37,100,141.5,47.06,41,59,,top50 blue_chip psa10_up_50 psa10_up_100
2026-09-27,fb1efb61-b200-48c3-b523-ac732bcad5a8,2024 Pokemon Scarlet and Violet Twilight Masquerade Greninja Ex #106,Greninja Ex,Modern ex (2023+),< $1K,319.86,333.0,433.1,99,120,-29.29,806,569,-6.1,top50 psa10_up_50 psa10_up_100 psa9_flat buy_rule_50 buy_rule_100
2026-09-27,fcb15b1a-fa25-4125-94eb-7544f74a5452,2009 Pokemon Platinum Supreme Victors Holo Articuno #148,Articuno,,>= $10K,22000,24400.0,92.98,1590,1700,,42,249,,top50 psa10_up_50
2026-09-27,fdbbf1a2-9ad2-474d-847c-6203eec9dd4f,1998 Pokemon Vending Series Two Japanese Moltres #146,Moltres,WOTC other,$1K-$10K,1575,1575.0,74.46,260,231.38,-5.45,156,260,6.5,top50 psa10_up_50 psa9_flat buy_rule_50
2026-09-27,fde1ee8a-481e-4492-9844-81db2f544190,2021 Pokemon Celebrations Groudon #017,Groudon,,< $1K,175,180.0,62.79,13.5,6.5,-9.94,237,1102,,top50 psa10_up_50 psa9_flat buy_rule_50
2026-09-27,fef26eb4-961b-4f27-89f4-90ce40925a43,2017 Pokemon Sun and Moon Shining Legends Holo Palkia #24,Palkia,,< $1K,475,500.0,216.67,15.28,60,0,85,94,,top50 psa10_up_50 psa10_up_100 psa9_flat buy_rule_50 buy_rule_100
2026-09-27,ffbf9709-1e1b-4251-ada0-85205da7ab3b,2006 Pokemon Ex Holon Phantoms Holo Gyarados #8,Gyarados,,$1K-$10K,8000,16000.0,61.61,849,900,6.13,83,445,,top50 psa10_up_50 psa9_flat buy_rule_50
