species,set,number,year,rarity,notes,alt_asset_id,reason_flag,cause,detail
Genesect,BW Black Star Promos,BW86,2011-2013,Promo,no rarity column on source page,e64cb381-1f1b-4114-bb26-108d034a583f,matched_blank_pop,no_psa_rows_on_alt_xyz_confirmed,live PSA rows none; companies present BGS
Meowth,BW Black Star Promos,BW35,2011-2013,Promo,no rarity column on source page,9b0592c4-de0c-4bbe-8c21-ac3b7a31f619,matched_blank_pop,no_psa_rows_on_alt_xyz_confirmed,live PSA rows none; companies present BGS
Hitmonchan,Best of Promos,2,2002-2003,Promo,,decac264-d86f-43df-924c-e79469f45ce3,matched_blank_pop,no_psa_rows_on_alt_xyz_confirmed,live PSA rows none; companies present BGS
Alomomola,Black & White,39/114,2011,Rare,,aaf8900c-470f-4025-9224-323b7547cb6e,matched_blank_pop,no_psa_rows_on_alt_xyz_confirmed,live PSA rows none; companies present CGC
Bouffalant,Black & White,91/114,2011,Rare,,2e2f1185-9829-4209-adbe-0a3fcd8bbb4b,matched_blank_pop,no_psa_rows_on_alt_xyz_confirmed,live PSA rows none; companies present CGC
Cinccino,Black & White,89/114,2011,Rare,,a2027a4a-70fc-4a41-bba0-be2572091f83,matched_blank_pop,no_psa_rows_on_alt_xyz_confirmed,live PSA rows none; companies present CGC
Galvantula,Black & White,46/114,2011,Rare,,2008afb8-431b-4bc4-8b0d-b2f6af9a3ed3,matched_blank_pop,no_psa_rows_on_alt_xyz_confirmed,live PSA rows none; companies present CGC
Musharna,Black & White,49/114,2011,Rare,,ac729a7a-86f9-45c5-9217-79e86180150f,matched_blank_pop,no_psa_rows_on_alt_xyz_confirmed,live PSA rows none; companies present CGC
Zebstrika,Black & White,43/114,2011,Rare,,123c372e-e64e-4914-84ec-74662d397059,matched_blank_pop,no_psa_rows_on_alt_xyz_confirmed,live PSA rows none; companies present CGC
Gliscor,Boundaries Crossed,81/149,2012,Rare Holo,,ef5796eb-3803-408c-9f23-72dedfe20adf,matched_blank_pop,no_psa_rows_on_alt_xyz_confirmed,live PSA rows none; companies present CGC
Keldeo,Boundaries Crossed,47/149,2012,Rare Holo,,e9f42654-095f-476f-9b69-981379d8ca83,matched_blank_pop,no_psa_rows_on_alt_xyz_confirmed,live PSA rows none; companies present CGC
Lilligant,Boundaries Crossed,17/149,2012,Rare,,9e02576d-4e76-46dd-8ffd-4c150df28d6b,matched_blank_pop,no_psa_rows_on_alt_xyz_confirmed,live PSA rows none; companies present CGC
Musharna,Boundaries Crossed,69/149,2012,Rare,,ac4052e5-f75c-4b2a-991f-f16fcc0a1628,matched_blank_pop,no_psa_rows_on_alt_xyz_confirmed,live PSA rows none; companies present CGC
Accelgor,Dark Explorers,11/108,2012,Rare,,60f96802-834c-4dbc-a76b-333ea1b258c1,matched_blank_pop,no_psa_rows_on_alt_xyz_confirmed,live PSA rows none; companies present BGS
Scrafty,Dark Explorers,68/108,2012,Rare,,f3feae0f-6913-4d03-bba7-82c824f2762f,matched_blank_pop,no_psa_rows_on_alt_xyz_confirmed,live PSA rows none; companies present CGC
Drapion,Diamond & Pearl,23/130,2007,Rare,,4087cdba-948d-4987-8fc1-132d8b4131de,matched_blank_pop,no_psa_rows_on_alt_xyz_confirmed,live PSA rows none; companies present CGC
Lopunny,Diamond & Pearl,30/130,2007,Rare,,ae25070c-8bd4-4186-b9ad-18b901dbe735,matched_blank_pop,no_psa_rows_on_alt_xyz_confirmed,live PSA rows none; companies present CGC
Pachirisu,Diamond & Pearl,35/130,2007,Rare,,bebbdea0-352e-4286-b372-0e3649bec596,matched_blank_pop,no_psa_rows_on_alt_xyz_confirmed,live PSA rows none; companies present CGC
Wynaut,Diamond & Pearl,42/130,2007,Rare,,11b2b56d-d1a1-4888-a035-52a0da619ef4,matched_blank_pop,no_psa_rows_on_alt_xyz_confirmed,live PSA rows none; companies present CGC
Buizel,Diamond & Pearl Black Star Promos,DP13,2007-2009,Promo,,d046acd6-8097-4ad5-b5f6-704f71076f22,matched_blank_pop,no_psa_rows_on_alt_xyz_confirmed,live PSA rows none; companies present BGS
Cranidos,Diamond & Pearl Black Star Promos,DP07,2007-2009,Promo,,1f2d2052-ff89-4347-b951-190b83ede402,matched_blank_pop,no_psa_rows_on_alt_xyz_confirmed,live PSA rows none; companies present BGS
Drifblim,Diamond & Pearl Black Star Promos,DP34,2007-2009,Promo,,67593b08-7438-4b47-b911-bbc22ef6990f,matched_blank_pop,no_psa_rows_on_alt_xyz_confirmed,live PSA rows none; companies present CGC
Beautifly,Dragons Exalted,8/124,2012,Rare,,13e611eb-87a4-4195-839f-f58f230d59a6,matched_blank_pop,no_psa_rows_on_alt_xyz_confirmed,live PSA rows none; companies present CGC
Gigalith,Emerging Powers,53/98,2011,Rare,,8ed88c24-99a6-4b50-952b-54b0dbf08002,matched_blank_pop,no_psa_rows_but_twin_record_has_psa,live PSA rows none; companies present CGC; twin b6393032-4dbb-4dac-a86d-f4e4323dc548 pop 0 (2011 Pokemon Black and White Emerging Powers Prere)
Unfezant,Emerging Powers,82/98,2011,Rare,,b9f45352-6402-46ff-b6b9-4d3f4f0f9222,matched_blank_pop,no_psa_rows_on_alt_xyz_confirmed,live PSA rows none; companies present CGC
Exploud,Great Encounters,17/106,2008,Rare,,b4caa195-0e79-4c10-baa6-36a1a528db73,matched_blank_pop,no_psa_rows_on_alt_xyz_confirmed,live PSA rows none; companies present CGC
Unown,Great Encounters,29/106,2008,Rare,Unown H,741176d1-f446-4c52-90b5-c6d5efb557f1,matched_blank_pop,no_psa_rows_on_alt_xyz_confirmed,live PSA rows none; companies present CGC
Hypno,HeartGold & SoulSilver,23/123,2010,Rare,,59afbefc-6a3e-4af5-9563-4249a2c0f77e,matched_blank_pop,no_psa_rows_on_alt_xyz_confirmed,live PSA rows none; companies present CGC
Weezing,HeartGold & SoulSilver,34/123,2010,Rare,,0e9c45a9-b640-4a9f-989d-cc486701f012,matched_blank_pop,no_psa_rows_on_alt_xyz_confirmed,live PSA rows none; companies present CGC
Cleffa,HeartGold & SoulSilver Black Star Promos,HGSS12,2010-2011,Promo,,85e217c9-90e1-4705-93ab-a4161117438a,matched_blank_pop,no_psa_rows_on_alt_xyz_confirmed,live PSA rows none; companies present BGS
Lapras,HeartGold & SoulSilver Black Star Promos,HGSS14,2010-2011,Promo,,99a8169c-a1cc-4670-ab15-8aa6534e94ce,matched_blank_pop,no_psa_rows_on_alt_xyz_confirmed,live PSA rows none; companies present BGS
Plusle,HeartGold & SoulSilver Black Star Promos,HGSS16,2010-2011,Promo,,22c544f2-91d1-4911-9d74-69e135a97781,matched_blank_pop,no_psa_rows_on_alt_xyz_confirmed,live PSA rows none; companies present BGS
Smoochum,HeartGold & SoulSilver Black Star Promos,HGSS13,2010-2011,Promo,,37267183-5e22-45e5-b8d3-e3c2ac2c3ab2,matched_blank_pop,no_psa_rows_on_alt_xyz_confirmed,live PSA rows none; companies present BGS
Landorus,Legendary Treasures,85/113,2013,Rare Holo,,af8575ad-f3b2-4c75-bf82-83929a74f11a,matched_blank_pop,no_psa_rows_on_alt_xyz_confirmed,live PSA rows none; companies present CGC
Seismitoad,Legendary Treasures,42/113,2013,Rare,,b22607be-2ed4-4e6b-8952-1fa3e64ee577,matched_blank_pop,no_psa_rows_on_alt_xyz_confirmed,live PSA rows none; companies present BGS
Meloetta,Legendary Treasures - Radiant Collection,RC11/RC25,2013,Rare Ultra,"card name Meloetta-EX; corrected from Rare to Rare Ultra 2026-09-20 per spot-check against TCGplayer/eBay/PokeOrder — full-art holofoil EX card, not plain Rare",ed870974-9691-4f25-a2e2-aadadab83a3f,matched_blank_pop,no_psa_rows_on_alt_xyz_confirmed,"live PSA rows none; companies present BGS,CGC"
Kricketune,Mysterious Treasures,27/123,2007,Rare,,ddcbd259-fd44-44bd-8687-a079364e654e,matched_blank_pop,no_psa_rows_on_alt_xyz_confirmed,live PSA rows none; companies present CGC
Scrafty,Next Destinies,74/99,2012,Rare Holo,,265ce7f4-c19f-41eb-bb19-c9880801a18c,matched_blank_pop,no_psa_rows_on_alt_xyz_confirmed,live PSA rows none; companies present CGC
Cofagrigus,Noble Victories,46/101,2011,Rare,,fd29bb02-ccbd-451c-ac01-48d7171de7b0,matched_blank_pop,no_psa_rows_on_alt_xyz_confirmed,live PSA rows none; companies present CGC
Gigalith,Noble Victories,61/101,2011,Rare,,c4ceb5ad-120d-4aba-95b1-d0066f913a40,matched_blank_pop,no_psa_rows_on_alt_xyz_confirmed,live PSA rows none; companies present CGC
Azelf,Plasma Blast,38/101,2013,Rare,,a68ba57c-e94d-4931-a2c5-6f19613c4609,matched_blank_pop,no_psa_rows_on_alt_xyz_confirmed,live PSA rows none; companies present BGS
Carracosta,Plasma Blast,28/101,2013,Rare,,f2b75f74-6178-4f1c-93bd-b76918c8d2a1,matched_blank_pop,no_psa_rows_on_alt_xyz_confirmed,live PSA rows none; companies present CGC
Beedrill,Plasma Freeze,3/116,2013,Rare,,7ea99b6d-1a1e-4bff-9387-1bb2c1e76b5b,matched_blank_pop,no_psa_rows_on_alt_xyz_confirmed,live PSA rows none; companies present CGC
Electrode,Plasma Freeze,33/116,2013,Rare Holo,,f42779bf-1edb-485c-9b11-73e6ef65da27,matched_blank_pop,no_psa_rows_on_alt_xyz_confirmed,live PSA rows none; companies present CGC
Exeggutor,Plasma Freeze,5/116,2013,Rare,,7470d0b3-ff9b-4fba-aa6c-29097309bdd8,matched_blank_pop,no_psa_rows_on_alt_xyz_confirmed,live PSA rows none; companies present CGC
Quagsire,Plasma Freeze,22/116,2013,Rare,,29b182e4-8b16-45a7-b579-72e2afcdd89e,matched_blank_pop,no_psa_rows_on_alt_xyz_confirmed,live PSA rows none; companies present CGC
Beartic,Plasma Storm,41/135,2013,Rare,,aa37b366-c52e-4fea-98c1-b5d8354f4b16,matched_blank_pop,no_psa_rows_on_alt_xyz_confirmed,live PSA rows none; companies present CGC
Cherrim,Plasma Storm,7/135,2013,Rare,,4b590730-ca6c-41b4-9305-1c5e4def2cd7,matched_blank_pop,no_psa_rows_on_alt_xyz_confirmed,live PSA rows none; companies present CGC
Exploud,Plasma Storm,107/135,2013,Rare,,f07888dd-9725-466c-a5e4-10add84bf468,matched_blank_pop,no_psa_rows_on_alt_xyz_confirmed,live PSA rows none; companies present CGC
Klinklang,Plasma Storm,90/135,2013,Rare Holo,,8eec66d6-3979-460d-a7f7-8e853c4fd8ee,matched_blank_pop,no_psa_rows_on_alt_xyz_confirmed,live PSA rows none; companies present CGC
Leavanny,Plasma Storm,10/135,2013,Rare,,2c8aa1aa-83ae-4554-b6a5-7adde2050b94,matched_blank_pop,no_psa_rows_on_alt_xyz_confirmed,live PSA rows none; companies present CGC
Mamoswine,Plasma Storm,28/135,2013,Rare,,0f9ca69b-cbb3-4040-84d7-48a19dcba477,matched_blank_pop,no_psa_rows_on_alt_xyz_confirmed,live PSA rows none; companies present CGC
Vanilluxe,Plasma Storm,37/135,2013,Rare,,2ed46c6c-e8e2-4819-be25-e952f211945a,matched_blank_pop,no_psa_rows_on_alt_xyz_confirmed,live PSA rows none; companies present CGC
Luvdisc,Platinum,35/127,2009,Rare,,6c9884f9-5842-4567-91a0-a3474abf85d6,matched_blank_pop,no_psa_rows_on_alt_xyz_confirmed,live PSA rows none; companies present CGC
Swablu,Platinum,SH5,2009,Rare Holo,,230cb2fc-ac55-4532-9ea2-565669c41747,matched_blank_pop,no_psa_rows_on_alt_xyz_confirmed,"live PSA rows none; companies present BGS,CGC"
Gastrodon,Rising Rivals,22/111,2009,Rare,Gastrodon (West Sea),a15ba4c5-7171-47d6-9ec1-49d863ddc737,matched_blank_pop,no_psa_rows_on_alt_xyz_confirmed,live PSA rows none; companies present CGC
Banette,Secret Wonders,23/132,2007,Rare,,8e6cf2b0-669d-402a-9e6a-605da78e5bdd,matched_blank_pop,no_psa_rows_on_alt_xyz_confirmed,live PSA rows none; companies present CGC
Golem,Secret Wonders,29/132,2007,Rare,,a05c1e04-e8a0-427c-88d3-a3f78d6c7fe8,matched_blank_pop,no_psa_rows_on_alt_xyz_confirmed,live PSA rows none; companies present CGC
Mothim,Secret Wonders,33/132,2007,Rare,,6d10be41-b31f-4822-9e17-faac7d406004,matched_blank_pop,no_psa_rows_on_alt_xyz_confirmed,live PSA rows none; companies present CGC
Wormadam,Secret Wonders,41/132,2007,Rare,Wormadam (Plant Cloak),7036773f-d175-481d-ac5c-ea0a4499aff6,matched_blank_pop,no_psa_rows_on_alt_xyz_confirmed,live PSA rows none; companies present CGC
Wormadam,Secret Wonders,42/132,2007,Rare,Wormadam (Sandy Cloak),b1647be7-b73b-460e-8326-5f1e739ed01c,matched_blank_pop,no_psa_rows_on_alt_xyz_confirmed,live PSA rows none; companies present CGC
Xatu,Secret Wonders,44/132,2007,Rare,,d4b5d701-6a20-4792-a361-e9467075944e,matched_blank_pop,no_psa_rows_on_alt_xyz_confirmed,live PSA rows none; companies present CGC
Bronzong,Stormfront,13/100,2008,Rare,,8a897857-9e9a-4e52-93b8-973fbd799799,matched_blank_pop,no_psa_rows_on_alt_xyz_confirmed,live PSA rows none; companies present CGC
Cherrim,Stormfront,14/100,2008,Rare,,569b31c2-7f6e-4239-88ca-64f8b7afbdc9,matched_blank_pop,no_psa_rows_on_alt_xyz_confirmed,live PSA rows none; companies present CGC
Drapion,Stormfront,15/100,2008,Rare,,9b2e03d6-34f6-4a0b-8bfc-efa6e5cc72b3,matched_blank_pop,no_psa_rows_on_alt_xyz_confirmed,live PSA rows none; companies present CGC
Rapidash,Stormfront,22/100,2008,Rare,,ec30c8e2-ee0e-42f9-b13c-dd43faca8f1b,matched_blank_pop,no_psa_rows_on_alt_xyz_confirmed,live PSA rows none; companies present CGC
Staraptor,Stormfront,27/100,2008,Rare,,8a030f67-0825-4d5d-a92b-7cc019ca721e,matched_blank_pop,no_psa_rows_on_alt_xyz_confirmed,live PSA rows none; companies present CGC
Chimecho,Supreme Victors,21/147,2009,Rare,,e32f0bfa-fb4f-4e58-a22f-1d9243751694,matched_blank_pop,no_psa_rows_on_alt_xyz_confirmed,"live PSA rows none; companies present BGS,CGC"
Claydol,Supreme Victors,22/147,2009,Rare,,40e17d79-bb99-4bd2-92bc-e0c2e67f6c0a,matched_blank_pop,no_psa_rows_but_twin_record_has_psa,live PSA rows none; companies present CGC; twin 00b4bceb-db2d-4823-9ab0-352d147c0328 pop 0 (2009 Pokemon Platinum Supreme Victors Reverse Foil)
Dodrio,Supreme Victors,25/147,2009,Rare,,9c37f9d1-313f-4dc4-a086-797c23b1b09d,matched_blank_pop,no_psa_rows_on_alt_xyz_confirmed,live PSA rows none; companies present CGC
Lickilicky,Supreme Victors,30/147,2009,Rare,Lickilicky C,2743dbe9-9a20-43cd-9b35-754a37c817d0,matched_blank_pop,no_psa_rows_on_alt_xyz_confirmed,live PSA rows none; companies present BGS
Solrock,Supreme Victors,45/147,2009,Rare,,f5df9654-fe08-46f2-ab8c-b6804be57303,matched_blank_pop,no_psa_rows_on_alt_xyz_confirmed,live PSA rows none; companies present CGC
Kricketune,Triumphant,24/102,2010,Rare,,9469751b-50d3-4160-a4a7-9ae47a4ed73a,matched_blank_pop,no_psa_rows_on_alt_xyz_confirmed,live PSA rows none; companies present CGC
Pidgeot,Triumphant,29/102,2010,Rare,,cfb9728c-3874-4517-8789-aabd6dcef63d,matched_blank_pop,no_psa_rows_on_alt_xyz_confirmed,live PSA rows none; companies present CGC
Yanmega,Triumphant,98/102,2010,Rare Prime,,4186724e-bd55-4750-a21e-7fdc2ac56384,matched_blank_pop,no_psa_rows_on_alt_xyz_confirmed,"live PSA rows none; companies present BGS,CGC"
Dodrio,Undaunted,11/90,2010,Rare,,3574187b-b23a-4a7b-8ba9-2a6ffb36893c,matched_blank_pop,no_psa_rows_on_alt_xyz_confirmed,live PSA rows none; companies present CGC
Ursaring,Unleashed,27/95,2010,Rare,,4b605988-8bad-4293-8f5d-dbd4072bda31,matched_blank_pop,no_psa_rows_on_alt_xyz_confirmed,live PSA rows none; companies present CGC
Unown,EX Unseen Forces,A/28,2005,Rare Holo,Unown A,,unmatched_no_candidate,not_found_by_name_search,2005 Pokemon Ex Unseen Forces Unown Holo Unown Y #; 2005 Pokemon Ex Unseen Forces Unown Unown K #K
Unown,EX Unseen Forces,M/28,2005,Rare Holo,Unown M,,unmatched_no_candidate,not_found_by_name_search,2005 Pokemon Ex Unseen Forces Unown Holo Unown Y #; 2005 Pokemon Ex Unseen Forces Unown Unown K #K
Unown,EX Unseen Forces,U/28,2005,Rare Holo,Unown U,,unmatched_no_candidate,not_found_by_name_search,2005 Pokemon Ex Unseen Forces Unown Holo Unown Y #; 2005 Pokemon Ex Unseen Forces Unown Unown K #K
Unown,EX Unseen Forces,Y/28,2005,Rare Holo,Unown Y,,unmatched_no_candidate,not_found_by_name_search,2005 Pokemon Ex Unseen Forces Unown Holo Unown Y #
Unown,EX Unseen Forces,!/28,2005,Rare Holo,Unown !,,unmatched_no_candidate,not_found_by_name_search,2005 Pokemon Ex Unseen Forces Unown Holo Unown Y #; 2005 Pokemon Ex Unseen Forces Unown Unown K #K
Minun,POP Series 3,4/17,2006,Rare,,,unmatched_no_candidate,not_found_by_name_search,2000 Pokemon Tv Animation Series 3 Pop-Ups Misty #; 2006 Pop Series 4 English Cosmos Holo Epic Collect
Plusle,POP Series 3,5/17,2006,Rare,,,unmatched_no_candidate,not_found_by_name_search,2000 Pokemon Tv Animation Series 3 Pop-Ups Team Ro; 2006 Pop Series 3 English Cosmos Holo Eeveelutions
Ho-Oh,POP Series 3,17/17,2006,Rare Holo ex,Ho-Oh ex,,unmatched_no_candidate,not_found_by_name_search,2006 Pop Series 3 English Cosmos Holo Eeveelutions; 2006 Pokemon Pop Series 3 Jolteon #3
Deoxys,POP Series 4,2/17,2006,Rare,Deoxys δ [Normal],,unmatched_no_candidate,not_found_by_name_search,2006 Pop Series 4 English Cosmos Holo Epic Collect; 2006 Pokemon Pop Series 4 Chimecho #1
Mew,POP Series 4,4/17,2006,Rare,,,unmatched_no_candidate,not_found_by_name_search,2006 Pokemon Pop Series 4 Chimecho #1; 2006 Pokemon Pop Series 4 Pidgey #12
Ho-Oh,POP Series 5,1/17,2007,Rare,,,unmatched_no_candidate,not_found_by_name_search,2004 Pokemon Pop Series 1 Holo Swampert #5; 2007 Pop Series 5 English (Non Holo) Lugia #2
Manaphy,POP Series 6,3/17,2007,Rare,,,unmatched_no_candidate,not_found_by_name_search,2000 Pokemon Tv Animation Series 3 Pop-Ups Marill ; 2007 Pokemon Pop Series 6 Pop Series 6 Pikachu #9
Pachirisu,POP Series 6,4/17,2007,Rare,,,unmatched_no_candidate,not_found_by_name_search,2007 Pokemon Pop Series 6 Pop Series 6 Pikachu #9; 2004 Pokemon Pop Series 1 Beautifly #6
Rampardos,POP Series 6,5/17,2007,Rare,,,unmatched_no_candidate,not_found_by_name_search,2007 Pokemon Pop Series 6 Pop Series 6 Pikachu #9; 2004 Pokemon Pop Series 1 Beautifly #6
Mothim,POP Series 7,5/17,2008,Rare,,,unmatched_no_candidate,not_found_by_name_search,2000 Pokemon Tv Animation Series 3 Pop-Ups #54 Psy
Purugly,Diamond & Pearl,36/130,2007,Rare,,,unmatched_no_candidate,on_alt_xyz_not_in_feed,2007 Pokemon Diamond and Pearl Purugly #36 | year 2007 | id 8e38e916-0291-49cb-8544-1e3877914efc | pop None
Vespiquen,Diamond & Pearl,39/130,2007,Rare,,,unmatched_no_candidate,on_alt_xyz_not_in_feed,2007 Pokemon Diamond and Pearl Vespiquen #39 | year 2007 | id 59ee3e3b-2f5b-4a95-8f2d-db98e44b16bb | pop None
Wobbuffet,Diamond & Pearl,41/130,2007,Rare,,,unmatched_no_candidate,on_alt_xyz_not_in_feed,2007 Pokemon Diamond and Pearl Wobbuffet #41 | year 2007 | id 559c5095-232f-42a4-8d27-02880d13fc9a | pop None
Manectric,Mysterious Treasures,28/123,2007,Rare,,,unmatched_no_candidate,on_alt_xyz_not_in_feed,2007 Pokemon Diamond and Pearl Mysterious Treasures Manectric #28 | year 2007 | id 48ec0117-4db5-43c4-a65e-f41bb467e0c9 | pop None
Mantine,Mysterious Treasures,29/123,2007,Rare,,,unmatched_no_candidate,on_alt_xyz_not_in_feed,2007 Pokemon Diamond and Pearl Mysterious Treasures Mantine #29 | year 2007 | id 415b11cf-136c-4742-ac69-4a0a90348e0c | pop None
Unown,Mysterious Treasures,37/123,2007,Rare,Unown I,,unmatched_no_candidate,on_alt_xyz_not_in_feed,2007 Pokemon Diamond and Pearl Mysterious Treasures Unown #37 | year 2007 | id 03657ba1-b21e-4b27-a905-4356aed7e7e4 | pop None
Walrein,Mysterious Treasures,39/123,2007,Rare,,,unmatched_no_candidate,on_alt_xyz_not_in_feed,2007 Pokemon Diamond and Pearl Mysterious Treasures Walrein #39 | year 2007 | id 2c46c694-c1c9-4311-8c0f-d72b575803e4 | pop None
Electrode,Secret Wonders,26/132,2007,Rare,,,unmatched_no_candidate,on_alt_xyz_not_in_feed,2007 Pokemon Diamond and Pearl Secret Wonders Electrode #26 | year 2007 | id f1f1b2db-0233-4cb5-8424-13c15d38eebe | pop None
Nidoking,Secret Wonders,34/132,2007,Rare,,,unmatched_no_candidate,on_alt_xyz_not_in_feed,2007 Pokemon Diamond and Pearl Secret Wonders Nidoking #34 | year 2007 | id 83f60501-56ec-4d57-9a5b-dd0bdcbe4d2b | pop None
Wigglytuff,Great Encounters,32/106,2008,Rare,,,unmatched_no_candidate,on_alt_xyz_not_in_feed,2008 Pokemon Diamond and Pearl Great Encounters Wigglytuff #32 | year 2008 | id e0f011c2-1ad1-44f9-a3c2-38ebc38b48e6 | pop None
Omastar,Majestic Dawn,26/100,2008,Rare,,,unmatched_no_candidate,on_alt_xyz_not_in_feed,2008 Pokemon Diamond and Pearl Majestic Dawn Omastar #26 | year 2008 | id 115b9409-cffc-42f2-b665-185173b675f2 | pop 70
Unown,Majestic Dawn,33/100,2008,Rare,Unown P,,unmatched_no_candidate,on_alt_xyz_not_in_feed,2008 Pokemon Diamond and Pearl Majestic Dawn Unown P #33 | year 2008 | id 9e041368-882f-4e48-b663-416972a84eac | pop None
Drifblim,Stormfront,16/100,2008,Rare,,,unmatched_no_candidate,on_alt_xyz_not_in_feed,2008 Pokemon Diamond and Pearl Stormfront Drifblim #16 | year 2008 | id 6683edc9-4002-4d22-8cd0-e8a546215e3b | pop None
Roserade,Stormfront,23/100,2008,Rare,,,unmatched_no_candidate,on_alt_xyz_not_in_feed,2008 Pokemon Diamond and Pearl Stormfront Roserade #23 | year 2008 | id b9f34516-f40c-49a7-b60c-ca0f82f78ed2 | pop None
Skuntank,Stormfront,26/100,2008,Rare,,,unmatched_no_candidate,on_alt_xyz_not_in_feed,2008 Pokemon Diamond and Pearl Stormfront Skuntank #26 | year 2008 | id 69d9074d-d4d6-4487-90ef-97ddfc85e439 | pop None
Tangrowth,Stormfront,29/100,2008,Rare,,,unmatched_no_candidate,on_alt_xyz_not_in_feed,2008 Pokemon Diamond and Pearl Stormfront Tangrowth #29 | year 2008 | id 7d25e048-5cc5-42c1-be4b-015a56849861 | pop None
Golduck,Platinum,29/127,2009,Rare,,,unmatched_no_candidate,on_alt_xyz_not_in_feed,2009 Pokemon Platinum Golduck #29 | year 2009 | id 578941ab-c0c4-48e5-bce0-e956f925248c | pop None
Vespiquen,Rising Rivals,35/111,2009,Rare,Vespiquen 4,,unmatched_no_candidate,on_alt_xyz_not_in_feed,2009 Pokemon Platinum Rising Rivals Vespiquen 4 #35 | year 2009 | id e6081d4c-a668-4b20-ac72-30f71ede5424 | pop None
Walrein,Rising Rivals,36/111,2009,Rare,,,unmatched_no_candidate,on_alt_xyz_not_in_feed,2009 Pokemon Platinum Rising Rivals Walrein #36 | year 2009 | id ccd1aa14-c503-46c2-a5c7-6269c3485c9d | pop None
Yanmega,Rising Rivals,37/111,2009,Rare,Yanmega 4,,unmatched_no_candidate,on_alt_xyz_not_in_feed,2009 Pokemon Platinum Rising Rivals Yanmega 4 #37 | year 2009 | id 614c212c-7863-4368-bd34-d80268fffcb8 | pop None
Camerupt,Supreme Victors,19/147,2009,Rare,Camerupt G,,unmatched_no_candidate,on_alt_xyz_not_in_feed,2009 Pokemon TCG Platinum Supreme Victors Camerupt Reverse #19 | year 2009 | id 9d549f7d-2fe7-4439-b5a5-68e574505ad7 | pop None
Dusknoir,Supreme Victors,26/147,2009,Rare,Dusknoir FB,,unmatched_no_candidate,on_alt_xyz_not_in_feed,2009 Pokemon Platinum Supreme Victors Dusknoir Fb #26 | year 2009 | id 407551b9-59e9-40ee-bdd9-95df19150a20 | pop None
Honchkrow,Supreme Victors,29/147,2009,Rare,,,unmatched_no_candidate,on_alt_xyz_not_in_feed,2009 Pokemon Platinum Supreme Victors Honchkrow #29 | year 2009 | id 80f08f30-cb83-49e2-811b-5f3bf0c69e25 | pop None
Roserade,Supreme Victors,40/147,2009,Rare,Roserade C,,unmatched_no_candidate,on_alt_xyz_not_in_feed,2009 Pokemon Platinum Supreme Victors Roserade #40 | year 2009 | id c61387b4-ec9f-44ac-a6c0-847b2f02e483 | pop None
Glalie,Platinum: Arceus,18/99,2009,Rare,,,unmatched_no_candidate,on_alt_xyz_not_in_feed,2009 Pokemon Platinum Arceus Glalie #18 | year 2009 | id 4e28dd1a-8b9f-4dc2-bd83-b99fe0ba117d | pop None
Lopunny,Platinum: Arceus,21/99,2009,Rare,,,unmatched_no_candidate,on_alt_xyz_not_in_feed,2009 Pokemon Platinum Arceus Italian Lopunny #21 | year 2009 | id 00f5ff03-6c8b-4577-bd0d-e630a21a794d | pop None
Quagsire,HeartGold & SoulSilver,9/123,2010,Rare Holo,,,unmatched_no_candidate,on_alt_xyz_not_in_feed,2010 Pokemon Heartgold Soulsilver Quagsire Holo R #9 | year 2010 | id 3694bd75-a6ee-446a-929a-fc97b432c89c | pop None
Exeggutor,HeartGold & SoulSilver,18/123,2010,Rare,,,unmatched_no_candidate,on_alt_xyz_not_in_feed,2010 Pokemon Heartgold Soulsilver Exeggutor R #18 | year 2010 | id d47e9636-e19b-477b-b29c-89d5ed773306 | pop None
Farfetch'd,HeartGold & SoulSilver,19/123,2010,Rare,,,unmatched_no_candidate,on_alt_xyz_not_in_feed,2010 Pokemon Heartgold Soulsilver Farfetch'D R #19 | year 2010 | id bf5e437c-ea1a-41ad-a021-758059ec4b28 | pop None
Furret,HeartGold & SoulSilver,21/123,2010,Rare,,,unmatched_no_candidate,on_alt_xyz_not_in_feed,2010 Pokemon Heartgold Soulsilver Furret R #21 | year 2010 | id 6eed40ff-2cae-47dc-946f-cab077f90eac | pop None
Lapras,HeartGold & SoulSilver,24/123,2010,Rare,,,unmatched_no_candidate,on_alt_xyz_in_our_feed,2010 Pokemon Heartgold Soulsilver Spanish Lapras #24 | year 2010 | id 409d8285-ab16-45f9-a333-e4e54125c78c | pop 10
Ledian,HeartGold & SoulSilver,25/123,2010,Rare,,,unmatched_no_candidate,on_alt_xyz_not_in_feed,2010 Pokemon Heartgold Soulsilver Ledian R #25 | year 2010 | id 69742a46-2f5c-4d81-ab1c-43b532608ef0 | pop None
Sandslash,HeartGold & SoulSilver,29/123,2010,Rare,,,unmatched_no_candidate,on_alt_xyz_not_in_feed,2010 Pokemon Heartgold Soulsilver Sandslash R #29 | year 2010 | id 4885cdc6-4bfd-4911-b412-f4ddfccd36ea | pop None
Sunflora,HeartGold & SoulSilver,31/123,2010,Rare,,,unmatched_no_candidate,on_alt_xyz_not_in_feed,2010 Pokemon Heartgold Soulsilver Sunflora R #31 | year 2010 | id 7608dfe0-563c-4847-aa78-47417cd5f67a | pop None
Tyrogue,HeartGold & SoulSilver,33/123,2010,Rare,,,unmatched_no_candidate,on_alt_xyz_not_in_feed,2010 Pokemon Heartgold Soulsilver Tyrogue R #33 | year 2010 | id 32964e2a-0525-4e28-85bb-c010754fccd4 | pop None
Ho-Oh,HeartGold & SoulSilver,111/123,2010,Rare Holo LEGEND,Ho-Oh LEGEND,,unmatched_no_candidate,not_found_by_name_search,2010 Pokemon Heartgold Soulsilver Hooh Legend #111; 2010 Pokemon Heartgold Soulsilver French Hooh Lege
Lanturn,Unleashed,18/95,2010,Rare,,,unmatched_no_candidate,on_alt_xyz_not_in_feed,2010 Pokemon Hs Unleashed French Lanturn #18 | year 2010 | id af9770b2-601e-4741-9b6f-188306cd4834 | pop None
Roserade,Unleashed,23/95,2010,Rare,,,unmatched_no_candidate,on_alt_xyz_not_in_feed,2010 Pokemon Hs Unleashed Roserade #23 | year 2010 | id 26504b73-c7e5-4b28-ac15-91adddd0822d | pop None
Suicune & Entei,Unleashed,94/95,2010,Rare Holo LEGEND,Suicune & Entei LEGEND,,unmatched_no_candidate,on_alt_xyz_in_our_feed,2010 Pokemon Heartgold and Soulsilver Unleashed Holo Entei/Suicune Legend #94 | year 2010 | id 9e1739b7-7776-4ca0-ba0b-6bbad8472581 | pop 913
Suicune & Entei,Unleashed,95/95,2010,Rare Holo LEGEND,Suicune & Entei LEGEND,,unmatched_no_candidate,on_alt_xyz_in_our_feed,2010 Pokemon Hs Unleashed Italian Holo Suicune & Entei Legend #95 | year 2010 | id 1a7d0708-6233-4a58-9396-6911356e8562 | pop 8
Tropius,Undaunted,22/90,2010,Rare,,,unmatched_no_candidate,on_alt_xyz_not_in_feed,2010 Pokemon Heartgold and Soulsilver Undaunted Tropius #22 | year 2010 | id 95965190-1574-4bcf-86e4-edd497da8af1 | pop None
Vespiquen,Undaunted,23/90,2010,Rare,,,unmatched_no_candidate,on_alt_xyz_not_in_feed,2010 Pokemon Heartgold and Soulsilver Undaunted Vespiquen #23 | year 2010 | id 7327f3d9-6f63-498b-b43e-e7302f2a9942 | pop None
Weavile,Undaunted,25/90,2010,Rare,,,unmatched_no_candidate,on_alt_xyz_not_in_feed,2010 Pokemon TCG Heartgold & Soulsilver Undaunted Weavile Reverse #25 | year 2010 | id 18302cda-0652-48fd-a8f5-1dec1cb9d061 | pop None
Kyogre & Groudon,Undaunted,87/90,2010,Rare Holo LEGEND,Kyogre & Groudon LEGEND,,unmatched_no_candidate,on_alt_xyz_not_in_feed,2010 Pokemon Heartgold and Soulsilver Undaunted Russian Holo Kyogre & Groudon Legend #87 | year 2010 | id 3439b575-2478-410a-8d89-0dabf80a699b | pop None
Kyogre & Groudon,Undaunted,88/90,2010,Rare Holo LEGEND,Kyogre & Groudon LEGEND,,unmatched_no_candidate,on_alt_xyz_not_in_feed,2010 Pokemon Heartgold and Soulsilver Undaunted Portuguese Holo Groudon Legend/Kyogre #88 | year 2010 | id a27af4f4-4c51-4a6a-bfc7-97e51f2b5644 | pop None
Rayquaza & Deoxys,Undaunted,89/90,2010,Rare Holo LEGEND,Rayquaza & Deoxys LEGEND,,unmatched_no_candidate,on_alt_xyz_in_our_feed,2010 Undaunted English Top Half Deoxys/Rayquaza #89 | year 2010 | id 56eb2f86-6b61-497c-907b-c9b7d329144a | pop 1137
Rayquaza & Deoxys,Undaunted,90/90,2010,Rare Holo LEGEND,Rayquaza & Deoxys LEGEND,,unmatched_no_candidate,on_alt_xyz_not_in_feed,2010 Pokemon Heartgold and Soulsilver Undaunted Russian Holo Rayquaza & Deoxys Legend #90 | year 2010 | id 023e2ad3-ec27-4617-adc8-d4f2ba055ddb | pop None
Carnivine,Triumphant,16/102,2010,Rare,,,unmatched_no_candidate,on_alt_xyz_not_in_feed,2010 Pokemon Hs Triumphant Carnivine #16 | year 2010 | id 2a614698-185e-4f5a-9366-7e44cc8505d3 | pop None
Dugtrio,Triumphant,19/102,2010,Rare,,,unmatched_no_candidate,on_alt_xyz_not_in_feed,2010 Pokemon Hs Triumphant Dugtrio #19 | year 2010 | id dee34da8-5e5b-423a-bb9b-56710b22afc3 | pop None
Grumpig,Triumphant,23/102,2010,Rare,,,unmatched_no_candidate,on_alt_xyz_not_in_feed,2010 Pokemon Hs Triumphant Grumpig #23 | year 2010 | id 7b00618b-2b80-4a94-8841-d4ad353f7bcb | pop None
Darkrai & Cresselia,Triumphant,99/102,2010,Rare Holo LEGEND,Darkrai & Cresselia LEGEND,,unmatched_no_candidate,on_alt_xyz_not_in_feed,2010 Pokemon Hs Triumphant Spanish Darkrai & Cresselia Legend #99 | year 2010 | id eb3ad347-6b92-4027-835c-1a87530c1396 | pop None
Darkrai & Cresselia,Triumphant,100/102,2010,Rare Holo LEGEND,Darkrai & Cresselia LEGEND,,unmatched_no_candidate,on_alt_xyz_in_our_feed,2010 Pokemon Hs Triumphant German Darkrai & Cresselia Legend #100 | year 2010 | id 9dedc3f2-ba84-4490-b4e8-7586d60f0e93 | pop 3
Palkia & Dialga,Triumphant,101/102,2010,Rare Holo LEGEND,Palkia & Dialga LEGEND,,unmatched_no_candidate,on_alt_xyz_in_our_feed,2010 Pokemon Hs Triumphant German Holo Palkia & Dialga Legend #101 | year 2010 | id 0c1b0a2d-37b7-4b76-a7d4-054b05ac37c6 | pop 1
Palkia & Dialga,Triumphant,102/102,2010,Rare Holo LEGEND,Palkia & Dialga LEGEND,,unmatched_no_candidate,on_alt_xyz_in_our_feed,2010 Pokemon Hs Triumphant Italian Holo Palkia & Dialga Legend #102 | year 2010 | id f80ccd61-3ddb-4159-8736-c8044da7ee5a | pop 5
Tyrogue,Call of Legends,36/95,2011,Rare,,,unmatched_no_candidate,on_alt_xyz_not_in_feed,2011 Pokemon Call of Legends Tyrogue #36 | year 2011 | id 2408a1ee-880c-419d-9ea2-b00ed2014ed8 | pop None
Buneary,Diamond & Pearl Black Star Promos,DP06,2007-2009,Promo,,,unmatched_no_candidate,on_alt_xyz_not_in_feed,2007 Pokemon Diamond and Pearl Black Star Promos Buneary/(Mysterious Treasures Two Pack Blisters) P #DP06 | year 2007 | id 67a66e2a-98d1-4fa9-91ed-464f62bc8535 | pop None
Chatot,Diamond & Pearl Black Star Promos,DP14,2007-2009,Promo,,,unmatched_no_candidate,on_alt_xyz_not_in_feed,2007 Pokemon Diamond and Pearl Black Star Promos Chatot/(Dp Value Pack 2) P #DP14 | year 2007 | id c568bcb2-c98d-4e07-a0b7-420d3fb676d2 | pop None
Regigigas,Diamond & Pearl Black Star Promos,DP40,2007-2009,Promo,,,unmatched_no_candidate,on_alt_xyz_not_in_feed,2007 Pokemon Diamond and Pearl Black Star Promos Regigigas?(Cosmos Holo)/(Regigigas Colossal Box) P #DP40 | year 2007 | id 380adbc5-e76c-4cdd-8c53-95ff693b867c | pop None
Toxicroak,Diamond & Pearl Black Star Promos,DP41,2007-2009,Promo,Toxicroak G,,unmatched_no_candidate,on_alt_xyz_not_in_feed,2009 Star Pokemon TCG Diamond & Pearl Black Promos Toxicroak (Tsubasa Nakamura)/(World Championship Deck - Crowned Tiger) #DP41 | year 2009 | id 66df5389-6e48-4d8d-9b5a-06d795d1f6d8 | pop None
Wobbuffet,HeartGold & SoulSilver Black Star Promos,HGSS04,2010-2011,Promo,,,unmatched_no_candidate,not_found_by_name_search,2010 Pokemon Heartgold and Soulsilver Black Star P; 2010 Pokemon Heartgold and Soulsilver Black Star P
Hoothoot,HeartGold & SoulSilver Black Star Promos,HGSS05,2010-2011,Promo,,,unmatched_no_candidate,not_found_by_name_search,2010 Pokemon Heartgold and Soulsilver Black Star P; 2010 Pokemon Heartgold and Soulsilver Black Star P
Feraligatr,HeartGold & SoulSilver Black Star Promos,HGSS07,2010-2011,Promo,,,unmatched_no_candidate,on_alt_xyz_not_in_feed,2010 Star Pokemon TCG Heartgold & Soulsilver Black Promos Feraligatr Cosmos/(Sping Collector's Tin) #HGSS07 | year 2010 | id 2ed1e612-ead0-4e23-bc9e-815db918a597 | pop None
Typhlosion,HeartGold & SoulSilver Black Star Promos,HGSS09,2010-2011,Promo,,,unmatched_no_candidate,on_alt_xyz_not_in_feed,2010 Star Pokemon TCG Heartgold & Soulsilver Black Promos Typhlosion Cosmos/(Sping Collector's Tin) #HGSS09 | year 2010 | id 8b5c0c08-3ef5-4a91-bbee-b60b569b25cc | pop None
Shuckle,HeartGold & SoulSilver Black Star Promos,HGSS15,2010-2011,Promo,,,unmatched_no_candidate,not_found_by_name_search,2010 Pokemon Heartgold and Soulsilver Black Star P; 2010 Pokemon Heartgold and Soulsilver Black Star P
Minun,HeartGold & SoulSilver Black Star Promos,HGSS17,2010-2011,Promo,,,unmatched_no_candidate,on_alt_xyz_not_in_feed,2010 Pokemon Heartgold and Soulsilver Black Star Promos Italian Minun Undaunted Blister P #HGSS17 | year 2010 | id 40a05803-622d-42c7-ac9f-d275a3a8b838 | pop None
Hitmonchan,HeartGold & SoulSilver Black Star Promos,HGSS24,2010-2011,Promo,,,unmatched_no_candidate,on_alt_xyz_not_in_feed,2010 Pokemon Heartgold and Soulsilver Black Star Promos Italian Hitmonchan Call of Legends Blister P #HGSS24 | year 2010 | id 6f89c190-5bcc-4e2b-81e9-03028d3c65b3 | pop None
Hitmonlee,HeartGold & SoulSilver Black Star Promos,HGSS25,2010-2011,Promo,,,unmatched_no_candidate,on_alt_xyz_not_in_feed,2010 Pokemon Heartgold and Soulsilver Black Star Promos Portuguese Hitmonlee Call of Legends Blister P #HGSS25 | year 2010 | id b751f3be-c9d9-4db9-8937-1bfd369e1747 | pop None
Lilligant,Black & White,10/114,2011,Rare,,,unmatched_no_candidate,on_alt_xyz_not_in_feed,2011 Pokemon Black and White Lilligant #10 | year 2011 | id 8a05dbad-5a69-401b-acdd-c784f460adc9 | pop None
Swanna,Black & White,37/114,2011,Rare,,,unmatched_no_candidate,on_alt_xyz_not_in_feed,2011 Pokemon Black and White Swanna #37 | year 2011 | id 2414873c-8a34-4d15-9747-e4b6a381d631 | pop None
Scolipede,Black & White,54/114,2011,Rare,,,unmatched_no_candidate,on_alt_xyz_not_in_feed,2011 Pokemon Black and White Scolipede #54 | year 2011 | id e43205e9-a412-4ecb-846c-0dd9da4cdb9e | pop None
Leavanny,Emerging Powers,7/98,2011,Rare,,,unmatched_no_candidate,on_alt_xyz_not_in_feed,2011 Pokemon Black and White Emerging Powers Leavanny #7 | year 2011 | id 26792201-c4e5-4984-ad6c-a57f72e952fd | pop None
Leavanny,Emerging Powers,8/98,2011,Rare,,,unmatched_no_candidate,on_alt_xyz_not_in_feed,2011 Pokemon Black and White Emerging Powers Leavanny #8 | year 2011 | id b2253f7f-135b-4a89-ba88-8883f8e560ba | pop None
Whimsicott,Emerging Powers,12/98,2011,Rare,,,unmatched_no_candidate,on_alt_xyz_not_in_feed,2011 Pokemon Black and White Emerging Powers Whimsicott #12 | year 2011 | id 900c4f89-d7b3-406b-a10b-e8bf2c650a06 | pop None
Sawsbuck,Emerging Powers,16/98,2011,Rare,,,unmatched_no_candidate,on_alt_xyz_not_in_feed,2011 Pokemon Black and White Emerging Powers Sawsbuck #16 | year 2011 | id 7fa9804b-d612-4f62-a106-f02397598833 | pop None
Simisear,Emerging Powers,19/98,2011,Rare,,,unmatched_no_candidate,on_alt_xyz_not_in_feed,2011 Pokemon Black and White Emerging Powers Simisear #19 | year 2011 | id b4ee0bc5-3ab7-4016-8cc5-d21a12d31b44 | pop None
Darmanitan,Emerging Powers,21/98,2011,Rare,,,unmatched_no_candidate,on_alt_xyz_not_in_feed,2011 Pokemon Black and White Emerging Powers Darmanitan #21 | year 2011 | id 621d14ed-7d4b-40c6-9357-edfd107c53c4 | pop None
Simipour,Emerging Powers,23/98,2011,Rare,,,unmatched_no_candidate,on_alt_xyz_not_in_feed,2011 Pokemon Black and White Emerging Powers Simipour #23 | year 2011 | id 128cdd7c-000f-4d55-85fb-dae4232793fc | pop None
Swanna,Emerging Powers,27/98,2011,Rare,,,unmatched_no_candidate,on_alt_xyz_not_in_feed,2011 Pokemon Black and White Emerging Powers Swanna #27 | year 2011 | id e03e4c0f-3699-427b-85f6-33980ef404b3 | pop None
Beartic,Emerging Powers,31/98,2011,Rare,,,unmatched_no_candidate,on_alt_xyz_not_in_feed,2011 Pokemon Black and White Emerging Powers Beartic #31 | year 2011 | id 5f50e6bc-e8c5-4c62-8771-01b3780ebe65 | pop None
Swoobat,Emerging Powers,37/98,2011,Rare,,,unmatched_no_candidate,on_alt_xyz_not_in_feed,2011 Pokemon Black and White Emerging Powers Swoobat #37 | year 2011 | id 140560bd-2ba9-481f-88e3-49d0c957a1d3 | pop None
Scolipede,Emerging Powers,40/98,2011,Rare,,,unmatched_no_candidate,on_alt_xyz_not_in_feed,2011 Pokemon Black and White Emerging Powers Scolipede #40 | year 2011 | id 886ddf60-8343-4806-9b17-c7ee6cab2a6a | pop None
Gothitelle,Emerging Powers,48/98,2011,Rare,,,unmatched_no_candidate,on_alt_xyz_not_in_feed,2011 Pokemon Black and White Emerging Powers Gothitelle #48 | year 2011 | id b1b07ab3-fc32-4cf2-84c9-b303f163a08b | pop None
Liepard,Emerging Powers,65/98,2011,Rare,,,unmatched_no_candidate,on_alt_xyz_not_in_feed,2011 Pokemon Black and White Emerging Powers Liepard #65 | year 2011 | id 8187321f-5790-4ba3-abb1-45e214626437 | pop None
Mandibuzz,Emerging Powers,69/98,2011,Rare,,,unmatched_no_candidate,on_alt_xyz_not_in_feed,2011 Pokemon Black and White Emerging Powers Mandibuzz #69 | year 2011 | id 24dcb919-fe90-4c9b-ad07-bedd050bbdd3 | pop None
Ferrothorn,Emerging Powers,72/98,2011,Rare,,,unmatched_no_candidate,on_alt_xyz_not_in_feed,2011 Pokemon Black and White Emerging Powers Ferrothorn #72 | year 2011 | id ebc5a114-7ac8-40cb-b71e-801c80e6653e | pop None
Braviary,Emerging Powers,88/98,2011,Rare Holo,,,unmatched_no_candidate,on_alt_xyz_not_in_feed,2011 Pokemon Black and White Emerging Powers Holo Braviary #88 | year 2011 | id 065a93cf-0789-4704-a7a8-3d983c9ad0e9 | pop None
Lilligant,Noble Victories,5/101,2011,Rare,,,unmatched_no_candidate,on_alt_xyz_not_in_feed,2011 Pokemon Black and White Noble Victories Lilligant #5 | year 2011 | id cc76c666-7c50-4100-9eee-ab74349de53a | pop None
Accelgor,Noble Victories,12/101,2011,Rare,,,unmatched_no_candidate,on_alt_xyz_not_in_feed,2011 Pokemon Black and White Noble Victories Accelgor #12 | year 2011 | id 7bacb552-7c38-48b1-b42b-48b988f92024 | pop None
Volcarona,Noble Victories,21/101,2011,Rare,,,unmatched_no_candidate,on_alt_xyz_not_in_feed,2011 Pokemon Black and White Noble Victories Volcarona #21 | year 2011 | id 5e05d700-d4c4-4e3b-b349-20a711c3a57c | pop None
Seismitoad,Noble Victories,24/101,2011,Rare,,,unmatched_no_candidate,on_alt_xyz_not_in_feed,2011 Pokemon Black and White Noble Victories Seismitoad #24 | year 2011 | id af43c67d-16a2-4b9f-8521-fa30f760780d | pop None
Carracosta,Noble Victories,26/101,2011,Rare,,,unmatched_no_candidate,on_alt_xyz_not_in_feed,2011 Pokemon Black and White Noble Victories Carracosta #26 | year 2011 | id 7235a79f-c0fd-4eeb-93b0-6ec04a7256bb | pop None
Vanilluxe,Noble Victories,29/101,2011,Rare,,,unmatched_no_candidate,on_alt_xyz_not_in_feed,2011 Pokemon Black and White Noble Victories Vanilluxe #29 | year 2011 | id e90f1316-7abd-4100-b82e-0d144e88ba8d | pop None
Cryogonal,Noble Victories,33/101,2011,Rare,,,unmatched_no_candidate,on_alt_xyz_not_in_feed,2011 Pokemon Black and White Noble Victories Cryogonal #33 | year 2011 | id aaef7a56-1691-4741-b8c7-5d9a04003319 | pop None
Zebstrika,Noble Victories,36/101,2011,Rare,,,unmatched_no_candidate,on_alt_xyz_not_in_feed,2011 Pokemon Black and White Noble Victories Zebstrika #36 | year 2011 | id 919a73d9-4264-4a6a-93ff-d2b71b383e68 | pop None
Cofagrigus,Noble Victories,47/101,2011,Rare,,,unmatched_no_candidate,on_alt_xyz_not_in_feed,2011 Pokemon Black and White Noble Victories Cofagrigus #47 | year 2011 | id 1828f619-2895-4264-adfc-bcb0e4ab5d22 | pop None
Reuniclus,Noble Victories,52/101,2011,Rare,,,unmatched_no_candidate,on_alt_xyz_not_in_feed,2011 Pokemon Black and White Noble Victories Reuniclus #52 | year 2011 | id 75873e75-f7a5-46ec-aedf-b506e852c979 | pop None
Reuniclus,Noble Victories,53/101,2011,Rare,,,unmatched_no_candidate,on_alt_xyz_not_in_feed,2011 Pokemon Black and White Noble Victories Reuniclus #53 | year 2011 | id f4778059-5584-4bdd-99b3-b5ba9524c7ab | pop None
Beheeyem,Noble Victories,56/101,2011,Rare,,,unmatched_no_candidate,on_alt_xyz_not_in_feed,2011 Pokemon Black and White Noble Victories Beheeyem #56 | year 2011 | id 39bd5f43-abff-4e6e-9677-f19fe26fb423 | pop None
Chandelure,Noble Victories,60/101,2011,Rare,,,unmatched_no_candidate,on_alt_xyz_not_in_feed,2011 Pokemon Black and White Noble Victories Chandelure #60 | year 2011 | id bb39b545-c159-4449-9166-b28a8ebd21b9 | pop None
Conkeldurr,Noble Victories,65/101,2011,Rare,,,unmatched_no_candidate,on_alt_xyz_not_in_feed,2011 Pokemon Black and White Noble Victories Conkeldurr #65 | year 2011 | id 0b613c8d-2b13-42e4-b1f2-3f589a2f53d5 | pop None
Golurk,Noble Victories,72/101,2011,Rare,,,unmatched_no_candidate,on_alt_xyz_not_in_feed,2011 Pokemon Black and White Noble Victories Golurk #72 | year 2011 | id bcee58f3-18cf-4d1b-a6e5-a2f815ad6ad6 | pop None
Escavalier,Noble Victories,80/101,2011,Rare,,,unmatched_no_candidate,on_alt_xyz_not_in_feed,2011 Pokemon Black and White Noble Victories Escavalier #80 | year 2011 | id 5b68043c-37ba-4ab6-b930-d14291f7c80a | pop None
Druddigon,Noble Victories,89/101,2011,Rare,,,unmatched_no_candidate,on_alt_xyz_not_in_feed,2011 Pokemon Black and White Noble Victories Druddigon #89 | year 2011 | id 641fb726-12fa-44ea-96a5-e135425d016e | pop None
Pinsir,Next Destinies,1/99,2012,Rare,,,unmatched_no_candidate,on_alt_xyz_not_in_feed,2012 Pokemon Black and White Next Destinies Pinsir #1 | year 2012 | id dd75c5b3-030c-4fba-bf66-dac012c5af16 | pop None
Simisage,Next Destinies,7/99,2012,Rare,,,unmatched_no_candidate,on_alt_xyz_not_in_feed,2012 Pokemon Black and White Next Destinies Simisage #7 | year 2012 | id fb9d52b9-767b-40e1-86b8-438a7f553138 | pop None
Amoonguss,Next Destinies,9/99,2012,Rare,,,unmatched_no_candidate,on_alt_xyz_not_in_feed,2012 Pokemon Black and White Next Destinies Amoonguss #9 | year 2012 | id 084a75cc-ed98-4c06-a772-656f6b3c857e | pop None
Simisear,Next Destinies,16/99,2012,Rare,,,unmatched_no_candidate,on_alt_xyz_not_in_feed,2012 Pokemon Black and White Next Destinies Simisear #16 | year 2012 | id f8c5362f-f2c5-47a5-aea6-70d58f359c75 | pop None
Simipour,Next Destinies,29/99,2012,Rare,,,unmatched_no_candidate,on_alt_xyz_not_in_feed,2012 Pokemon Black and White Next Destinies Simipour #29 | year 2012 | id f28055d8-e471-4af2-ad34-43c9ad9b07ce | pop None
Jellicent,Next Destinies,35/99,2012,Rare,,,unmatched_no_candidate,on_alt_xyz_not_in_feed,2012 Pokemon Black and White Next Destinies Jellicent #35 | year 2012 | id 0b86bf26-4e96-4a63-9b62-770712ada3c5 | pop None
Beartic,Next Destinies,37/99,2012,Rare,,,unmatched_no_candidate,on_alt_xyz_not_in_feed,2012 Pokemon Black and White Next Destinies Beartic #37 | year 2012 | id 907f5f6e-45ff-4b59-9956-fbf6161ca089 | pop None
Zebstrika,Next Destinies,48/99,2012,Rare,,,unmatched_no_candidate,on_alt_xyz_not_in_feed,2012 Pokemon Black and White Next Destinies Zebstrika #48 | year 2012 | id d31867e5-a67b-4802-8aba-05e5dc86499c | pop None
Muk,Next Destinies,53/99,2012,Rare,,,unmatched_no_candidate,on_alt_xyz_not_in_feed,2012 Pokemon Black and White Next Destinies Muk #53 | year 2012 | id 58879382-9e97-4a7c-82a3-9a91c9270955 | pop None
Musharna,Next Destinies,59/99,2012,Rare,,,unmatched_no_candidate,on_alt_xyz_not_in_feed,2012 Pokemon Black and White Next Destinies Musharna #59 | year 2012 | id ee235b0c-63a2-4dea-ad2b-6624e5b8501c | pop None
Beheeyem,Next Destinies,62/99,2012,Rare,,,unmatched_no_candidate,on_alt_xyz_not_in_feed,2012 Pokemon Black and White Next Destinies Beheeyem #62 | year 2012 | id 5772faf5-0e7e-42f9-a1bd-37e3bdc73372 | pop None
Shiftry,Next Destinies,72/99,2012,Rare,,,unmatched_no_candidate,on_alt_xyz_not_in_feed,2012 Pokemon Black and White Next Destinies Shiftry #72 | year 2012 | id 1fa33143-42bf-466d-9382-ba82b771a876 | pop None
Bronzong,Next Destinies,76/99,2012,Rare,,,unmatched_no_candidate,on_alt_xyz_not_in_feed,2012 Pokemon Black and White Next Destinies Bronzong #76 | year 2012 | id c1507b55-d126-4f23-9244-2bfcb5b5a65d | pop None
Wigglytuff,Next Destinies,79/99,2012,Rare,,,unmatched_no_candidate,on_alt_xyz_not_in_feed,2012 Pokemon Black and White Next Destinies Wigglytuff #79 | year 2012 | id a49fafca-1dd0-40fe-8bca-c72493257d04 | pop None
Heatmor,Dark Explorers,19/108,2012,Rare,,,unmatched_no_candidate,on_alt_xyz_not_in_feed,2012 Pokemon Black and White Dark Explorers Heatmor #19 | year 2012 | id 1a089259-7937-4664-97a5-881d3b6a2d3c | pop None
Swanna,Dark Explorers,36/108,2012,Rare,,,unmatched_no_candidate,on_alt_xyz_not_in_feed,2012 Pokemon Black and White Dark Explorers Swanna #36 | year 2012 | id e8a457f7-dc14-4536-988c-b398a26126d6 | pop None
Galvantula,Dark Explorers,43/108,2012,Rare,,,unmatched_no_candidate,on_alt_xyz_not_in_feed,2012 Pokemon Black and White Dark Explorers Galvantula #43 | year 2012 | id ac466a18-7170-4a93-b0bd-22accee5bdfa | pop None
Slowking,Dark Explorers,49/108,2012,Rare,,,unmatched_no_candidate,on_alt_xyz_not_in_feed,2012 Pokemon Black and White Dark Explorers Slowking #49 | year 2012 | id c7f1e1ef-84cf-49bb-97ee-134b7dc7c48f | pop None
Excadrill,Dark Explorers,56/108,2012,Rare,,,unmatched_no_candidate,on_alt_xyz_not_in_feed,2012 Pokemon Black and White Dark Explorers Excadrill #56 | year 2012 | id 67166257-3e29-4948-84aa-54f0e83ebe5d | pop None
Excadrill,Dark Explorers,57/108,2012,Rare,,,unmatched_no_candidate,on_alt_xyz_not_in_feed,2012 Pokemon Black and White Dark Explorers Excadrill #57 | year 2012 | id 66783ae8-f0af-45c5-8453-3347ff6a048c | pop None
Escavalier,Dark Explorers,74/108,2012,Rare,,,unmatched_no_candidate,on_alt_xyz_not_in_feed,2012 Pokemon Black and White Dark Explorers Escavalier #74 | year 2012 | id bfd16904-ada5-429b-b107-57f0c9d511cc | pop None
Bisharp,Dark Explorers,79/108,2012,Rare,,,unmatched_no_candidate,on_alt_xyz_not_in_feed,2012 Pokemon Black and White Dark Explorers Bisharp #79 | year 2012 | id 81c83fc5-05fa-4a83-a62d-547c91935a15 | pop None
Tornadus,Dark Explorers,90/108,2012,Rare Holo ex,card name Tornadus-EX,,unmatched_no_candidate,on_alt_xyz_not_in_feed,2012 Pokemon Black and White Dark Explorers Tornadus Ex #90 | year 2012 | id 4839dff5-b630-4828-be38-7bf6e3457b29 | pop None
Whimsicott,Boundaries Crossed,15/149,2012,Rare,,,unmatched_no_candidate,on_alt_xyz_not_in_feed,2012 Pokemon Black and White Boundaries Crossed Whimsicott #15 | year 2012 | id 806cfd05-9006-4271-8db4-ddc522b6d82c | pop None
Jellicent,Boundaries Crossed,45/149,2012,Rare,,,unmatched_no_candidate,on_alt_xyz_not_in_feed,2012 Pokemon Black and White Boundaries Crossed Jellicent #45 | year 2012 | id 973ee791-6b3d-4d04-bde1-0d50b2b946e6 | pop None
Toxicroak,Boundaries Crossed,66/149,2012,Rare,,,unmatched_no_candidate,on_alt_xyz_not_in_feed,2012 Pokemon Black and White Boundaries Crossed Toxicroak #66 | year 2012 | id f599a123-5ba5-4238-ba14-d24675363b23 | pop None
Swoobat,Boundaries Crossed,71/149,2012,Rare,,,unmatched_no_candidate,on_alt_xyz_not_in_feed,2012 Pokemon Black and White Boundaries Crossed Swoobat #71 | year 2012 | id 1843af5f-fb57-4599-bc21-6380c663eebf | pop None
Unfezant,Boundaries Crossed,125/149,2012,Rare,,,unmatched_no_candidate,on_alt_xyz_not_in_feed,2012 Pokemon Black and White Boundaries Crossed Unfezant #125 | year 2012 | id 25b2e6e1-c93e-4c2b-a1d0-cc86b9360f22 | pop None
Audino,Boundaries Crossed,126/149,2012,Rare,,,unmatched_no_candidate,on_alt_xyz_not_in_feed,2012 Pokemon Black and White Boundaries Crossed Audino #126 | year 2012 | id 2bf22282-0ca0-4160-8c65-a62092180130 | pop None
Watchog,Plasma Storm,113/135,2013,Rare,,,unmatched_no_candidate,on_alt_xyz_not_in_feed,2013 Pokemon Black and White Plasma Storm Watchog #113 | year 2013 | id 577b571d-3fb2-4369-9625-8b0b5d54725d | pop None
Cacturne,Plasma Freeze,10/116,2013,Rare,,,unmatched_no_candidate,on_alt_xyz_not_in_feed,2013 Pokemon Black and White Plasma Freeze Cacturne #10 | year 2013 | id 27b32c49-b2fc-4ac2-ab2a-c3f340ca6bc7 | pop None
Hariyama,Plasma Freeze,63/116,2013,Rare,,,unmatched_no_candidate,on_alt_xyz_not_in_feed,2013 Pokemon Black and White Plasma Freeze Hariyama #63 | year 2013 | id 47554ef1-2c60-44d6-93cf-6bf529b4eb42 | pop None
Cradily,Plasma Blast,4/101,2013,Rare,,,unmatched_no_candidate,on_alt_xyz_not_in_feed,2013 Pokemon Black and White Plasma Blast Cradily #4 | year 2013 | id 6e030012-6162-49c9-96da-ce2e6baff9ec | pop None
Volcarona,Plasma Blast,13/101,2013,Rare,,,unmatched_no_candidate,on_alt_xyz_not_in_feed,2013 Pokemon Black and White Plasma Blast Volcarona #13 | year 2013 | id 01cd9c93-6975-40b8-ac44-3a8ac95bbac2 | pop None
Froslass,Plasma Blast,23/101,2013,Rare,,,unmatched_no_candidate,on_alt_xyz_not_in_feed,2013 Pokemon Black and White Plasma Blast Froslass #23 | year 2013 | id bc81ddf9-d971-4d59-ad2c-858d0605b186 | pop None
Drifblim,Plasma Blast,35/101,2013,Rare,,,unmatched_no_candidate,on_alt_xyz_not_in_feed,2013 Pokemon Black and White Plasma Blast Drifblim #35 | year 2013 | id 39a2bd76-c2b4-40b6-8ebb-f658d7955bb6 | pop None
Uxie,Plasma Blast,36/101,2013,Rare,,,unmatched_no_candidate,on_alt_xyz_not_in_feed,2013 Pokemon Black and White Plasma Blast Uxie #36 | year 2013 | id b40c4f4d-8534-47b0-93b9-456c1879c7af | pop None
Archeops,Plasma Blast,54/101,2013,Rare Holo,,,unmatched_no_candidate,on_alt_xyz_not_in_feed,2013 Pokemon Black and White Plasma Blast Holo Archeops #54 | year 2013 | id 1e542af1-0f53-4207-bb6f-d31444674cfb | pop None
Leavanny,Legendary Treasures,12/113,2013,Rare Holo,,,unmatched_no_candidate,on_alt_xyz_not_in_feed,2013 Pokemon Black and White Legendary Treasures Holo Leavanny #12 | year 2013 | id f5f7c8c0-bd78-47ae-be69-b6822d67e41b | pop None
Toxicroak,Legendary Treasures,63/113,2013,Rare,,,unmatched_no_candidate,not_found_by_name_search,2013 Pokemon Black and White Legendary Treasures T; 2013 Pokemon Black and White Legendary Treasures F
Tepig,BW Black Star Promos,BW02,2011-2013,Promo,no rarity column on source page,,unmatched_no_candidate,not_found_by_name_search,2014 Star Pokemon Card Game Bw Black Promos Korean; 2014 Star Pokemon Card Game Bw Black Promos Korean
Oshawott,BW Black Star Promos,BW03,2011-2013,Promo,no rarity column on source page,,unmatched_no_candidate,not_found_by_name_search,2014 Star Pokemon Card Game Bw Black Promos Korean; 2014 Star Pokemon Card Game Bw Black Promos Korean
Reshiram,BW Black Star Promos,BW04,2011-2013,Promo,no rarity column on source page,,unmatched_no_candidate,not_found_by_name_search,2014 Star Pokemon Card Game Bw Black Promos Korean; 2014 Star Pokemon Card Game Bw Black Promos Korean
Zekrom,BW Black Star Promos,BW05,2011-2013,Promo,no rarity column on source page,,unmatched_no_candidate,not_found_by_name_search,2014 Star Pokemon Card Game Bw Black Promos Korean; 2014 Star Pokemon Card Game Bw Black Promos Korean
Snivy,BW Black Star Promos,BW06,2011-2013,Promo,no rarity column on source page,,unmatched_no_candidate,not_found_by_name_search,2014 Star Pokemon Card Game Bw Black Promos Korean; 2014 Star Pokemon Card Game Bw Black Promos Korean
Oshawott,BW Black Star Promos,BW08,2011-2013,Promo,no rarity column on source page,,unmatched_no_candidate,not_found_by_name_search,2014 Star Pokemon Card Game Bw Black Promos Korean; 2014 Star Pokemon Card Game Bw Black Promos Korean
Pansage,BW Black Star Promos,BW11,2011-2013,Promo,no rarity column on source page,,unmatched_no_candidate,not_found_by_name_search,2014 Star Pokemon Card Game Bw Black Promos Korean; 2014 Star Pokemon Card Game Bw Black Promos Korean
Zorua,BW Black Star Promos,BW12,2011-2013,Promo,no rarity column on source page,,unmatched_no_candidate,not_found_by_name_search,2014 Star Pokemon Card Game Bw Black Promos Korean; 2014 Star Pokemon Card Game Bw Black Promos Korean
Pansage,BW Black Star Promos,BW14,2011-2013,Promo,no rarity column on source page,,unmatched_no_candidate,not_found_by_name_search,2014 Star Pokemon Card Game Bw Black Promos Korean; 2014 Star Pokemon Card Game Bw Black Promos Korean
Pidove,BW Black Star Promos,BW15,2011-2013,Promo,no rarity column on source page,,unmatched_no_candidate,not_found_by_name_search,2014 Star Pokemon Card Game Bw Black Promos Korean; 2014 Star Pokemon Card Game Bw Black Promos Korean
Axew,BW Black Star Promos,BW16,2011-2013,Promo,no rarity column on source page,,unmatched_no_candidate,not_found_by_name_search,2014 Star Pokemon Card Game Bw Black Promos Korean; 2014 Star Pokemon Card Game Bw Black Promos Korean
Ducklett,BW Black Star Promos,BW17,2011-2013,Promo,no rarity column on source page,,unmatched_no_candidate,not_found_by_name_search,2014 Star Pokemon Card Game Bw Black Promos Korean; 2014 Star Pokemon Card Game Bw Black Promos Korean
Darumaka,BW Black Star Promos,BW18,2011-2013,Promo,no rarity column on source page,,unmatched_no_candidate,not_found_by_name_search,2014 Star Pokemon Card Game Bw Black Promos Korean; 2014 Star Pokemon Card Game Bw Black Promos Korean
Serperior,BW Black Star Promos,BW20,2011-2013,Promo,no rarity column on source page,,unmatched_no_candidate,not_found_by_name_search,2014 Star Pokemon Card Game Bw Black Promos Korean; 2014 Star Pokemon Card Game Bw Black Promos Korean
Emboar,BW Black Star Promos,BW21,2011-2013,Promo,no rarity column on source page,,unmatched_no_candidate,not_found_by_name_search,2014 Star Pokemon Card Game Bw Black Promos Korean; 2014 Star Pokemon Card Game Bw Black Promos Korean
Samurott,BW Black Star Promos,BW22,2011-2013,Promo,no rarity column on source page,,unmatched_no_candidate,not_found_by_name_search,2014 Star Pokemon Card Game Bw Black Promos Korean; 2014 Star Pokemon Card Game Bw Black Promos Korean
Litwick,BW Black Star Promos,BW27,2011-2013,Promo,no rarity column on source page,,unmatched_no_candidate,not_found_by_name_search,2014 Star Pokemon Card Game Bw Black Promos Korean; 2014 Star Pokemon Card Game Bw Black Promos Korean
Victini,BW Black Star Promos,BW32,2011-2013,Promo,no rarity column on source page,,unmatched_no_candidate,not_found_by_name_search,2014 Star Pokemon Card Game Bw Black Promos Korean; 2014 Star Pokemon Card Game Bw Black Promos Korean
Riolu,BW Black Star Promos,BW33,2011-2013,Promo,no rarity column on source page,,unmatched_no_candidate,not_found_by_name_search,2014 Star Pokemon Card Game Bw Black Promos Korean; 2014 Star Pokemon Card Game Bw Black Promos Korean
Thundurus,BW Black Star Promos,BW41,2011-2013,Promo,no rarity column on source page,,unmatched_no_candidate,not_found_by_name_search,2014 Star Pokemon Card Game Bw Black Promos Korean; 2014 Star Pokemon Card Game Bw Black Promos Korean
Tornadus,BW Black Star Promos,BW42,2011-2013,Promo,no rarity column on source page,,unmatched_no_candidate,not_found_by_name_search,2014 Star Pokemon Card Game Bw Black Promos Korean; 2014 Star Pokemon Card Game Bw Black Promos Korean
Lilligant,BW Black Star Promos,BW49,2011-2013,Promo,no rarity column on source page,,unmatched_no_candidate,not_found_by_name_search,2014 Star Pokemon Card Game Bw Black Promos Korean; 2014 Star Pokemon Card Game Bw Black Promos Korean
Flygon,BW Black Star Promos,BW53,2011-2013,Promo,no rarity column on source page,,unmatched_no_candidate,not_found_by_name_search,2014 Star Pokemon Card Game Bw Black Promos Korean; 2014 Star Pokemon Card Game Bw Black Promos Korean
Elgyem,BW Black Star Promos,BW55,2011-2013,Promo,no rarity column on source page,,unmatched_no_candidate,not_found_by_name_search,2014 Star Pokemon Card Game Bw Black Promos Korean; 2014 Star Pokemon Card Game Bw Black Promos Korean
Black Kyurem,BW Black Star Promos,BW58,2011-2013,Promo,no rarity column on source page,,unmatched_no_candidate,not_found_by_name_search,2014 Star Pokemon Card Game Bw Black Promos Korean; 2014 Star Pokemon Card Game Bw Black Promos Korean
White Kyurem,BW Black Star Promos,BW59,2011-2013,Promo,no rarity column on source page,,unmatched_no_candidate,not_found_by_name_search,2014 Star Pokemon Card Game Bw Black Promos Korean; 2014 Star Pokemon Card Game Bw Black Promos Korean
Drifblim,BW Black Star Promos,BW64,2011-2013,Promo,no rarity column on source page,,unmatched_no_candidate,not_found_by_name_search,2014 Star Pokemon Card Game Bw Black Promos Korean; 2014 Star Pokemon Card Game Bw Black Promos Korean
Meloetta,BW Black Star Promos,BW68,2011-2013,Promo,no rarity column on source page,,unmatched_no_candidate,not_found_by_name_search,2014 Star Pokemon Card Game Bw Black Promos Korean; 2014 Star Pokemon Card Game Bw Black Promos Korean
Meloetta,BW Black Star Promos,BW69,2011-2013,Promo,no rarity column on source page,,unmatched_no_candidate,not_found_by_name_search,2014 Star Pokemon Card Game Bw Black Promos Korean; 2014 Star Pokemon Card Game Bw Black Promos Korean
Terrakion,BW Black Star Promos,BW71,2011-2013,Promo,no rarity column on source page,,unmatched_no_candidate,not_found_by_name_search,2014 Star Pokemon Card Game Bw Black Promos Korean; 2014 Star Pokemon Card Game Bw Black Promos Korean
Electrode,BW Black Star Promos,BW76,2011-2013,Promo,no rarity column on source page,,unmatched_no_candidate,not_found_by_name_search,2014 Star Pokemon Card Game Bw Black Promos Korean; 2014 Star Pokemon Card Game Bw Black Promos Korean
Druddigon,BW Black Star Promos,BW80,2011-2013,Promo,no rarity column on source page,,unmatched_no_candidate,not_found_by_name_search,2014 Star Pokemon Card Game Bw Black Promos Korean; 2014 Star Pokemon Card Game Bw Black Promos Korean
Genesect,BW Black Star Promos,BW99,2011-2013,Promo,no rarity column on source page,,unmatched_no_candidate,not_found_by_name_search,2014 Star Pokemon Card Game Bw Black Promos Korean; 2014 Star Pokemon Card Game Bw Black Promos Korean
Hitmonchan,Best of Promos,9,2002-2003,Promo,Rocket's Hitmonchan,,unmatched_no_candidate,on_alt_xyz_not_in_feed,2003 Pokemon TCG Promos Rocket's Hitmonchan [Winner] Jumbo/(Best of Game Series: Battlezone (July 2003)) #9 | year 2003 | id 99f3a2da-7017-465b-81ce-9a34162e61ca | pop None
