species,set,number,year,rarity,cause,alt_asset_id,detail
Lilligant,Black & White,10/114,2011,Rare,alt_xyz_year_differs,88ac755e-c2b1-4688-8392-7cf0f37a4e33,alt.xyz years 2021 | 2021 Pokemon Sword and Shield Evolving Skies Reverse Holo Li
Swanna,Black & White,37/114,2011,Rare,alt_xyz_year_differs,5f3f1e15-fc4a-49f0-945d-d0a4468d0a07,alt.xyz years 2016 | 2016 Pokemon XY Breakpoint Swanna #37
Jellicent,Boundaries Crossed,45/149,2012,Rare,alt_xyz_year_differs,f04eb7cf-c1b4-4e32-903d-bf83a0e6d904,alt.xyz years 2025 | 2025 Pokemon White Flare Holo Jellicent Ex #045
Leavanny,Emerging Powers,7/98,2011,Rare,alt_xyz_year_differs,4acce619-c367-4dcc-a23e-6150fbc89fcb,alt.xyz years 2014 | 2014 Pokemon XY Phantom Forces Leavanny #7; 2014 Pokemon XY Phantom Forces Reverse Holo Leavanny #7
Sawsbuck,Emerging Powers,16/98,2011,Rare,alt_xyz_year_differs,d141ae7a-af45-485b-8b9b-2dbfa793358b,alt.xyz years 2019 | 2019 Pokemon Sun and Moon Cosmic Eclipse Holo Sawsbuck #16
Swoobat,Emerging Powers,37/98,2011,Rare,alt_xyz_year_differs,ac0fba89-b25d-45cd-9ba0-8c5edcd3f84e,alt.xyz years 2025 | 2025 Pokemon TCG Scarlet & Violet White Flare Swoobat Poke B; 2025 White Flare - Wht En - English Reverse Holo Swoobat #03
Wigglytuff,Great Encounters,32/106,2008,Rare,alt_xyz_year_differs,fc3befea-f25b-4ab7-96f6-7b0aaf2fd6cf,alt.xyz years 1999 | 1999 Pokemon Jungle 1st Edition Wigglytuff #32; 1999 Pokemon Jungle Wigglytuff #32
Sandslash,HeartGold & SoulSilver,29/123,2010,Rare,alt_xyz_year_differs,bc4cee76-2e19-4a78-b290-3411b5aaf7a1,alt.xyz years 2018 | 2018 Ultra Pokemon Sun and Moon Prism Alolan Sandslash #29; 2018 Ultra Pokemon Sun and Moon Prism Reverse Foil Alolan Sa
Tyrogue,HeartGold & SoulSilver,33/123,2010,Rare,alt_xyz_year_differs,a9f1b909-802e-433f-8ab0-449b23065c04,alt.xyz years 2005 | 2005 Pokemon Ex Unseen Forces Reverse Holo Tyrogue #33; 2005 Pokemon Ex Unseen Forces Holo Tyrogue #33
Unown,Majestic Dawn,33/100,2008,Rare,alt_xyz_year_differs,69202dfa-b12a-475b-ac75-52b823a3be01,alt.xyz years 2001 | 2001 Neo Discovery - 1st Edition English Unown A #33; 2001 Pokemon Neo Discovery Holo Unown A #33
Walrein,Mysterious Treasures,39/123,2007,Rare,alt_xyz_year_differs,90195acc-3a0c-4cd6-a648-f606a26db0e0,alt.xyz years 2021 | 2021 Pokemon Sword and Shield Chilling Reign Walrein #39; 2021 Pokemon Sword and Shield Chilling Reign Reverse Holo Wa
Pinsir,Next Destinies,1/99,2012,Rare,alt_xyz_year_differs,72bc001f-afaa-467e-85bb-ab5c11fd5712,"alt.xyz years 2021,2025 | 2021 Pokemon Sword and Shield Evolving Skies Reverse Holo Pi; 2025 Pokemon TCG Scarlet & Violet Destined Rivals Ethan's Pi"
Simisage,Next Destinies,7/99,2012,Rare,alt_xyz_year_differs,ba36ec32-f841-4862-96fa-08b0bb94587e,alt.xyz years 2020 | 2020 Pokemon Sword and Shield Darkness Ablaze Reverse Holo S
Lilligant,Noble Victories,5/101,2011,Rare,alt_xyz_year_differs,963fe7b0-6b6c-4f6d-9e65-c7464539c396,alt.xyz years 2017 | 2017 Pokemon Sun and Moon Guardians Rising Reverse Holo Lill; 2017 Pokemon Sun and Moon Guardians Rising Lilligant #5
Vanilluxe,Noble Victories,29/101,2011,Rare,alt_xyz_year_differs,460a15d7-979a-4177-ad56-6a4e44de4899,"alt.xyz years 2013,2025 | 2025 White Flare - Wht En - English Master Ball Reverse Holo; 2025 White Flare - Wht En - English Poké Ball Reverse Holo V"
Volcarona,Noble Victories,21/101,2011,Rare,alt_xyz_year_differs,7658e735-da9d-4ced-a7c4-4fd4a637420a,alt.xyz years 2021 | 2021 Pokemon Sword and Shield Evolving Skies Volcarona V #02
Ho-Oh,POP Series 5,1/17,2007,Rare,alt_xyz_year_differs,7d34a9fd-4eb1-4203-8f78-ead3442aacaa,alt.xyz years 2021 | 2021 Pokemon Celebrations Ho-Oh #001
Manaphy,POP Series 6,3/17,2007,Rare,alt_xyz_year_differs,5443bdb0-abd4-43c1-862a-ec77e28d9839,alt.xyz years 2010 | 2010 Pokemon Heartgold & Soulsilver Unleashed Manaphy #3; 2010 Pokemon Hs Unleashed Reverse Holo Manaphy #3
Volcarona,Plasma Blast,13/101,2013,Rare,alt_xyz_year_differs,c3a9c24e-77aa-45e5-b852-a2bf3603505b,alt.xyz years 2017 | 2017 Pokemon Sun and Moon Shining Legends Reverse Holo Volca; 2017 Pokemon Sun and Moon Shining Legends Volcarona #13
Golduck,Platinum,29/127,2009,Rare,alt_xyz_year_differs,777f84ec-702e-4b38-86a5-a02257356e0d,"alt.xyz years 2017,2022 | 2017 Pokemon Sun and Moon Reverse Holo Golduck #29; 2017 Pokemon Sun and Moon Golduck #29"
Nidoking,Secret Wonders,34/132,2007,Rare,alt_xyz_year_differs,9e7df6f2-0840-4de6-8dbd-94cb601cac68,"alt.xyz years 1995,1996,1997,1999,2000,2023 | 2000 Topps Chrome Pokemon Tv Nidoking #34; 1997 Pokemon Bandai Carddass Part 3 and 4 Nidoking #34"
Camerupt,Supreme Victors,19/147,2009,Rare,alt_xyz_year_differs,75beaefb-31d5-40d1-85cb-9c0671c798e8,alt.xyz years 2004 | 2004 Pokemon Ex Team Magma Vs. Team Aqua Holo Team Magma's C; 2004 Pokemon Ex Team Magma Vs Team Aqua Team Magma's Camerup
Dugtrio,Triumphant,19/102,2010,Rare,alt_xyz_year_differs,40023fb5-4dee-4076-9f73-c0dfc1902f58,alt.xyz years 1999 | 1999 Base Set - Unlimited English Dugtrio #19; 1999 Pokemon Base Set 1st Edition Dugtrio #19
Kyurem,BW Black Star Promos,BW44,2011-2013,Promo,in_feed_matcher_miss,98070b2d-29bd-49be-8e1f-5e966c14a611,"2011 Pokemon Black and White Black Star Promos Kyurem/(Kyure (subject=Kyurem/(Kyurem Box) P, year=2011, num=BW44)"
White Kyurem,BW Black Star Promos,BW63,2011-2013,Promo,in_feed_matcher_miss,7fd35508-1248-4346-9767-09ebc3197380,"2011 Pokemon Black and White Black Star Promos White Kyurem- (subject=White Kyurem-Ex/(Ex Power Tins) P, year=2011, num=BW63) | 2011 Pokemon Black and White Promos White Kyurem-Ex/ (Ex Pow (subject=White Kyurem-Ex/ (Ex Power Tins), year=2011, num=BW63)"
Zekrom,BW Black Star Promos,BW24,2011-2013,Promo,in_feed_matcher_miss,cc001be3-e8e6-4b25-91ff-92db666f4447,"2011 Pokemon Black and White Black Star Promos Zekrom/(Zekro (subject=Zekrom/(Zekrom Box) P, year=2011, num=BW24)"
Darkrai,Diamond & Pearl Black Star Promos,DP24,2007-2009,Promo,in_feed_matcher_miss,f8429d68-4bfa-457c-a797-9af23bbaa029,"2007 Pokemon Diamond and Pearl Black Star Promos Darkrai?(Ho (subject=Darkrai?(Holo)/(Darkrai Premium Box) P, year=2007, num=DP24)"
Lucario,Diamond & Pearl Black Star Promos,DP12,2007-2009,Promo,in_feed_matcher_miss,53fc8247-4acb-410a-89fa-0b5caf6b00b2,"2007 Pokemon Diamond and Pearl Black Star Promo Collector's  (subject=Lucario Lv X, year=2007, num=DP12) | 2008 Pokemon Dp Promos Lucario Lvx Holo R #DP12 (subject=Lucario Lvx Holo R, year=2008, num=DP12)"
Latias,HeartGold & SoulSilver Black Star Promos,HGSS10,2010-2011,Promo,in_feed_matcher_miss,aadd11ae-284e-4596-852b-409284133e7a,"2010 Star Pokemon Hs Black Promos Latias Cracked Ice Holo P  (subject=Latias Cracked Ice Holo P, year=2010, num=HGSS10)"
Latios,HeartGold & SoulSilver Black Star Promos,HGSS11,2010-2011,Promo,in_feed_matcher_miss,3172424b-cff6-48da-8099-4cee699997b0,"2010 Star Pokemon Hs Black Promos Latios Cracked Ice Holo P  (subject=Latios Cracked Ice Holo P, year=2010, num=HGSS11)"
Venusaur,POP Series 2,6/17,2005,Rare,in_feed_matcher_miss,0087c815-be87-43b8-8a0a-8b16496d2af2,"2005 Organized Play Series 2 Venusaur #6 (subject=Venusaur, year=2005, num=6)"
Mew,POP Series 5,3/17,2007,Rare,in_feed_matcher_miss,b6a9d352-2e12-4c1c-b796-ad40ab76c10c,"2007 Organized Play Series 5 Mew #3 (subject=Mew, year=2007, num=3) | 2007 Pokemon Organized Play Series 5 Mew Holo R #3 (subject=Mew Holo R, year=2007, num=3)"
Latios,POP Series 7,4/17,2008,Rare,in_feed_matcher_miss,9e864ab1-fcfd-49ab-b95c-76e9f20eff80,"2008 Pokemon Organized Play Series 7 Latios #4 (subject=Latios, year=2008, num=4)"
Machamp,Plasma Blast,50/101,2013,Rare,in_feed_matcher_miss,563a5592-958c-4cf8-b44a-708c5e1f38e6,"2013 Pokemon Black and White Plasma Blast Machamp #50 (subject=Machamp, year=2013, num=50)"
Dialga,Platinum,23/127,2009,Rare,in_feed_matcher_miss,e9db1a26-ed22-455e-9237-4f5c18dee88c,"2009 Pokemon Platinum Reverse Holo Dialga #23 (subject=Dialga, year=2009, num=23)"
Excadrill,Dark Explorers,56/108,2012,Rare,in_feed_year_off_by_1,61ee030b-8f4e-401d-a014-8b189c44a5a5,"2011 Pokemon Black and White Emerging Powers Holo Excadrill  (subject=Excadrill, year=2011, num=56)"
Excadrill,Dark Explorers,57/108,2012,Rare,in_feed_year_off_by_1,452d57a1-777b-4256-b5ec-a9ab27c54d50,"2011 Pokemon Black and White Emerging Powers Reverse Holo Ex (subject=Excadrill, year=2011, num=57)"
Deoxys,POP Series 4,2/17,2006,Rare,in_feed_year_off_by_1,f1ec5526-2245-46d0-bbe3-ca4f820b42f1,"2005 Pokemon Ex Emerald Holo Deoxys #2 (subject=Deoxys, year=2005, num=2) | 2005 Pokemon Ex Emerald Reverse Holo Deoxys #2 (subject=Deoxys, year=2005, num=2)"
Articuno,Plasma Storm,132/135,2013,Rare Ultra,in_feed_year_off_by_1,a3fae9a6-079e-412b-a979-e60732f6e8f3,"2012 Pokemon Black and White Plasma Storm Holo Articuno Ex # (subject=Articuno Ex, year=2012, num=132)"
Charizard,Plasma Storm,136/135,2013,Rare Secret,in_feed_year_off_by_1,1c9c6516-05ed-4288-a402-be178d974e56,"2012 Pokemon Black and White Plasma Storm Charizard #136 (subject=Charizard, year=2012, num=136)"
Genesect,BW Black Star Promos,BW86,2011-2013,Promo,no_psa10_ever,e64cb381-1f1b-4114-bb26-108d034a583f,alt.xyz graded pop (all companies) 2
Genesect,BW Black Star Promos,BW101,2011-2013,Promo,no_psa10_ever,cbaa11ec-3a42-4880-842d-bbfadc91545f,alt.xyz graded pop (all companies) 63
Haxorus,BW Black Star Promos,BW57,2011-2013,Promo,no_psa10_ever,99716978-c211-4dc4-bb0b-8263ed216839,alt.xyz graded pop (all companies) 41
Landorus,BW Black Star Promos,BW43,2011-2013,Promo,no_psa10_ever,3b14087c-e511-4ff0-8d65-3d7bd0b2b322,"alt.xyz graded pop (all companies) 212,1"
Landorus,BW Black Star Promos,BW79,2011-2013,Promo,no_psa10_ever,5e69abb1-e4b0-4351-ad66-e3eda1993ae2,alt.xyz graded pop (all companies) 48
Lillipup,BW Black Star Promos,BW52,2011-2013,Promo,no_psa10_ever,54fa62bc-b7c4-467f-8c1b-ab87aa5c0c5f,alt.xyz graded pop (all companies) 6
Lucario,BW Black Star Promos,BW85,2011-2013,Promo,no_psa10_ever,c6df008a-b851-4c29-ad2a-f2e25c90c310,alt.xyz graded pop (all companies) 79
Meowth,BW Black Star Promos,BW35,2011-2013,Promo,no_psa10_ever,9b0592c4-de0c-4bbe-8c21-ac3b7a31f619,alt.xyz graded pop (all companies) 1
Mew,BW Black Star Promos,BW98,2011-2013,Promo,no_psa10_ever,e7bba165-753a-423e-b1e6-f09d676cf1dd,alt.xyz graded pop (all companies) 230
Ninetales,BW Black Star Promos,BW66,2011-2013,Promo,no_psa10_ever,69e1f237-f71c-45c4-8448-23add943e5f7,alt.xyz graded pop (all companies) 27
Hitmonchan,Best of Promos,2,2002-2003,Promo,no_psa10_ever,decac264-d86f-43df-924c-e79469f45ce3,alt.xyz graded pop (all companies) 19
Alomomola,Black & White,39/114,2011,Rare,no_psa10_ever,e00297bf-f647-43a9-829d-deca836c4f6e,"alt.xyz graded pop (all companies) 9,9"
Bouffalant,Black & White,91/114,2011,Rare,no_psa10_ever,2e2f1185-9829-4209-adbe-0a3fcd8bbb4b,alt.xyz graded pop (all companies) 11
Cinccino,Black & White,89/114,2011,Rare,no_psa10_ever,a2027a4a-70fc-4a41-bba0-be2572091f83,alt.xyz graded pop (all companies) 13
Darmanitan,Black & White,25/114,2011,Rare,no_psa10_ever,efeae8a4-d361-48bf-b8ee-cb095092031e,"alt.xyz graded pop (all companies) 16,15,1"
Galvantula,Black & White,46/114,2011,Rare,no_psa10_ever,2008afb8-431b-4bc4-8b0d-b2f6af9a3ed3,alt.xyz graded pop (all companies) 7
Mandibuzz,Black & White,73/114,2011,Rare,no_psa10_ever,c5d49d81-818b-4212-85b3-ddd41646ca8f,"alt.xyz graded pop (all companies) 14,4"
Musharna,Black & White,49/114,2011,Rare,no_psa10_ever,ac729a7a-86f9-45c5-9217-79e86180150f,alt.xyz graded pop (all companies) 5
Sawk,Black & White,62/114,2011,Rare,no_psa10_ever,e656540a-2947-4501-87ba-fb6f32e80d68,"alt.xyz graded pop (all companies) 7,2"
Sawsbuck,Black & White,14/114,2011,Rare,no_psa10_ever,9f52938c-a3f6-4a82-a9ee-cf76cb00141d,"alt.xyz graded pop (all companies) 13,10"
Stoutland,Black & White,83/114,2011,Rare,no_psa10_ever,a2f3e8f3-3acc-4473-8e78-acde7ddc123d,"alt.xyz graded pop (all companies) 10,6"
Throh,Black & White,61/114,2011,Rare,no_psa10_ever,7eeafb5e-38bc-4334-b790-a78a4226e8f8,"alt.xyz graded pop (all companies) 7,6"
Unfezant,Black & White,86/114,2011,Rare,no_psa10_ever,73b28b67-6bd5-4ecf-b9ec-2e84a44bfaf7,"alt.xyz graded pop (all companies) 8,5"
Zebstrika,Black & White,43/114,2011,Rare,no_psa10_ever,123c372e-e64e-4914-84ec-74662d397059,alt.xyz graded pop (all companies) 6
Camerupt,Boundaries Crossed,22/149,2012,Rare,no_psa10_ever,c21f5dcb-2614-441e-8381-df86d423a454,alt.xyz graded pop (all companies) 20
Gliscor,Boundaries Crossed,81/149,2012,Rare Holo,no_psa10_ever,ef5796eb-3803-408c-9f23-72dedfe20adf,alt.xyz graded pop (all companies) 1
Golduck,Boundaries Crossed,35/149,2012,Rare,no_psa10_ever,1197d93a-29fd-4c1c-a40b-24958a4a8e25,alt.xyz graded pop (all companies) 1
Grumpig,Boundaries Crossed,60/149,2012,Rare,no_psa10_ever,84ffe16d-e9fa-4d12-ac62-05afee1a0882,alt.xyz graded pop (all companies) 2
Keldeo,Boundaries Crossed,47/149,2012,Rare Holo,no_psa10_ever,e9f42654-095f-476f-9b69-981379d8ca83,alt.xyz graded pop (all companies) 4
Keldeo,Boundaries Crossed,48/149,2012,Rare,no_psa10_ever,10d54210-4a1b-4ff7-bf00-d4eeff66a280,"alt.xyz graded pop (all companies) 10,6"
Lilligant,Boundaries Crossed,17/149,2012,Rare,no_psa10_ever,9e02576d-4e76-46dd-8ffd-4c150df28d6b,alt.xyz graded pop (all companies) 3
Musharna,Boundaries Crossed,69/149,2012,Rare,no_psa10_ever,ac4052e5-f75c-4b2a-991f-f16fcc0a1628,alt.xyz graded pop (all companies) 2
Shaymin,Boundaries Crossed,10/149,2012,Rare,no_psa10_ever,6183df7f-1508-41ab-b3fe-cd3b1f97f029,alt.xyz graded pop (all companies) 2
Victini,Boundaries Crossed,23/149,2012,Rare,no_psa10_ever,8d173c02-3807-4fcf-bca5-629cd45d6ae6,alt.xyz graded pop (all companies) 3
White Kyurem,Boundaries Crossed,102/149,2012,Rare,no_psa10_ever,0b625b16-d40c-42f6-9873-00ddec25b352,"alt.xyz graded pop (all companies) 63,10"
Granbull,Call of Legends,26/95,2011,Rare,no_psa10_ever,a8466268-6e0e-4eeb-a0ea-dd813de51d7e,"alt.xyz graded pop (all companies) 17,11"
Weezing,Call of Legends,38/95,2011,Rare,no_psa10_ever,57da48ce-789f-4c5d-ad3f-11249fb6c726,"alt.xyz graded pop (all companies) 7,4"
Zangoose,Call of Legends,39/95,2011,Rare,no_psa10_ever,5d489364-3fa7-43c8-8ca4-48c9b5411c98,"alt.xyz graded pop (all companies) 12,1"
Accelgor,Dark Explorers,11/108,2012,Rare,no_psa10_ever,60f96802-834c-4dbc-a76b-333ea1b258c1,alt.xyz graded pop (all companies) 1
Aerodactyl,Dark Explorers,53/108,2012,Rare,no_psa10_ever,f62ba932-31a1-44ef-a156-369c5f3fcfa9,alt.xyz graded pop (all companies) 4
Carnivine,Dark Explorers,5/108,2012,Rare,no_psa10_ever,dbe17e40-56c3-46f8-a96f-120c3fa92b03,alt.xyz graded pop (all companies) 1
Cofagrigus,Dark Explorers,52/108,2012,Rare,no_psa10_ever,3c5ed73c-2358-453d-9668-d621b03f7074,alt.xyz graded pop (all companies) 1
Haxorus,Dark Explorers,89/108,2012,Rare Holo,no_psa10_ever,82df48f1-96a2-46e4-8b88-65c8cc54b655,alt.xyz graded pop (all companies) 3
Scrafty,Dark Explorers,68/108,2012,Rare,no_psa10_ever,f3feae0f-6913-4d03-bba7-82c824f2762f,alt.xyz graded pop (all companies) 3
Stoutland,Dark Explorers,88/108,2012,Rare,no_psa10_ever,84d2abec-f346-497f-b1d9-ce69c8d9d6bb,alt.xyz graded pop (all companies) 4
Azumarill,Diamond & Pearl,18/130,2007,Rare,no_psa10_ever,74b53049-33e0-4b54-9ad9-f942550b245a,"alt.xyz graded pop (all companies) 51,40"
Beautifly,Diamond & Pearl,19/130,2007,Rare,no_psa10_ever,a87952f4-3de6-4f0d-95e3-dc795292f7d0,"alt.xyz graded pop (all companies) 31,30"
Bibarel,Diamond & Pearl,20/130,2007,Rare,no_psa10_ever,4ad76b4d-c17b-4de4-95c0-955b25d0e938,alt.xyz graded pop (all companies) 45
Carnivine,Diamond & Pearl,21/130,2007,Rare,no_psa10_ever,f2aa69f9-eace-45d1-b0aa-4ef29112af32,alt.xyz graded pop (all companies) 15
Drapion,Diamond & Pearl,23/130,2007,Rare,no_psa10_ever,4087cdba-948d-4987-8fc1-132d8b4131de,alt.xyz graded pop (all companies) 36
Drifblim,Diamond & Pearl,24/130,2007,Rare,no_psa10_ever,8d68b33a-fb0a-449d-9726-3eb9fbdf9ad0,alt.xyz graded pop (all companies) 51
Dustox,Diamond & Pearl,25/130,2007,Rare,no_psa10_ever,909acc50-2823-44d0-bc9f-553bc0f8f5d9,"alt.xyz graded pop (all companies) 33,4"
Heracross,Diamond & Pearl,28/130,2007,Rare,no_psa10_ever,ff82a2e4-cc73-4278-8ecd-9bf93de8fdea,alt.xyz graded pop (all companies) 53
Lopunny,Diamond & Pearl,30/130,2007,Rare,no_psa10_ever,ae25070c-8bd4-4186-b9ad-18b901dbe735,alt.xyz graded pop (all companies) 31
Machamp,Diamond & Pearl,31/130,2007,Rare,no_psa10_ever,946dabee-080c-455b-a811-1b8e4bae3dfd,"alt.xyz graded pop (all companies) 64,15"
Medicham,Diamond & Pearl,32/130,2007,Rare,no_psa10_ever,a7af83a2-b96f-40d3-be04-a210d9f365fa,"alt.xyz graded pop (all companies) 51,7"
Noctowl,Diamond & Pearl,34/130,2007,Rare,no_psa10_ever,ec196067-c73c-4e07-86b9-74c4dc843e2e,alt.xyz graded pop (all companies) 15
Pachirisu,Diamond & Pearl,35/130,2007,Rare,no_psa10_ever,bebbdea0-352e-4286-b372-0e3649bec596,alt.xyz graded pop (all companies) 32
Steelix,Diamond & Pearl,38/130,2007,Rare,no_psa10_ever,133ad655-4d91-4672-8871-c2d8eb3ba83e,alt.xyz graded pop (all companies) 57
Weavile,Diamond & Pearl,40/130,2007,Rare,no_psa10_ever,01a2ff4f-06fd-437e-a90c-c1e396779da0,alt.xyz graded pop (all companies) 16
Wynaut,Diamond & Pearl,42/130,2007,Rare,no_psa10_ever,11b2b56d-d1a1-4888-a035-52a0da619ef4,alt.xyz graded pop (all companies) 35
Buizel,Diamond & Pearl Black Star Promos,DP13,2007-2009,Promo,no_psa10_ever,b8b6c45e-3b76-4a18-8226-757b32bb9b55,"alt.xyz graded pop (all companies) 26,1"
Cranidos,Diamond & Pearl Black Star Promos,DP07,2007-2009,Promo,no_psa10_ever,1f2d2052-ff89-4347-b951-190b83ede402,alt.xyz graded pop (all companies) 1
Drifblim,Diamond & Pearl Black Star Promos,DP34,2007-2009,Promo,no_psa10_ever,67593b08-7438-4b47-b911-bbc22ef6990f,alt.xyz graded pop (all companies) 216
Glameow,Diamond & Pearl Black Star Promos,DP23,2007-2009,Promo,no_psa10_ever,578a8791-7f10-42e2-a287-104b8e0a9f4f,"alt.xyz graded pop (all companies) 62,1"
Heatran,Diamond & Pearl Black Star Promos,DP31,2007-2009,Promo,no_psa10_ever,1ef343cb-c381-4cda-a73c-c31756b09204,"alt.xyz graded pop (all companies) 378,2"
Magnezone,Diamond & Pearl Black Star Promos,DP44,2007-2009,Promo,no_psa10_ever,d8cf30a8-92a9-4de4-8d09-8b079123b593,alt.xyz graded pop (all companies) 281
Pachirisu,Diamond & Pearl Black Star Promos,DP04,2007-2009,Promo,no_psa10_ever,f91832c6-2cc2-4cd4-8970-63482f5436f8,alt.xyz graded pop (all companies) 132
Shinx,Diamond & Pearl Black Star Promos,DP15,2007-2009,Promo,no_psa10_ever,3dbb7f1d-5b18-4491-b5b9-c124e6ec73c5,alt.xyz graded pop (all companies) 22
Beautifly,Dragons Exalted,8/124,2012,Rare,no_psa10_ever,13e611eb-87a4-4195-839f-f58f230d59a6,alt.xyz graded pop (all companies) 5
Braviary,Dragons Exalted,112/124,2012,Rare,no_psa10_ever,0c29b611-8085-417b-8a0b-6b8a410ed520,"alt.xyz graded pop (all companies) 7,4"
Gothitelle,Dragons Exalted,57/124,2012,Rare,no_psa10_ever,36a967b7-06ad-4521-a53b-e1b756cee7a8,"alt.xyz graded pop (all companies) 5,4"
Manectric,Dragons Exalted,43/124,2012,Rare,no_psa10_ever,33a7bfb2-36bc-4cc1-9ce4-f885a7c5154f,"alt.xyz graded pop (all companies) 6,6"
Roserade,Dragons Exalted,15/124,2012,Rare Holo,no_psa10_ever,33757d12-2e43-42bd-bc26-71db63153639,"alt.xyz graded pop (all companies) 26,11"
Seismitoad,Dragons Exalted,36/124,2012,Rare,no_psa10_ever,2f6056fc-3063-4766-9a27-addd06098039,"alt.xyz graded pop (all companies) 6,5"
Walrein,Dragons Exalted,31/124,2012,Rare,no_psa10_ever,7df07389-4b48-4255-81a9-bf7bfe8c1690,"alt.xyz graded pop (all companies) 10,6"
Unown,EX Unseen Forces,C/28,2005,Rare Holo,no_psa10_ever,0fed1bf7-a1aa-4f53-8849-9ece8e906a6b,alt.xyz graded pop (all companies) 54
Gigalith,Emerging Powers,53/98,2011,Rare,no_psa10_ever,b6393032-4dbb-4dac-a86d-f4e4323dc548,"alt.xyz graded pop (all companies) 98,1"
Krookodile,Emerging Powers,62/98,2011,Rare,no_psa10_ever,7ebcd7dc-ae37-45e0-bec8-157af13ef3e5,alt.xyz graded pop (all companies) 4
Simisage,Emerging Powers,2/98,2011,Rare,no_psa10_ever,9294a9f0-5629-4065-9bc0-44f881c6578d,alt.xyz graded pop (all companies) 3
Unfezant,Emerging Powers,82/98,2011,Rare,no_psa10_ever,b9f45352-6402-46ff-b6b9-4d3f4f0f9222,alt.xyz graded pop (all companies) 4
Exploud,Great Encounters,17/106,2008,Rare,no_psa10_ever,b4caa195-0e79-4c10-baa6-36a1a528db73,alt.xyz graded pop (all companies) 41
Unown,Great Encounters,29/106,2008,Rare,no_psa10_ever,741176d1-f446-4c52-90b5-c6d5efb557f1,alt.xyz graded pop (all companies) 18
Ariados,HeartGold & SoulSilver,15/123,2010,Rare,no_psa10_ever,826b5df9-ba9e-45c4-a8ed-3fb881da8c56,"alt.xyz graded pop (all companies) 17,1"
Azumarill,HeartGold & SoulSilver,2/123,2010,Rare Holo,no_psa10_ever,275910ef-a7ef-46ab-9dc5-c686e112620b,"alt.xyz graded pop (all companies) 157,24"
Cleffa,HeartGold & SoulSilver,17/123,2010,Rare,no_psa10_ever,d08e4446-d2e4-47fd-84c1-831e622c81c1,alt.xyz graded pop (all companies) 9
Hypno,HeartGold & SoulSilver,23/123,2010,Rare,no_psa10_ever,59afbefc-6a3e-4af5-9563-4249a2c0f77e,alt.xyz graded pop (all companies) 19
Persian,HeartGold & SoulSilver,27/123,2010,Rare,no_psa10_ever,982c9bc1-1234-4c68-a873-edaf387a7e6c,alt.xyz graded pop (all companies) 17
Smoochum,HeartGold & SoulSilver,30/123,2010,Rare,no_psa10_ever,e6ca734b-58ff-4ef4-89a2-c268053cbf5b,alt.xyz graded pop (all companies) 6
Weezing,HeartGold & SoulSilver,34/123,2010,Rare,no_psa10_ever,0e9c45a9-b640-4a9f-989d-cc486701f012,alt.xyz graded pop (all companies) 9
Cleffa,HeartGold & SoulSilver Black Star Promos,HGSS12,2010-2011,Promo,no_psa10_ever,85e217c9-90e1-4705-93ab-a4161117438a,alt.xyz graded pop (all companies) 1
Entei,HeartGold & SoulSilver Black Star Promos,HGSS20,2010-2011,Promo,no_psa10_ever,f70b301f-8bbe-473b-98b1-24274be51eac,alt.xyz graded pop (all companies) 999
Lapras,HeartGold & SoulSilver Black Star Promos,HGSS14,2010-2011,Promo,no_psa10_ever,99a8169c-a1cc-4670-ab15-8aa6534e94ce,alt.xyz graded pop (all companies) 1
Meganium,HeartGold & SoulSilver Black Star Promos,HGSS08,2010-2011,Promo,no_psa10_ever,f0315a0d-e847-4383-b4d8-fccc3bfd6bdf,alt.xyz graded pop (all companies) 2
Plusle,HeartGold & SoulSilver Black Star Promos,HGSS16,2010-2011,Promo,no_psa10_ever,22c544f2-91d1-4911-9d74-69e135a97781,alt.xyz graded pop (all companies) 1
Smoochum,HeartGold & SoulSilver Black Star Promos,HGSS13,2010-2011,Promo,no_psa10_ever,37267183-5e22-45e5-b8d3-e3c2ac2c3ab2,alt.xyz graded pop (all companies) 1
Landorus,Legendary Treasures,85/113,2013,Rare Holo,no_psa10_ever,af8575ad-f3b2-4c75-bf82-83929a74f11a,alt.xyz graded pop (all companies) 28
Phione,Legendary Treasures,36/113,2013,Rare,no_psa10_ever,0a36dd6a-cba5-4c61-a42e-6b5e5d2e1828,alt.xyz graded pop (all companies) 4
Reuniclus,Legendary Treasures,76/113,2013,Rare,no_psa10_ever,a169698c-2998-48d7-a373-9a26961388a9,alt.xyz graded pop (all companies) 9
Seismitoad,Legendary Treasures,42/113,2013,Rare,no_psa10_ever,b22607be-2ed4-4e6b-8952-1fa3e64ee577,alt.xyz graded pop (all companies) 1
Xatu,Legendary Treasures,56/113,2013,Rare,no_psa10_ever,eccd50d7-99e4-4732-9a93-95f03cb338cc,alt.xyz graded pop (all companies) 6
Meloetta,Legendary Treasures - Radiant Collection,RC11/RC25,2013,Rare Ultra,no_psa10_ever,ed870974-9691-4f25-a2e2-aadadab83a3f,alt.xyz graded pop (all companies) 221
Armaldo,Legends Awakened,18/146,2008,Rare,no_psa10_ever,6392715f-22bc-4b42-ad46-123bced29363,"alt.xyz graded pop (all companies) 52,14"
Azelf,Legends Awakened,19/146,2008,Rare,no_psa10_ever,6ed7a200-1597-4a10-9a64-43c83a40cce6,"alt.xyz graded pop (all companies) 43,5"
Crawdaunt,Legends Awakened,22/146,2008,Rare,no_psa10_ever,6d8cd7cb-4142-48aa-af88-9bcaeb0c157f,"alt.xyz graded pop (all companies) 51,12"
Delcatty,Legends Awakened,23/146,2008,Rare,no_psa10_ever,3b7838d6-5517-4bee-9ed4-0facf4a04039,"alt.xyz graded pop (all companies) 52,16"
Heatran,Legends Awakened,30/146,2008,Rare,no_psa10_ever,e882d3c0-edeb-4f8c-b785-1546bde457db,"alt.xyz graded pop (all companies) 46,13"
Lopunny,Legends Awakened,33/146,2008,Rare,no_psa10_ever,b06062ff-2003-4946-ae93-766fc5aec786,"alt.xyz graded pop (all companies) 14,4"
Shedinja,Legends Awakened,40/146,2008,Rare,no_psa10_ever,e8d81a4c-e628-48f6-b1cf-57edf1af1895,"alt.xyz graded pop (all companies) 56,6"
Victreebel,Legends Awakened,44/146,2008,Rare,no_psa10_ever,40dae6fd-4f07-4df8-b64e-593e1cecac08,"alt.xyz graded pop (all companies) 60,14"
Bronzong,Majestic Dawn,16/100,2008,Rare,no_psa10_ever,55dcf7a9-1526-49aa-a072-8e9c4e8c31e7,"alt.xyz graded pop (all companies) 19,10"
Empoleon,Majestic Dawn,17/100,2008,Rare,no_psa10_ever,9cac9d7b-736d-4ff2-9e0e-daa84ea6a34b,"alt.xyz graded pop (all companies) 44,18"
Hippowdon,Majestic Dawn,21/100,2008,Rare,no_psa10_ever,03fa061a-52da-45c9-8136-b8a63bcea544,"alt.xyz graded pop (all companies) 75,41"
Minun,Majestic Dawn,25/100,2008,Rare,no_psa10_ever,d87d1033-0fd0-4b9c-b4e8-e2c2223207e6,"alt.xyz graded pop (all companies) 88,36"
Phione,Majestic Dawn,27/100,2008,Rare,no_psa10_ever,5a6651bd-c41f-404a-9845-4b2dfa6ef6bd,"alt.xyz graded pop (all companies) 69,33"
Plusle,Majestic Dawn,28/100,2008,Rare,no_psa10_ever,85751003-597c-4e64-a5f2-d2d33d5c8bf0,alt.xyz graded pop (all companies) 48
Torterra,Majestic Dawn,30/100,2008,Rare,no_psa10_ever,27a9a694-a94e-40b7-a0e0-524d11aa8e62,"alt.xyz graded pop (all companies) 62,17"
Abomasnow,Mysterious Treasures,19/123,2007,Rare,no_psa10_ever,a216c353-f8e4-4160-8512-520f8a4d5c6a,"alt.xyz graded pop (all companies) 15,8"
Ariados,Mysterious Treasures,20/123,2007,Rare,no_psa10_ever,9650855c-314a-4133-bb48-4015b03196b5,"alt.xyz graded pop (all companies) 38,6"
Bastiodon,Mysterious Treasures,21/123,2007,Rare,no_psa10_ever,88b5d8d0-0d5b-47cf-b3a8-0cd89aef24ac,"alt.xyz graded pop (all companies) 21,12"
Chimecho,Mysterious Treasures,22/123,2007,Rare,no_psa10_ever,e1718012-5bbf-49ce-b6f8-dc298195b181,alt.xyz graded pop (all companies) 36
Glalie,Mysterious Treasures,25/123,2007,Rare,no_psa10_ever,ed70e325-db7d-4f18-a01b-5cf574e5a3f7,"alt.xyz graded pop (all companies) 83,36"
Honchkrow,Mysterious Treasures,10/123,2007,Rare Holo,no_psa10_ever,4a1ec56f-7635-4a57-9851-bdb43629060f,"alt.xyz graded pop (all companies) 26,3"
Kricketune,Mysterious Treasures,27/123,2007,Rare,no_psa10_ever,ddcbd259-fd44-44bd-8687-a079364e654e,alt.xyz graded pop (all companies) 40
Ursaring,Mysterious Treasures,38/123,2007,Rare,no_psa10_ever,0543aad0-d281-4475-8346-56d807b34fff,alt.xyz graded pop (all companies) 49
Whiscash,Mysterious Treasures,40/123,2007,Rare,no_psa10_ever,1da33233-9ed7-423c-ba84-bfe6f5157365,alt.xyz graded pop (all companies) 4
Darmanitan,Next Destinies,60/99,2012,Rare,no_psa10_ever,2c01c67d-3f47-4203-9ab6-80930c50e5f4,alt.xyz graded pop (all companies) 3
Lapras,Next Destinies,25/99,2012,Rare,no_psa10_ever,e1517886-4cbd-4c8b-8bbc-c49124f05e0f,alt.xyz graded pop (all companies) 24
Scrafty,Next Destinies,74/99,2012,Rare Holo,no_psa10_ever,265ce7f4-c19f-41eb-bb19-c9880801a18c,alt.xyz graded pop (all companies) 22
Archeops,Noble Victories,67/101,2011,Rare,no_psa10_ever,7348fb11-4fe7-4a9c-b2da-9e157cb26e95,alt.xyz graded pop (all companies) 2
Cofagrigus,Noble Victories,46/101,2011,Rare,no_psa10_ever,fd29bb02-ccbd-451c-ac01-48d7171de7b0,alt.xyz graded pop (all companies) 2
Gigalith,Noble Victories,61/101,2011,Rare,no_psa10_ever,c4ceb5ad-120d-4aba-95b1-d0066f913a40,alt.xyz graded pop (all companies) 1
Blastoise,POP Series 3,1/17,2006,Rare,no_psa10_ever,651efe62-55d9-4042-a89d-1e79adc0e4e7,alt.xyz graded pop (all companies) 396
Bastiodon,POP Series 6,1/17,2007,Rare,no_psa10_ever,32c7c7d5-0764-4a05-8063-4fe02209b053,alt.xyz graded pop (all companies) 222
Gallade,POP Series 7,2/17,2008,Rare,no_psa10_ever,dfec1a31-8cbf-40bd-8204-631c93990e5d,"alt.xyz graded pop (all companies) 2,1"
Heatran,POP Series 8,1/17,2008,Rare,no_psa10_ever,48d2309c-e368-408b-924c-924d2d4e9dcf,"alt.xyz graded pop (all companies) 41,2,1"
Accelgor,Plasma Blast,8/101,2013,Rare,no_psa10_ever,c59418e8-e738-4456-a6e4-6088efcfe244,"alt.xyz graded pop (all companies) 9,6"
Aggron,Plasma Blast,59/101,2013,Rare,no_psa10_ever,d28a532e-9d82-4195-8ecf-99ca04e67493,alt.xyz graded pop (all companies) 9
Azelf,Plasma Blast,38/101,2013,Rare,no_psa10_ever,a68ba57c-e94d-4931-a2c5-6f19613c4609,alt.xyz graded pop (all companies) 1
Carracosta,Plasma Blast,28/101,2013,Rare,no_psa10_ever,f2b75f74-6178-4f1c-93bd-b76918c8d2a1,alt.xyz graded pop (all companies) 3
Escavalier,Plasma Blast,61/101,2013,Rare,no_psa10_ever,620cca8c-6176-4b8c-ba46-824f3f5f7002,"alt.xyz graded pop (all companies) 15,7"
Masquerain,Plasma Blast,2/101,2013,Rare,no_psa10_ever,0ec78446-c3d9-4e1a-abdf-a36efb07c55a,alt.xyz graded pop (all companies) 22
Reuniclus,Plasma Blast,44/101,2013,Rare,no_psa10_ever,8ab323ad-17a7-4f13-a69a-8e7303b5dd52,alt.xyz graded pop (all companies) 3
Beedrill,Plasma Freeze,3/116,2013,Rare,no_psa10_ever,7ea99b6d-1a1e-4bff-9387-1bb2c1e76b5b,alt.xyz graded pop (all companies) 7
Bisharp,Plasma Freeze,73/116,2013,Rare,no_psa10_ever,ab117fe2-c88e-4a0b-b50f-7a20d5f3ba69,alt.xyz graded pop (all companies) 5
Cofagrigus,Plasma Freeze,57/116,2013,Rare,no_psa10_ever,8e94d139-bf7d-46ae-9d08-c1d00e65a2f4,alt.xyz graded pop (all companies) 10
Electrode,Plasma Freeze,33/116,2013,Rare Holo,no_psa10_ever,f42779bf-1edb-485c-9b11-73e6ef65da27,alt.xyz graded pop (all companies) 27
Exeggutor,Plasma Freeze,5/116,2013,Rare,no_psa10_ever,7470d0b3-ff9b-4fba-aa6c-29097309bdd8,alt.xyz graded pop (all companies) 3
Krookodile,Plasma Freeze,70/116,2013,Rare,no_psa10_ever,e34c4083-fd72-4cd1-952a-654d07e2b9af,alt.xyz graded pop (all companies) 9
Muk,Plasma Freeze,46/116,2013,Rare,no_psa10_ever,f6a4dfcb-b41e-43ea-b24d-4a36889e08b5,alt.xyz graded pop (all companies) 20
Nidoking,Plasma Freeze,58/116,2013,Rare,no_psa10_ever,1bbd62f9-5316-46d2-94ea-d9742a784357,alt.xyz graded pop (all companies) 8
Nidoqueen,Plasma Freeze,42/116,2013,Rare,no_psa10_ever,8f5104b6-5e30-4c19-a6db-14a1240e095c,alt.xyz graded pop (all companies) 8
Quagsire,Plasma Freeze,22/116,2013,Rare,no_psa10_ever,29b182e4-8b16-45a7-b579-72e2afcdd89e,alt.xyz graded pop (all companies) 3
Raticate,Plasma Freeze,88/116,2013,Rare,no_psa10_ever,f3665c28-79ba-475b-9bc9-5236dad583da,alt.xyz graded pop (all companies) 9
Sableye,Plasma Freeze,49/116,2013,Rare,no_psa10_ever,a9de4e5b-82e8-4e6b-bef0-af356807884b,alt.xyz graded pop (all companies) 10
Seismitoad,Plasma Freeze,26/116,2013,Rare,no_psa10_ever,1343247e-e743-4dce-a4ee-b9e53aaa9d08,"alt.xyz graded pop (all companies) 24,10"
Staraptor,Plasma Freeze,97/116,2013,Rare,no_psa10_ever,474987c7-bcb7-4ba2-808a-5c89e3e6ceb6,alt.xyz graded pop (all companies) 3
Vanilluxe,Plasma Freeze,29/116,2013,Rare,no_psa10_ever,0b5b6f1d-8f37-44d2-bb7c-0da64df71029,alt.xyz graded pop (all companies) 8
Weavile,Plasma Freeze,66/116,2013,Rare,no_psa10_ever,5eefd108-5bd1-4c75-827b-40af40ddcd70,alt.xyz graded pop (all companies) 7
Beartic,Plasma Storm,41/135,2013,Rare,no_psa10_ever,aa37b366-c52e-4fea-98c1-b5d8354f4b16,alt.xyz graded pop (all companies) 7
Bouffalant,Plasma Storm,114/135,2013,Rare,no_psa10_ever,b3fe9f00-a03b-41fb-bd89-9b23509d6dc9,"alt.xyz graded pop (all companies) 8,4"
Braviary,Plasma Storm,116/135,2013,Rare,no_psa10_ever,8ab83620-ecb9-4f14-a25b-452987276d65,alt.xyz graded pop (all companies) 11
Cherrim,Plasma Storm,7/135,2013,Rare,no_psa10_ever,4b590730-ca6c-41b4-9305-1c5e4def2cd7,alt.xyz graded pop (all companies) 5
Clefable,Plasma Storm,98/135,2013,Rare,no_psa10_ever,8c93192c-5b66-4d48-8218-b7fd1fb85c06,"alt.xyz graded pop (all companies) 8,6"
Dodrio,Plasma Storm,100/135,2013,Rare,no_psa10_ever,66258273-f9cc-4bfc-bb15-133212083bc7,"alt.xyz graded pop (all companies) 8,3"
Druddigon,Plasma Storm,94/135,2013,Rare,no_psa10_ever,68acb6a0-4017-4ae8-9cf4-0a7d213fa97e,"alt.xyz graded pop (all companies) 9,3"
Exploud,Plasma Storm,107/135,2013,Rare,no_psa10_ever,f07888dd-9725-466c-a5e4-10add84bf468,alt.xyz graded pop (all companies) 5
Garbodor,Plasma Storm,67/135,2013,Rare,no_psa10_ever,33154a24-1aeb-499e-a790-d6bd52d950ff,"alt.xyz graded pop (all companies) 10,8"
Jellicent,Plasma Storm,39/135,2013,Rare,no_psa10_ever,49b39821-603c-45d6-836c-3208a70de9da,"alt.xyz graded pop (all companies) 9,8"
Klinklang,Plasma Storm,90/135,2013,Rare Holo,no_psa10_ever,8eec66d6-3979-460d-a7f7-8e853c4fd8ee,alt.xyz graded pop (all companies) 9
Leavanny,Plasma Storm,10/135,2013,Rare,no_psa10_ever,2c8aa1aa-83ae-4554-b6a5-7adde2050b94,alt.xyz graded pop (all companies) 6
Ludicolo,Plasma Storm,31/135,2013,Rare,no_psa10_ever,31d084b6-9a27-4946-b0a2-f9257d8ef209,"alt.xyz graded pop (all companies) 5,2"
Magnezone,Plasma Storm,47/135,2013,Rare,no_psa10_ever,9efd48c2-216f-4d1e-9748-05f420eec759,"alt.xyz graded pop (all companies) 6,5"
Mamoswine,Plasma Storm,28/135,2013,Rare,no_psa10_ever,0f9ca69b-cbb3-4040-84d7-48a19dcba477,alt.xyz graded pop (all companies) 6
Scrafty,Plasma Storm,86/135,2013,Rare,no_psa10_ever,c37dc596-11f1-4d13-8ae3-724616c54e91,"alt.xyz graded pop (all companies) 9,8"
Skarmory,Plasma Storm,87/135,2013,Rare,no_psa10_ever,92c656f1-b8e4-497f-9df4-7ddf88f3e654,"alt.xyz graded pop (all companies) 28,7"
Vanilluxe,Plasma Storm,37/135,2013,Rare,no_psa10_ever,2ed46c6c-e8e2-4819-be25-e952f211945a,alt.xyz graded pop (all companies) 7
Vespiquen,Plasma Storm,5/135,2013,Rare,no_psa10_ever,b47ea52f-55ce-4514-aebb-6af5e60ace99,"alt.xyz graded pop (all companies) 4,4"
Altaria,Platinum,18/127,2009,Rare,no_psa10_ever,9d42a0e0-7856-42f8-9add-cb07c3f185cb,alt.xyz graded pop (all companies) 30
Banette,Platinum,19/127,2009,Rare,no_psa10_ever,8b164795-bfdf-499e-a851-789bfbd02e60,alt.xyz graded pop (all companies) 28
Bastiodon,Platinum,20/127,2009,Rare,no_psa10_ever,20ca46de-9e37-459f-a4a0-6902db13ea66,alt.xyz graded pop (all companies) 7
Blissey,Platinum,22/127,2009,Rare,no_psa10_ever,ec3aed6c-f326-4627-ab9b-46ce07dc8872,"alt.xyz graded pop (all companies) 30,9"
Dugtrio,Platinum,24/127,2009,Rare,no_psa10_ever,0894a1fa-b5ea-478e-8148-49342fa7f359,"alt.xyz graded pop (all companies) 31,13"
Dustox,Platinum,25/127,2009,Rare,no_psa10_ever,67222dd4-955b-4466-9428-1266374179ff,"alt.xyz graded pop (all companies) 41,10"
Empoleon,Platinum,26/127,2009,Rare,no_psa10_ever,6d4c14dc-d5fb-4c8d-adb8-c522298fdcd9,"alt.xyz graded pop (all companies) 25,18"
Infernape,Platinum,31/127,2009,Rare,no_psa10_ever,e0ba6d7f-0c09-47dc-a58e-2ba53c193283,alt.xyz graded pop (all companies) 78
Kricketune,Platinum,32/127,2009,Rare,no_psa10_ever,9f2c1703-3e08-43b6-9380-e0b98e7afd38,"alt.xyz graded pop (all companies) 27,9"
Lickilicky,Platinum,33/127,2009,Rare,no_psa10_ever,6c16bbc7-3ed3-4d23-84e5-1d882586ec03,"alt.xyz graded pop (all companies) 40,12,10"
Ludicolo,Platinum,34/127,2009,Rare,no_psa10_ever,e5d5cad6-20dd-462b-8fa1-9cef4753c5e6,"alt.xyz graded pop (all companies) 36,12"
Luvdisc,Platinum,35/127,2009,Rare,no_psa10_ever,6c9884f9-5842-4567-91a0-a3474abf85d6,alt.xyz graded pop (all companies) 7
Slaking,Platinum,16/127,2009,Rare Holo,no_psa10_ever,b2652995-c17e-45bc-873f-d3cb20806dff,"alt.xyz graded pop (all companies) 52,34"
Swablu,Platinum,SH5,2009,Rare Holo,no_psa10_ever,230cb2fc-ac55-4532-9ea2-565669c41747,alt.xyz graded pop (all companies) 96
Golem,Platinum: Arceus,19/99,2009,Rare,no_psa10_ever,3406d1ef-cd9e-445b-82bf-1a6f94f65084,alt.xyz graded pop (all companies) 11
Hariyama,Platinum: Arceus,20/99,2009,Rare,no_psa10_ever,a1069e7c-b1af-4da3-8d20-0f3c3f4a0cc4,"alt.xyz graded pop (all companies) 11,8"
Pelipper,Platinum: Arceus,24/99,2009,Rare,no_psa10_ever,7724b0f3-6ec7-412d-a0d4-b08ca94ee8cf,"alt.xyz graded pop (all companies) 5,5"
Rapidash,Platinum: Arceus,28/99,2009,Rare,no_psa10_ever,4d3e950a-7922-4349-adaf-6c530b9b5314,"alt.xyz graded pop (all companies) 33,2"
Aggron,Rising Rivals,14/111,2009,Rare,no_psa10_ever,db070c92-bdee-4b73-a7cd-0e87e8aac133,alt.xyz graded pop (all companies) 14
Beedrill,Rising Rivals,15/111,2009,Rare,no_psa10_ever,a017fa19-e5b2-4dea-bdec-66f8b6ad72a7,alt.xyz graded pop (all companies) 23
Drapion,Rising Rivals,17/111,2009,Rare,no_psa10_ever,09cf47d3-2ccf-46ab-b65a-96f60b9ce5a8,alt.xyz graded pop (all companies) 11
Gastrodon,Rising Rivals,21/111,2009,Rare,no_psa10_ever,bbefcfd0-29f9-444e-a7e6-490c37b4ba7a,alt.xyz graded pop (all companies) 4
Gastrodon,Rising Rivals,22/111,2009,Rare,no_psa10_ever,a15ba4c5-7171-47d6-9ec1-49d863ddc737,alt.xyz graded pop (all companies) 4
Golem,Rising Rivals,23/111,2009,Rare,no_psa10_ever,7e57d545-e806-4560-9e5b-90806ceed7af,"alt.xyz graded pop (all companies) 20,10"
Hippowdon,Rising Rivals,25/111,2009,Rare,no_psa10_ever,9568a4bf-be52-4905-b8b1-515eee2e7155,"alt.xyz graded pop (all companies) 10,5"
Mamoswine,Rising Rivals,27/111,2009,Rare,no_psa10_ever,8757559b-1dba-423a-a271-f6b7f8ecbb87,alt.xyz graded pop (all companies) 16
Mr. Mime,Rising Rivals,28/111,2009,Rare,no_psa10_ever,cd3424a5-279f-4710-9596-3c550d3b2262,alt.xyz graded pop (all companies) 29
Banette,Secret Wonders,23/132,2007,Rare,no_psa10_ever,8e6cf2b0-669d-402a-9e6a-605da78e5bdd,alt.xyz graded pop (all companies) 31
Dugtrio,Secret Wonders,24/132,2007,Rare,no_psa10_ever,a7dc04b9-0a49-4b0e-bd21-f6e2f6dc5037,alt.xyz graded pop (all companies) 41
Furret,Secret Wonders,27/132,2007,Rare,no_psa10_ever,95f95624-d33c-4b28-bafd-83600f39534a,alt.xyz graded pop (all companies) 24
Golduck,Secret Wonders,28/132,2007,Rare,no_psa10_ever,09d8f3b0-b908-439b-b028-db1ddb24769b,"alt.xyz graded pop (all companies) 49,6"
Golem,Secret Wonders,29/132,2007,Rare,no_psa10_ever,a05c1e04-e8a0-427c-88d3-a3f78d6c7fe8,alt.xyz graded pop (all companies) 22
Mothim,Secret Wonders,33/132,2007,Rare,no_psa10_ever,6d10be41-b31f-4822-9e17-faac7d406004,alt.xyz graded pop (all companies) 17
Plusle,Secret Wonders,36/132,2007,Rare,no_psa10_ever,3711d00e-d325-40ac-bc4a-157de91eb5ae,"alt.xyz graded pop (all companies) 41,17"
Sunflora,Secret Wonders,38/132,2007,Rare,no_psa10_ever,89f7a33e-1e84-4e20-b374-a35c78921c77,"alt.xyz graded pop (all companies) 45,16"
Unown,Secret Wonders,39/132,2007,Rare,no_psa10_ever,1537fd16-3592-4c93-9830-62c839c46567,"alt.xyz graded pop (all companies) 24,5"
Weavile,Secret Wonders,40/132,2007,Rare,no_psa10_ever,01a2ff4f-06fd-437e-a90c-c1e396779da0,alt.xyz graded pop (all companies) 16
Wormadam,Secret Wonders,41/132,2007,Rare,no_psa10_ever,7036773f-d175-481d-ac5c-ea0a4499aff6,alt.xyz graded pop (all companies) 27
Wormadam,Secret Wonders,42/132,2007,Rare,no_psa10_ever,b1647be7-b73b-460e-8326-5f1e739ed01c,alt.xyz graded pop (all companies) 27
Wormadam,Secret Wonders,43/132,2007,Rare,no_psa10_ever,b10bde1f-ca47-4881-b8e4-d98b6c2bf0da,alt.xyz graded pop (all companies) 32
Xatu,Secret Wonders,44/132,2007,Rare,no_psa10_ever,d4b5d701-6a20-4792-a361-e9467075944e,alt.xyz graded pop (all companies) 26
Bronzong,Stormfront,13/100,2008,Rare,no_psa10_ever,8a897857-9e9a-4e52-93b8-973fbd799799,alt.xyz graded pop (all companies) 26
Cherrim,Stormfront,14/100,2008,Rare,no_psa10_ever,569b31c2-7f6e-4239-88ca-64f8b7afbdc9,alt.xyz graded pop (all companies) 27
Drapion,Stormfront,15/100,2008,Rare,no_psa10_ever,9b2e03d6-34f6-4a0b-8bfc-efa6e5cc72b3,alt.xyz graded pop (all companies) 25
Dusknoir,Stormfront,17/100,2008,Rare,no_psa10_ever,b91a3494-cd3e-4653-ae1c-6efde4555113,alt.xyz graded pop (all companies) 35
Machamp,Stormfront,20/100,2008,Rare,no_psa10_ever,1713c7bf-6d61-48c7-8f45-786baa0b430f,alt.xyz graded pop (all companies) 53
Mamoswine,Stormfront,21/100,2008,Rare,no_psa10_ever,18e92eb8-7073-4360-9f00-4fe98d624934,alt.xyz graded pop (all companies) 41
Rapidash,Stormfront,22/100,2008,Rare,no_psa10_ever,ec30c8e2-ee0e-42f9-b13c-dd43faca8f1b,alt.xyz graded pop (all companies) 17
Staraptor,Stormfront,27/100,2008,Rare,no_psa10_ever,8a030f67-0825-4d5d-a92b-7cc019ca721e,alt.xyz graded pop (all companies) 31
Vespiquen,Stormfront,31/100,2008,Rare,no_psa10_ever,408167c0-e4df-4a89-88e6-ae0cb1f14c96,alt.xyz graded pop (all companies) 33
Camerupt,Supreme Victors,18/147,2009,Rare,no_psa10_ever,de7bc56f-3dfa-41ce-a855-a17d3373eb55,"alt.xyz graded pop (all companies) 22,7"
Chimecho,Supreme Victors,21/147,2009,Rare,no_psa10_ever,e32f0bfa-fb4f-4e58-a22f-1d9243751694,alt.xyz graded pop (all companies) 18
Claydol,Supreme Victors,22/147,2009,Rare,no_psa10_ever,00b4bceb-db2d-4823-9ab0-352d147c0328,"alt.xyz graded pop (all companies) 9,7"
Crawdaunt,Supreme Victors,23/147,2009,Rare,no_psa10_ever,5bfdfe16-4074-4db5-ac1d-afce3cc95a78,"alt.xyz graded pop (all companies) 33,13"
Dewgong,Supreme Victors,24/147,2009,Rare,no_psa10_ever,0bf40851-3426-427a-bd2a-056b80a71fa6,"alt.xyz graded pop (all companies) 16,9"
Dodrio,Supreme Victors,25/147,2009,Rare,no_psa10_ever,9c37f9d1-313f-4dc4-a086-797c23b1b09d,alt.xyz graded pop (all companies) 22
Exploud,Supreme Victors,28/147,2009,Rare,no_psa10_ever,36fd0e24-ad20-4623-ba28-d4637dda8459,alt.xyz graded pop (all companies) 11
Lickilicky,Supreme Victors,30/147,2009,Rare,no_psa10_ever,2743dbe9-9a20-43cd-9b35-754a37c817d0,alt.xyz graded pop (all companies) 1
Lucario,Supreme Victors,31/147,2009,Rare,no_psa10_ever,8a687ff6-5c05-469d-9b1c-1b35fd1bb56c,"alt.xyz graded pop (all companies) 85,18"
Lunatone,Supreme Victors,32/147,2009,Rare,no_psa10_ever,f50db4bb-260d-4512-9a0d-70dd6c1fd0b0,alt.xyz graded pop (all companies) 21
Mawile,Supreme Victors,33/147,2009,Rare,no_psa10_ever,23bfc8d1-0630-44ec-b69e-7ecd61ed3766,alt.xyz graded pop (all companies) 11
Medicham,Supreme Victors,34/147,2009,Rare,no_psa10_ever,408d6b15-f079-4728-8d5c-fb6b00314cbf,alt.xyz graded pop (all companies) 28
Mr. Mime,Supreme Victors,37/147,2009,Rare,no_psa10_ever,5a934410-5ffa-46d6-8908-611f7cae4b48,"alt.xyz graded pop (all companies) 9,2"
Primeape,Supreme Victors,39/147,2009,Rare,no_psa10_ever,d501e54c-5b2d-4447-90c8-534e22714050,alt.xyz graded pop (all companies) 11
Sandslash,Supreme Victors,42/147,2009,Rare,no_psa10_ever,373c85fe-d394-4fb3-9227-09e8dce0aa51,"alt.xyz graded pop (all companies) 17,6"
Seaking,Supreme Victors,43/147,2009,Rare,no_psa10_ever,9c410f2c-cb51-45a4-aaf7-ec880822fded,"alt.xyz graded pop (all companies) 27,10"
Shedinja,Supreme Victors,44/147,2009,Rare,no_psa10_ever,29cd2c2c-5b34-4ea5-91ab-945b68c5cfb3,alt.xyz graded pop (all companies) 11
Solrock,Supreme Victors,45/147,2009,Rare,no_psa10_ever,f5df9654-fe08-46f2-ab8c-b6804be57303,alt.xyz graded pop (all companies) 6
Electivire,Triumphant,20/102,2010,Rare,no_psa10_ever,3d0acc96-f032-4dcd-8ff2-19c16116fb4d,"alt.xyz graded pop (all companies) 17,16"
Kricketune,Triumphant,24/102,2010,Rare,no_psa10_ever,9469751b-50d3-4160-a4a7-9ae47a4ed73a,alt.xyz graded pop (all companies) 10
Magmortar,Triumphant,27/102,2010,Rare,no_psa10_ever,c70d8464-788f-4dc9-a454-2fe348ddb023,alt.xyz graded pop (all companies) 28
Nidoqueen,Triumphant,28/102,2010,Rare,no_psa10_ever,a40ce32d-e1ab-4800-a5f3-d6723ea3d318,alt.xyz graded pop (all companies) 14
Pidgeot,Triumphant,29/102,2010,Rare,no_psa10_ever,cfb9728c-3874-4517-8789-aabd6dcef63d,alt.xyz graded pop (all companies) 10
Sharpedo,Triumphant,30/102,2010,Rare,no_psa10_ever,be82a485-a6fd-4d79-930f-3dfce990d1e7,"alt.xyz graded pop (all companies) 18,13"
Wailord,Triumphant,31/102,2010,Rare,no_psa10_ever,819c25c4-9bca-41cb-ae2b-2c6b25b35250,alt.xyz graded pop (all companies) 25
Yanmega,Triumphant,98/102,2010,Rare Prime,no_psa10_ever,4186724e-bd55-4750-a21e-7fdc2ac56384,alt.xyz graded pop (all companies) 200
Dodrio,Undaunted,11/90,2010,Rare,no_psa10_ever,3574187b-b23a-4a7b-8ba9-2a6ffb36893c,alt.xyz graded pop (all companies) 10
Forretress,Undaunted,13/90,2010,Rare,no_psa10_ever,7a7905b7-95c1-4842-be31-67393bbcba6f,alt.xyz graded pop (all companies) 11
Honchkrow,Undaunted,15/90,2010,Rare,no_psa10_ever,e90de2e0-5f1e-4071-b5f8-228156945e15,alt.xyz graded pop (all companies) 9
Magcargo,Undaunted,6/90,2010,Rare Holo,no_psa10_ever,67ec03b6-90da-419c-8555-6ef5a2b6d758,alt.xyz graded pop (all companies) 64
Mismagius,Undaunted,19/90,2010,Rare,no_psa10_ever,bb11681d-beb7-4609-ab12-3611d5c2b0fd,"alt.xyz graded pop (all companies) 12,11"
Rotom,Undaunted,20/90,2010,Rare,no_psa10_ever,8a84070b-0d13-4a94-ab93-e6f0e6e5206b,alt.xyz graded pop (all companies) 18
Beedrill,Unleashed,12/95,2010,Rare,no_psa10_ever,25cf0323-1293-4786-9c41-fffbd409f444,alt.xyz graded pop (all companies) 12
Fearow,Unleashed,15/95,2010,Rare,no_psa10_ever,c90a042f-3f7f-4ee2-847c-b76bce55ed37,alt.xyz graded pop (all companies) 13
Floatzel,Unleashed,16/95,2010,Rare,no_psa10_ever,125b87d8-949d-4182-b186-ed0ebdc3055f,"alt.xyz graded pop (all companies) 11,2"
Poliwrath,Unleashed,21/95,2010,Rare,no_psa10_ever,6b962aa7-620e-43fc-9125-6fdc2098bcc4,"alt.xyz graded pop (all companies) 13,8"
Primeape,Unleashed,22/95,2010,Rare,no_psa10_ever,1dcb8f31-fe81-4b94-b007-e9079d73fbca,alt.xyz graded pop (all companies) 24
Ursaring,Unleashed,27/95,2010,Rare,no_psa10_ever,4b605988-8bad-4293-8f5d-dbd4072bda31,alt.xyz graded pop (all companies) 8
Axew,BW Black Star Promos,BW16,2011-2013,Promo,not_on_alt_xyz,,
Black Kyurem,BW Black Star Promos,BW58,2011-2013,Promo,not_on_alt_xyz,,
Darumaka,BW Black Star Promos,BW18,2011-2013,Promo,not_on_alt_xyz,,
Drifblim,BW Black Star Promos,BW64,2011-2013,Promo,not_on_alt_xyz,,
Druddigon,BW Black Star Promos,BW80,2011-2013,Promo,not_on_alt_xyz,,
Ducklett,BW Black Star Promos,BW17,2011-2013,Promo,not_on_alt_xyz,,
Electrode,BW Black Star Promos,BW76,2011-2013,Promo,not_on_alt_xyz,,
Elgyem,BW Black Star Promos,BW55,2011-2013,Promo,not_on_alt_xyz,,
Emboar,BW Black Star Promos,BW21,2011-2013,Promo,not_on_alt_xyz,,
Flygon,BW Black Star Promos,BW53,2011-2013,Promo,not_on_alt_xyz,,
Genesect,BW Black Star Promos,BW99,2011-2013,Promo,not_on_alt_xyz,,
Lilligant,BW Black Star Promos,BW49,2011-2013,Promo,not_on_alt_xyz,,
Litwick,BW Black Star Promos,BW27,2011-2013,Promo,not_on_alt_xyz,,
Meloetta,BW Black Star Promos,BW68,2011-2013,Promo,not_on_alt_xyz,,
Meloetta,BW Black Star Promos,BW69,2011-2013,Promo,not_on_alt_xyz,,
Oshawott,BW Black Star Promos,BW03,2011-2013,Promo,not_on_alt_xyz,,
Oshawott,BW Black Star Promos,BW08,2011-2013,Promo,not_on_alt_xyz,,
Pansage,BW Black Star Promos,BW11,2011-2013,Promo,not_on_alt_xyz,,
Pansage,BW Black Star Promos,BW14,2011-2013,Promo,not_on_alt_xyz,,
Pidove,BW Black Star Promos,BW15,2011-2013,Promo,not_on_alt_xyz,,
Reshiram,BW Black Star Promos,BW04,2011-2013,Promo,not_on_alt_xyz,,
Riolu,BW Black Star Promos,BW33,2011-2013,Promo,not_on_alt_xyz,,
Samurott,BW Black Star Promos,BW22,2011-2013,Promo,not_on_alt_xyz,,
Serperior,BW Black Star Promos,BW20,2011-2013,Promo,not_on_alt_xyz,,
Snivy,BW Black Star Promos,BW06,2011-2013,Promo,not_on_alt_xyz,,
Tepig,BW Black Star Promos,BW02,2011-2013,Promo,not_on_alt_xyz,,
Terrakion,BW Black Star Promos,BW71,2011-2013,Promo,not_on_alt_xyz,,
Thundurus,BW Black Star Promos,BW41,2011-2013,Promo,not_on_alt_xyz,,
Tornadus,BW Black Star Promos,BW42,2011-2013,Promo,not_on_alt_xyz,,
Victini,BW Black Star Promos,BW32,2011-2013,Promo,not_on_alt_xyz,,
White Kyurem,BW Black Star Promos,BW59,2011-2013,Promo,not_on_alt_xyz,,
Zekrom,BW Black Star Promos,BW05,2011-2013,Promo,not_on_alt_xyz,,
Zorua,BW Black Star Promos,BW12,2011-2013,Promo,not_on_alt_xyz,,
Hitmonchan,Best of Promos,9,2002-2003,Promo,not_on_alt_xyz,,
Scolipede,Black & White,54/114,2011,Rare,not_on_alt_xyz,,
Audino,Boundaries Crossed,126/149,2012,Rare,not_on_alt_xyz,,
Swoobat,Boundaries Crossed,71/149,2012,Rare,not_on_alt_xyz,,
Toxicroak,Boundaries Crossed,66/149,2012,Rare,not_on_alt_xyz,,
Unfezant,Boundaries Crossed,125/149,2012,Rare,not_on_alt_xyz,,
Whimsicott,Boundaries Crossed,15/149,2012,Rare,not_on_alt_xyz,,
Tyrogue,Call of Legends,36/95,2011,Rare,not_on_alt_xyz,,
Bisharp,Dark Explorers,79/108,2012,Rare,not_on_alt_xyz,,
Escavalier,Dark Explorers,74/108,2012,Rare,not_on_alt_xyz,,
Galvantula,Dark Explorers,43/108,2012,Rare,not_on_alt_xyz,,
Heatmor,Dark Explorers,19/108,2012,Rare,not_on_alt_xyz,,
Slowking,Dark Explorers,49/108,2012,Rare,not_on_alt_xyz,,
Swanna,Dark Explorers,36/108,2012,Rare,not_on_alt_xyz,,
Tornadus,Dark Explorers,90/108,2012,Rare Holo ex,not_on_alt_xyz,,
Purugly,Diamond & Pearl,36/130,2007,Rare,not_on_alt_xyz,,
Vespiquen,Diamond & Pearl,39/130,2007,Rare,not_on_alt_xyz,,
Wobbuffet,Diamond & Pearl,41/130,2007,Rare,not_on_alt_xyz,,
Buneary,Diamond & Pearl Black Star Promos,DP06,2007-2009,Promo,not_on_alt_xyz,,
Chatot,Diamond & Pearl Black Star Promos,DP14,2007-2009,Promo,not_on_alt_xyz,,
Porygon-Z,Diamond & Pearl Black Star Promos,DP35,2007-2009,Promo,not_on_alt_xyz,,
Regigigas,Diamond & Pearl Black Star Promos,DP40,2007-2009,Promo,not_on_alt_xyz,,
Toxicroak,Diamond & Pearl Black Star Promos,DP41,2007-2009,Promo,not_on_alt_xyz,,
Unown,EX Unseen Forces,A/28,2005,Rare Holo,not_on_alt_xyz,,
Unown,EX Unseen Forces,M/28,2005,Rare Holo,not_on_alt_xyz,,
Unown,EX Unseen Forces,U/28,2005,Rare Holo,not_on_alt_xyz,,
Unown,EX Unseen Forces,Y/28,2005,Rare Holo,not_on_alt_xyz,,
Unown,EX Unseen Forces,!/28,2005,Rare Holo,not_on_alt_xyz,,
Beartic,Emerging Powers,31/98,2011,Rare,not_on_alt_xyz,,
Braviary,Emerging Powers,88/98,2011,Rare Holo,not_on_alt_xyz,,
Darmanitan,Emerging Powers,21/98,2011,Rare,not_on_alt_xyz,,
Ferrothorn,Emerging Powers,72/98,2011,Rare,not_on_alt_xyz,,
Gothitelle,Emerging Powers,48/98,2011,Rare,not_on_alt_xyz,,
Leavanny,Emerging Powers,8/98,2011,Rare,not_on_alt_xyz,,
Liepard,Emerging Powers,65/98,2011,Rare,not_on_alt_xyz,,
Mandibuzz,Emerging Powers,69/98,2011,Rare,not_on_alt_xyz,,
Scolipede,Emerging Powers,40/98,2011,Rare,not_on_alt_xyz,,
Simipour,Emerging Powers,23/98,2011,Rare,not_on_alt_xyz,,
Simisear,Emerging Powers,19/98,2011,Rare,not_on_alt_xyz,,
Swanna,Emerging Powers,27/98,2011,Rare,not_on_alt_xyz,,
Whimsicott,Emerging Powers,12/98,2011,Rare,not_on_alt_xyz,,
Beedrill,Great Encounters,13/106,2008,Rare,not_on_alt_xyz,,
Exeggutor,HeartGold & SoulSilver,18/123,2010,Rare,not_on_alt_xyz,,
Farfetch'd,HeartGold & SoulSilver,19/123,2010,Rare,not_on_alt_xyz,,
Furret,HeartGold & SoulSilver,21/123,2010,Rare,not_on_alt_xyz,,
Granbull,HeartGold & SoulSilver,22/123,2010,Rare,not_on_alt_xyz,,
Ho-Oh,HeartGold & SoulSilver,111/123,2010,Rare Holo LEGEND,not_on_alt_xyz,,
Lapras,HeartGold & SoulSilver,24/123,2010,Rare,not_on_alt_xyz,,
Ledian,HeartGold & SoulSilver,25/123,2010,Rare,not_on_alt_xyz,,
Quagsire,HeartGold & SoulSilver,9/123,2010,Rare Holo,not_on_alt_xyz,,
Sunflora,HeartGold & SoulSilver,31/123,2010,Rare,not_on_alt_xyz,,
Feraligatr,HeartGold & SoulSilver Black Star Promos,HGSS07,2010-2011,Promo,not_on_alt_xyz,,
Hitmonchan,HeartGold & SoulSilver Black Star Promos,HGSS24,2010-2011,Promo,not_on_alt_xyz,,
Hitmonlee,HeartGold & SoulSilver Black Star Promos,HGSS25,2010-2011,Promo,not_on_alt_xyz,,
Hoothoot,HeartGold & SoulSilver Black Star Promos,HGSS05,2010-2011,Promo,not_on_alt_xyz,,
Minun,HeartGold & SoulSilver Black Star Promos,HGSS17,2010-2011,Promo,not_on_alt_xyz,,
Shuckle,HeartGold & SoulSilver Black Star Promos,HGSS15,2010-2011,Promo,not_on_alt_xyz,,
Typhlosion,HeartGold & SoulSilver Black Star Promos,HGSS09,2010-2011,Promo,not_on_alt_xyz,,
Wobbuffet,HeartGold & SoulSilver Black Star Promos,HGSS04,2010-2011,Promo,not_on_alt_xyz,,
Leavanny,Legendary Treasures,12/113,2013,Rare Holo,not_on_alt_xyz,,
Toxicroak,Legendary Treasures,63/113,2013,Rare,not_on_alt_xyz,,
Omastar,Majestic Dawn,26/100,2008,Rare,not_on_alt_xyz,,
Manectric,Mysterious Treasures,28/123,2007,Rare,not_on_alt_xyz,,
Mantine,Mysterious Treasures,29/123,2007,Rare,not_on_alt_xyz,,
Unown,Mysterious Treasures,37/123,2007,Rare,not_on_alt_xyz,,
Amoonguss,Next Destinies,9/99,2012,Rare,not_on_alt_xyz,,
Beartic,Next Destinies,37/99,2012,Rare,not_on_alt_xyz,,
Beheeyem,Next Destinies,62/99,2012,Rare,not_on_alt_xyz,,
Bronzong,Next Destinies,76/99,2012,Rare,not_on_alt_xyz,,
Jellicent,Next Destinies,35/99,2012,Rare,not_on_alt_xyz,,
Kyurem,Next Destinies,38/99,2012,Rare Holo ex,not_on_alt_xyz,,
Muk,Next Destinies,53/99,2012,Rare,not_on_alt_xyz,,
Musharna,Next Destinies,59/99,2012,Rare,not_on_alt_xyz,,
Shiftry,Next Destinies,72/99,2012,Rare,not_on_alt_xyz,,
Simipour,Next Destinies,29/99,2012,Rare,not_on_alt_xyz,,
Simisear,Next Destinies,16/99,2012,Rare,not_on_alt_xyz,,
Wigglytuff,Next Destinies,79/99,2012,Rare,not_on_alt_xyz,,
Zebstrika,Next Destinies,48/99,2012,Rare,not_on_alt_xyz,,
Accelgor,Noble Victories,12/101,2011,Rare,not_on_alt_xyz,,
Beheeyem,Noble Victories,56/101,2011,Rare,not_on_alt_xyz,,
Carracosta,Noble Victories,26/101,2011,Rare,not_on_alt_xyz,,
Chandelure,Noble Victories,60/101,2011,Rare,not_on_alt_xyz,,
Cofagrigus,Noble Victories,47/101,2011,Rare,not_on_alt_xyz,,
Conkeldurr,Noble Victories,65/101,2011,Rare,not_on_alt_xyz,,
Cryogonal,Noble Victories,33/101,2011,Rare,not_on_alt_xyz,,
Druddigon,Noble Victories,89/101,2011,Rare,not_on_alt_xyz,,
Escavalier,Noble Victories,80/101,2011,Rare,not_on_alt_xyz,,
Golurk,Noble Victories,72/101,2011,Rare,not_on_alt_xyz,,
Reuniclus,Noble Victories,52/101,2011,Rare,not_on_alt_xyz,,
Reuniclus,Noble Victories,53/101,2011,Rare,not_on_alt_xyz,,
Seismitoad,Noble Victories,24/101,2011,Rare,not_on_alt_xyz,,
Zebstrika,Noble Victories,36/101,2011,Rare,not_on_alt_xyz,,
Ho-Oh,POP Series 3,17/17,2006,Rare Holo ex,not_on_alt_xyz,,
Minun,POP Series 3,4/17,2006,Rare,not_on_alt_xyz,,
Plusle,POP Series 3,5/17,2006,Rare,not_on_alt_xyz,,
Mew,POP Series 4,4/17,2006,Rare,not_on_alt_xyz,,
Pachirisu,POP Series 6,4/17,2007,Rare,not_on_alt_xyz,,
Rampardos,POP Series 6,5/17,2007,Rare,not_on_alt_xyz,,
Mothim,POP Series 7,5/17,2008,Rare,not_on_alt_xyz,,
Archeops,Plasma Blast,54/101,2013,Rare Holo,not_on_alt_xyz,,
Cradily,Plasma Blast,4/101,2013,Rare,not_on_alt_xyz,,
Drifblim,Plasma Blast,35/101,2013,Rare,not_on_alt_xyz,,
Froslass,Plasma Blast,23/101,2013,Rare,not_on_alt_xyz,,
Uxie,Plasma Blast,36/101,2013,Rare,not_on_alt_xyz,,
Cacturne,Plasma Freeze,10/116,2013,Rare,not_on_alt_xyz,,
Hariyama,Plasma Freeze,63/116,2013,Rare,not_on_alt_xyz,,
Watchog,Plasma Storm,113/135,2013,Rare,not_on_alt_xyz,,
Glalie,Platinum: Arceus,18/99,2009,Rare,not_on_alt_xyz,,
Lopunny,Platinum: Arceus,21/99,2009,Rare,not_on_alt_xyz,,
Vespiquen,Rising Rivals,35/111,2009,Rare,not_on_alt_xyz,,
Walrein,Rising Rivals,36/111,2009,Rare,not_on_alt_xyz,,
Yanmega,Rising Rivals,37/111,2009,Rare,not_on_alt_xyz,,
Electrode,Secret Wonders,26/132,2007,Rare,not_on_alt_xyz,,
Drifblim,Stormfront,16/100,2008,Rare,not_on_alt_xyz,,
Roserade,Stormfront,23/100,2008,Rare,not_on_alt_xyz,,
Skuntank,Stormfront,26/100,2008,Rare,not_on_alt_xyz,,
Tangrowth,Stormfront,29/100,2008,Rare,not_on_alt_xyz,,
Dusknoir,Supreme Victors,26/147,2009,Rare,not_on_alt_xyz,,
Honchkrow,Supreme Victors,29/147,2009,Rare,not_on_alt_xyz,,
Roserade,Supreme Victors,40/147,2009,Rare,not_on_alt_xyz,,
Carnivine,Triumphant,16/102,2010,Rare,not_on_alt_xyz,,
Darkrai & Cresselia,Triumphant,99/102,2010,Rare Holo LEGEND,not_on_alt_xyz,,
Darkrai & Cresselia,Triumphant,100/102,2010,Rare Holo LEGEND,not_on_alt_xyz,,
Grumpig,Triumphant,23/102,2010,Rare,not_on_alt_xyz,,
Palkia & Dialga,Triumphant,101/102,2010,Rare Holo LEGEND,not_on_alt_xyz,,
Palkia & Dialga,Triumphant,102/102,2010,Rare Holo LEGEND,not_on_alt_xyz,,
Kyogre & Groudon,Undaunted,87/90,2010,Rare Holo LEGEND,not_on_alt_xyz,,
Kyogre & Groudon,Undaunted,88/90,2010,Rare Holo LEGEND,not_on_alt_xyz,,
Rayquaza & Deoxys,Undaunted,89/90,2010,Rare Holo LEGEND,not_on_alt_xyz,,
Rayquaza & Deoxys,Undaunted,90/90,2010,Rare Holo LEGEND,not_on_alt_xyz,,
Tropius,Undaunted,22/90,2010,Rare,not_on_alt_xyz,,
Vespiquen,Undaunted,23/90,2010,Rare,not_on_alt_xyz,,
Weavile,Undaunted,25/90,2010,Rare,not_on_alt_xyz,,
Lanturn,Unleashed,18/95,2010,Rare,not_on_alt_xyz,,
Roserade,Unleashed,23/95,2010,Rare,not_on_alt_xyz,,
Suicune & Entei,Unleashed,94/95,2010,Rare Holo LEGEND,not_on_alt_xyz,,
Suicune & Entei,Unleashed,95/95,2010,Rare Holo LEGEND,not_on_alt_xyz,,
